{"type":"FeatureCollection","features":[{"type":"Feature","properties":{"id_hdad":1,"nombre":"La Borriquita","dia":"domingo-de-ramos"},"geometry":{"type":"LineString","coordinates":[[-5.9931868,37.3900367],[-5.9934667,37.3916005],[-5.9937493,37.3932616],[-5.9945728,37.3937054],[-5.9947526,37.3939161],[-5.995328,37.3943919],[-5.9947324,37.3986896],[-5.9960464,37.3931151],[-5.9953759,37.3927251],[-5.9947885,37.3908748],[-5.9939375,37.3886765],[-5.9936639,37.3834745],[-5.9924671,37.3864962],[-5.9940816,37.3866707],[-5.9932735,37.3895303],[-5.9911938,37.3885932],[-5.9924834,37.3870654],[-5.9927104,37.388333],[-5.9929995,37.3886113],[-5.9932735,37.3895303],[-5.9931868,37.3900367]]}},{"type":"Feature","properties":{"id_hdad":1,"hermandad":"La Borriquita","calle":"Plaza del Salvador","osm":"Plaza del Salvador"},"geometry":{"type":"Point","coordinates":[-5.9931868,37.3900367]}},{"type":"Feature","properties":{"id_hdad":1,"hermandad":"La Borriquita","calle":"Calle Cuna","osm":"Calle Cuna"},"geometry":{"type":"Point","coordinates":[-5.9934667,37.3916005]}},{"type":"Feature","properties":{"id_hdad":1,"hermandad":"La Borriquita","calle":"Calle Orfila","osm":"Calle Orfila"},"geometry":{"type":"Point","coordinates":[-5.9937493,37.3932616]}},{"type":"Feature","properties":{"id_hdad":1,"hermandad":"La Borriquita","calle":"Calle Javier Lasso de la Vega","osm":"Calle Javier Lasso de la Vega"},"geometry":{"type":"Point","coordinates":[-5.9945728,37.3937054]}},{"type":"Feature","properties":{"id_hdad":1,"hermandad":"La Borriquita","calle":"Calle Amor de Dios","osm":"Calle Amor de Dios"},"geometry":{"type":"Point","coordinates":[-5.9947526,37.3939161]}},{"type":"Feature","properties":{"id_hdad":1,"hermandad":"La Borriquita","calle":"Calle San Miguel","osm":"Calle San Miguel"},"geometry":{"type":"Point","coordinates":[-5.995328,37.3943919]}},{"type":"Feature","properties":{"id_hdad":1,"hermandad":"La Borriquita","calle":"Plaza de Jesús del Gran Poder","osm":"Calle Jesús del Gran Poder"},"geometry":{"type":"Point","coordinates":[-5.9947324,37.3986896]}},{"type":"Feature","properties":{"id_hdad":1,"hermandad":"La Borriquita","calle":"Plaza del Duque de la Victoria","osm":"Plaza del Duque de la Victoria"},"geometry":{"type":"Point","coordinates":[-5.9960464,37.3931151]}},{"type":"Feature","properties":{"id_hdad":1,"hermandad":"La Borriquita","calle":"La Campana","osm":"Calle Campana"},"geometry":{"type":"Point","coordinates":[-5.9953759,37.3927251]}},{"type":"Feature","properties":{"id_hdad":1,"hermandad":"La Borriquita","calle":"Calle Sierpes","osm":"Calle Sierpes"},"geometry":{"type":"Point","coordinates":[-5.9947885,37.3908748]}},{"type":"Feature","properties":{"id_hdad":1,"hermandad":"La Borriquita","calle":"Plaza de San Francisco","osm":"Plaza de San Francisco"},"geometry":{"type":"Point","coordinates":[-5.9939375,37.3886765]}},{"type":"Feature","properties":{"id_hdad":1,"hermandad":"La Borriquita","calle":"Avenida de la Constitución","osm":"Avenida de la Constitución"},"geometry":{"type":"Point","coordinates":[-5.9936639,37.3834745]}},{"type":"Feature","properties":{"id_hdad":1,"hermandad":"La Borriquita","calle":"Calle Cardenal Carlos Amigo","osm":"Calle Cardenal Carlos Amigo"},"geometry":{"type":"Point","coordinates":[-5.9924671,37.3864962]}},{"type":"Feature","properties":{"id_hdad":1,"hermandad":"La Borriquita","calle":"Calle Alemanes","osm":"Calle Alemanes"},"geometry":{"type":"Point","coordinates":[-5.9940816,37.3866707]}},{"type":"Feature","properties":{"id_hdad":1,"hermandad":"La Borriquita","calle":"Calle Álvarez Quintero","osm":"Calle Álvarez Quintero"},"geometry":{"type":"Point","coordinates":[-5.9932735,37.3895303]}},{"type":"Feature","properties":{"id_hdad":1,"hermandad":"La Borriquita","calle":"Calle Argote de Molina","osm":"Calle Argote de Molina"},"geometry":{"type":"Point","coordinates":[-5.9911938,37.3885932]}},{"type":"Feature","properties":{"id_hdad":1,"hermandad":"La Borriquita","calle":"Calle Placentines","osm":"Calle Placentines"},"geometry":{"type":"Point","coordinates":[-5.9924834,37.3870654]}},{"type":"Feature","properties":{"id_hdad":1,"hermandad":"La Borriquita","calle":"Calle Francos","osm":"Calle Francos"},"geometry":{"type":"Point","coordinates":[-5.9927104,37.388333]}},{"type":"Feature","properties":{"id_hdad":1,"hermandad":"La Borriquita","calle":"Calle Chapineros","osm":"Calle Chapineros"},"geometry":{"type":"Point","coordinates":[-5.9929995,37.3886113]}},{"type":"Feature","properties":{"id_hdad":1,"hermandad":"La Borriquita","calle":"Calle Álvarez Quintero","osm":"Calle Álvarez Quintero"},"geometry":{"type":"Point","coordinates":[-5.9932735,37.3895303]}},{"type":"Feature","properties":{"id_hdad":1,"hermandad":"La Borriquita","calle":"Plaza del Salvador","osm":"Plaza del Salvador"},"geometry":{"type":"Point","coordinates":[-5.9931868,37.3900367]}},{"type":"Feature","properties":{"id_hdad":2,"nombre":"La Cena","dia":"domingo-de-ramos"},"geometry":{"type":"LineString","coordinates":[[-5.9856437,37.3951595],[-5.9880871,37.393607],[-5.988081,37.393645],[-5.9886539,37.3921907],[-5.9890313,37.3927037],[-5.9896917,37.3925047],[-5.9908796,37.3926098],[-5.9914995,37.3927001],[-5.9929812,37.3928036],[-5.9937493,37.3932616],[-5.993848,37.393767],[-5.994158,37.394243],[-5.9941921,37.394338],[-5.994448,37.3945001],[-5.9947526,37.3939161],[-5.995328,37.3943919],[-5.9947324,37.3986896],[-5.9960464,37.3931151],[-5.9953759,37.3927251],[-5.9947885,37.3908748],[-5.9939375,37.3886765],[-5.9936639,37.3834745],[-5.9924671,37.3864962],[-5.9940816,37.3866707],[-5.9932735,37.3895303],[-5.9911938,37.3885932],[-5.9924834,37.3870654],[-5.9927104,37.388333],[-5.991085,37.3897911],[-5.9914973,37.3899764],[-5.9912273,37.3900874],[-5.9899739,37.3900219],[-5.9907336,37.3905881],[-5.99075,37.3908772],[-5.9901652,37.391109],[-5.9895944,37.3919974],[-5.988238,37.3948513],[-5.9897494,37.3945143],[-5.988081,37.393645],[-5.9880871,37.393607],[-5.9856437,37.3951595]]}},{"type":"Feature","properties":{"id_hdad":2,"hermandad":"La Cena","calle":"Calle Sol","osm":"Calle Sol"},"geometry":{"type":"Point","coordinates":[-5.9856437,37.3951595]}},{"type":"Feature","properties":{"id_hdad":2,"hermandad":"La Cena","calle":"Plaza de Los Terceros","osm":"Plaza de los Terceros"},"geometry":{"type":"Point","coordinates":[-5.9880871,37.393607]}},{"type":"Feature","properties":{"id_hdad":2,"hermandad":"La Cena","calle":"Calle Capataz Manuel Santiago","osm":"Calle Capataz Manuel Santiago"},"geometry":{"type":"Point","coordinates":[-5.988081,37.393645]}},{"type":"Feature","properties":{"id_hdad":2,"hermandad":"La Cena","calle":"Calle Alhóndiga","osm":"Calle Alhóndiga"},"geometry":{"type":"Point","coordinates":[-5.9886539,37.3921907]}},{"type":"Feature","properties":{"id_hdad":2,"hermandad":"La Cena","calle":"Calle Almirante Apodaca","osm":"Calle Almirante Apodaca"},"geometry":{"type":"Point","coordinates":[-5.9890313,37.3927037]}},{"type":"Feature","properties":{"id_hdad":2,"hermandad":"La Cena","calle":"Plaza de San Pedro","osm":"Plaza de San Pedro"},"geometry":{"type":"Point","coordinates":[-5.9896917,37.3925047]}},{"type":"Feature","properties":{"id_hdad":2,"hermandad":"La Cena","calle":"Calle Imagen","osm":"Calle Imagen"},"geometry":{"type":"Point","coordinates":[-5.9908796,37.3926098]}},{"type":"Feature","properties":{"id_hdad":2,"hermandad":"La Cena","calle":"Plaza de la Encarnación","osm":"Plaza de la Encarnación"},"geometry":{"type":"Point","coordinates":[-5.9914995,37.3927001]}},{"type":"Feature","properties":{"id_hdad":2,"hermandad":"La Cena","calle":"Calle Laraña","osm":"Calle Laraña"},"geometry":{"type":"Point","coordinates":[-5.9929812,37.3928036]}},{"type":"Feature","properties":{"id_hdad":2,"hermandad":"La Cena","calle":"Calle Orfila","osm":"Calle Orfila"},"geometry":{"type":"Point","coordinates":[-5.9937493,37.3932616]}},{"type":"Feature","properties":{"id_hdad":2,"hermandad":"La Cena","calle":"Plaza Fernando de Herrera","osm":"Plaza Fernando de Herrera"},"geometry":{"type":"Point","coordinates":[-5.993848,37.393767]}},{"type":"Feature","properties":{"id_hdad":2,"hermandad":"La Cena","calle":"Plaza Fernando de Herrera","osm":"Plaza Fernando de Herrera"},"geometry":{"type":"Point","coordinates":[-5.994158,37.394243]}},{"type":"Feature","properties":{"id_hdad":2,"hermandad":"La Cena","calle":"Calle Daoiz","osm":"Calle Daoiz"},"geometry":{"type":"Point","coordinates":[-5.9941921,37.394338]}},{"type":"Feature","properties":{"id_hdad":2,"hermandad":"La Cena","calle":"Calle García Tassara","osm":"Calle García Tassara"},"geometry":{"type":"Point","coordinates":[-5.994448,37.3945001]}},{"type":"Feature","properties":{"id_hdad":2,"hermandad":"La Cena","calle":"Calle Amor de Dios","osm":"Calle Amor de Dios"},"geometry":{"type":"Point","coordinates":[-5.9947526,37.3939161]}},{"type":"Feature","properties":{"id_hdad":2,"hermandad":"La Cena","calle":"Calle San Miguel","osm":"Calle San Miguel"},"geometry":{"type":"Point","coordinates":[-5.995328,37.3943919]}},{"type":"Feature","properties":{"id_hdad":2,"hermandad":"La Cena","calle":"Plaza de Jesús del Gran Poder","osm":"Calle Jesús del Gran Poder"},"geometry":{"type":"Point","coordinates":[-5.9947324,37.3986896]}},{"type":"Feature","properties":{"id_hdad":2,"hermandad":"La Cena","calle":"Plaza del Duque de la Victoria","osm":"Plaza del Duque de la Victoria"},"geometry":{"type":"Point","coordinates":[-5.9960464,37.3931151]}},{"type":"Feature","properties":{"id_hdad":2,"hermandad":"La Cena","calle":"La Campana","osm":"Calle Campana"},"geometry":{"type":"Point","coordinates":[-5.9953759,37.3927251]}},{"type":"Feature","properties":{"id_hdad":2,"hermandad":"La Cena","calle":"Calle Sierpes","osm":"Calle Sierpes"},"geometry":{"type":"Point","coordinates":[-5.9947885,37.3908748]}},{"type":"Feature","properties":{"id_hdad":2,"hermandad":"La Cena","calle":"Plaza de San Francisco","osm":"Plaza de San Francisco"},"geometry":{"type":"Point","coordinates":[-5.9939375,37.3886765]}},{"type":"Feature","properties":{"id_hdad":2,"hermandad":"La Cena","calle":"Avenida de la Constitución","osm":"Avenida de la Constitución"},"geometry":{"type":"Point","coordinates":[-5.9936639,37.3834745]}},{"type":"Feature","properties":{"id_hdad":2,"hermandad":"La Cena","calle":"Calle Cardenal Carlos Amigo","osm":"Calle Cardenal Carlos Amigo"},"geometry":{"type":"Point","coordinates":[-5.9924671,37.3864962]}},{"type":"Feature","properties":{"id_hdad":2,"hermandad":"La Cena","calle":"Calle Alemanes","osm":"Calle Alemanes"},"geometry":{"type":"Point","coordinates":[-5.9940816,37.3866707]}},{"type":"Feature","properties":{"id_hdad":2,"hermandad":"La Cena","calle":"Calle Álvarez Quintero","osm":"Calle Álvarez Quintero"},"geometry":{"type":"Point","coordinates":[-5.9932735,37.3895303]}},{"type":"Feature","properties":{"id_hdad":2,"hermandad":"La Cena","calle":"Calle Argote de Molina","osm":"Calle Argote de Molina"},"geometry":{"type":"Point","coordinates":[-5.9911938,37.3885932]}},{"type":"Feature","properties":{"id_hdad":2,"hermandad":"La Cena","calle":"Calle Placentines","osm":"Calle Placentines"},"geometry":{"type":"Point","coordinates":[-5.9924834,37.3870654]}},{"type":"Feature","properties":{"id_hdad":2,"hermandad":"La Cena","calle":"Calle Francos","osm":"Calle Francos"},"geometry":{"type":"Point","coordinates":[-5.9927104,37.388333]}},{"type":"Feature","properties":{"id_hdad":2,"hermandad":"La Cena","calle":"Cuesta del Rosario","osm":"Calle Cuesta del Rosario"},"geometry":{"type":"Point","coordinates":[-5.991085,37.3897911]}},{"type":"Feature","properties":{"id_hdad":2,"hermandad":"La Cena","calle":"Plaza de la Pescadería","osm":"Plaza de la Pescadería"},"geometry":{"type":"Point","coordinates":[-5.9914973,37.3899764]}},{"type":"Feature","properties":{"id_hdad":2,"hermandad":"La Cena","calle":"Calle Ángel María Camacho","osm":"Calle Ángel María Camacho"},"geometry":{"type":"Point","coordinates":[-5.9912273,37.3900874]}},{"type":"Feature","properties":{"id_hdad":2,"hermandad":"La Cena","calle":"Plaza de La Alfalfa","osm":"Calle Alfalfa"},"geometry":{"type":"Point","coordinates":[-5.9899739,37.3900219]}},{"type":"Feature","properties":{"id_hdad":2,"hermandad":"La Cena","calle":"Calle San Juan","osm":"Calle San Juan"},"geometry":{"type":"Point","coordinates":[-5.9907336,37.3905881]}},{"type":"Feature","properties":{"id_hdad":2,"hermandad":"La Cena","calle":"Calle Boteros","osm":"Calle Boteros"},"geometry":{"type":"Point","coordinates":[-5.99075,37.3908772]}},{"type":"Feature","properties":{"id_hdad":2,"hermandad":"La Cena","calle":"Calle Sales y Ferré","osm":"Calle Sales y Ferré"},"geometry":{"type":"Point","coordinates":[-5.9901652,37.391109]}},{"type":"Feature","properties":{"id_hdad":2,"hermandad":"La Cena","calle":"Plaza del Cristo de Burgos","osm":"Plaza del Cristo de Burgos"},"geometry":{"type":"Point","coordinates":[-5.9895944,37.3919974]}},{"type":"Feature","properties":{"id_hdad":2,"hermandad":"La Cena","calle":"Calle Doña María Coronel","osm":"Calle Doña María Coronel"},"geometry":{"type":"Point","coordinates":[-5.988238,37.3948513]}},{"type":"Feature","properties":{"id_hdad":2,"hermandad":"La Cena","calle":"Calle Gerona","osm":"Calle Gerona"},"geometry":{"type":"Point","coordinates":[-5.9897494,37.3945143]}},{"type":"Feature","properties":{"id_hdad":2,"hermandad":"La Cena","calle":"Calle Capataz Manuel Santiago","osm":"Calle Capataz Manuel Santiago"},"geometry":{"type":"Point","coordinates":[-5.988081,37.393645]}},{"type":"Feature","properties":{"id_hdad":2,"hermandad":"La Cena","calle":"Plaza de Los Terceros","osm":"Plaza de los Terceros"},"geometry":{"type":"Point","coordinates":[-5.9880871,37.393607]}},{"type":"Feature","properties":{"id_hdad":2,"hermandad":"La Cena","calle":"Calle Sol","osm":"Calle Sol"},"geometry":{"type":"Point","coordinates":[-5.9856437,37.3951595]}},{"type":"Feature","properties":{"id_hdad":3,"nombre":"Jesús Despojado","dia":"domingo-de-ramos"},"geometry":{"type":"LineString","coordinates":[[-5.9979515,37.3878615],[-5.9980684,37.3880401],[-5.9979742,37.3882779],[-5.9961639,37.3879138],[-5.9974,37.3894],[-5.9968379,37.390749],[-5.9956153,37.3909244],[-5.9959,37.39062],[-5.9962268,37.3919486],[-5.9936639,37.3834745],[-5.9939375,37.3886765],[-5.9947885,37.3908748],[-5.9953759,37.3927251],[-5.9960464,37.3931151],[-5.9925682,37.3848703],[-5.9930211,37.38433],[-5.9940317,37.3838262],[-5.9944255,37.3837791],[-5.9949,37.38437],[-5.9947647,37.3851507],[-5.99555,37.385],[-5.9951972,37.385176],[-5.9969331,37.3849621],[-5.9976441,37.3851411],[-5.9965601,37.3859909],[-5.9976736,37.3856197],[-5.9953472,37.3853603],[-5.9961081,37.3862154],[-5.9972329,37.3872018],[-5.9961075,37.3871925],[-5.9961639,37.3879138],[-5.9979742,37.3882779],[-5.9980684,37.3880401],[-5.9979515,37.3878615]]}},{"type":"Feature","properties":{"id_hdad":3,"hermandad":"Jesús Despojado","calle":"Plaza de Molviedro","osm":"Plaza de Molviedro"},"geometry":{"type":"Point","coordinates":[-5.9979515,37.3878615]}},{"type":"Feature","properties":{"id_hdad":3,"hermandad":"Jesús Despojado","calle":"Calle Adolfo Cuéllar","osm":"Calle Adolfo Cuéllar"},"geometry":{"type":"Point","coordinates":[-5.9980684,37.3880401]}},{"type":"Feature","properties":{"id_hdad":3,"hermandad":"Jesús Despojado","calle":"Calle Fray Bartolomé de las Casas","osm":"Calle Fray Bartolomé de las Casas"},"geometry":{"type":"Point","coordinates":[-5.9979742,37.3882779]}},{"type":"Feature","properties":{"id_hdad":3,"hermandad":"Jesús Despojado","calle":"Calle Zaragoza","osm":"Calle Zaragoza"},"geometry":{"type":"Point","coordinates":[-5.9961639,37.3879138]}},{"type":"Feature","properties":{"id_hdad":3,"hermandad":"Jesús Despojado","calle":"Calle San Pablo","osm":"Calle San Pablo"},"geometry":{"type":"Point","coordinates":[-5.9974,37.3894]}},{"type":"Feature","properties":{"id_hdad":3,"hermandad":"Jesús Despojado","calle":"Plaza de la Magdalena","osm":"Plaza de la Magdalena"},"geometry":{"type":"Point","coordinates":[-5.9968379,37.390749]}},{"type":"Feature","properties":{"id_hdad":3,"hermandad":"Jesús Despojado","calle":"Calle Rioja","osm":"Calle Rioja"},"geometry":{"type":"Point","coordinates":[-5.9956153,37.3909244]}},{"type":"Feature","properties":{"id_hdad":3,"hermandad":"Jesús Despojado","calle":"Calle Velázquez","osm":"Calle Velázquez"},"geometry":{"type":"Point","coordinates":[-5.9959,37.39062]}},{"type":"Feature","properties":{"id_hdad":3,"hermandad":"Jesús Despojado","calle":"Calle O'Donnell","osm":"Calle O'Donnell"},"geometry":{"type":"Point","coordinates":[-5.9962268,37.3919486]}},{"type":"Feature","properties":{"id_hdad":3,"hermandad":"Jesús Despojado","calle":"Avenida de la Constitución","osm":"Avenida de la Constitución"},"geometry":{"type":"Point","coordinates":[-5.9936639,37.3834745]}},{"type":"Feature","properties":{"id_hdad":3,"hermandad":"Jesús Despojado","calle":"Plaza de San Francisco","osm":"Plaza de San Francisco"},"geometry":{"type":"Point","coordinates":[-5.9939375,37.3886765]}},{"type":"Feature","properties":{"id_hdad":3,"hermandad":"Jesús Despojado","calle":"Calle Sierpes","osm":"Calle Sierpes"},"geometry":{"type":"Point","coordinates":[-5.9947885,37.3908748]}},{"type":"Feature","properties":{"id_hdad":3,"hermandad":"Jesús Despojado","calle":"La Campana","osm":"Calle Campana"},"geometry":{"type":"Point","coordinates":[-5.9953759,37.3927251]}},{"type":"Feature","properties":{"id_hdad":3,"hermandad":"Jesús Despojado","calle":"Plaza del Duque de la Victoria","osm":"Plaza del Duque de la Victoria"},"geometry":{"type":"Point","coordinates":[-5.9960464,37.3931151]}},{"type":"Feature","properties":{"id_hdad":3,"hermandad":"Jesús Despojado","calle":"Plaza del Triunfo","osm":"Plaza del Triunfo"},"geometry":{"type":"Point","coordinates":[-5.9925682,37.3848703]}},{"type":"Feature","properties":{"id_hdad":3,"hermandad":"Jesús Despojado","calle":"Calle Santo Tomás","osm":"Calle Santo Tomás"},"geometry":{"type":"Point","coordinates":[-5.9930211,37.38433]}},{"type":"Feature","properties":{"id_hdad":3,"hermandad":"Jesús Despojado","calle":"Calle Adolfo Rodríguez Jurado","osm":"Calle Adolfo Rodríguez Jurado"},"geometry":{"type":"Point","coordinates":[-5.9940317,37.3838262]}},{"type":"Feature","properties":{"id_hdad":3,"hermandad":"Jesús Despojado","calle":"Plaza Ministro Indalecio Prieto","osm":"Plaza Ministro Indalecio Prieto"},"geometry":{"type":"Point","coordinates":[-5.9944255,37.3837791]}},{"type":"Feature","properties":{"id_hdad":3,"hermandad":"Jesús Despojado","calle":"Calle Tomás de Ibarra","osm":"Calle Tomás de Ibarra"},"geometry":{"type":"Point","coordinates":[-5.9949,37.38437]}},{"type":"Feature","properties":{"id_hdad":3,"hermandad":"Jesús Despojado","calle":"Calle Almirantazgo","osm":"Calle Almirantazgo"},"geometry":{"type":"Point","coordinates":[-5.9947647,37.3851507]}},{"type":"Feature","properties":{"id_hdad":3,"hermandad":"Jesús Despojado","calle":"Calle Arco del Postigo","osm":"Calle Arco del Postigo"},"geometry":{"type":"Point","coordinates":[-5.99555,37.385]}},{"type":"Feature","properties":{"id_hdad":3,"hermandad":"Jesús Despojado","calle":"Calle Dos de Mayo","osm":"Calle Dos de Mayo"},"geometry":{"type":"Point","coordinates":[-5.9951972,37.385176]}},{"type":"Feature","properties":{"id_hdad":3,"hermandad":"Jesús Despojado","calle":"Calle Rodo","osm":"Calle Rodo"},"geometry":{"type":"Point","coordinates":[-5.9969331,37.3849621]}},{"type":"Feature","properties":{"id_hdad":3,"hermandad":"Jesús Despojado","calle":"Calle Real de la Carretería","osm":"Calle Real de la Carretería"},"geometry":{"type":"Point","coordinates":[-5.9976441,37.3851411]}},{"type":"Feature","properties":{"id_hdad":3,"hermandad":"Jesús Despojado","calle":"Calle Toneleros","osm":"Calle Toneleros"},"geometry":{"type":"Point","coordinates":[-5.9965601,37.3859909]}},{"type":"Feature","properties":{"id_hdad":3,"hermandad":"Jesús Despojado","calle":"Calle Antonia Díaz","osm":"Calle Antonia Díaz"},"geometry":{"type":"Point","coordinates":[-5.9976736,37.3856197]}},{"type":"Feature","properties":{"id_hdad":3,"hermandad":"Jesús Despojado","calle":"Calle Arfe","osm":"Calle Arfe"},"geometry":{"type":"Point","coordinates":[-5.9953472,37.3853603]}},{"type":"Feature","properties":{"id_hdad":3,"hermandad":"Jesús Despojado","calle":"Calle Puerta del Arenal","osm":"Calle Puerta del Arenal"},"geometry":{"type":"Point","coordinates":[-5.9961081,37.3862154]}},{"type":"Feature","properties":{"id_hdad":3,"hermandad":"Jesús Despojado","calle":"Calle Castelar","osm":"Calle Castelar"},"geometry":{"type":"Point","coordinates":[-5.9972329,37.3872018]}},{"type":"Feature","properties":{"id_hdad":3,"hermandad":"Jesús Despojado","calle":"Calle Gamazo","osm":"Calle Gamazo"},"geometry":{"type":"Point","coordinates":[-5.9961075,37.3871925]}},{"type":"Feature","properties":{"id_hdad":3,"hermandad":"Jesús Despojado","calle":"Calle Zaragoza","osm":"Calle Zaragoza"},"geometry":{"type":"Point","coordinates":[-5.9961639,37.3879138]}},{"type":"Feature","properties":{"id_hdad":3,"hermandad":"Jesús Despojado","calle":"Calle Fray Bartolomé de las Casas","osm":"Calle Fray Bartolomé de las Casas"},"geometry":{"type":"Point","coordinates":[-5.9979742,37.3882779]}},{"type":"Feature","properties":{"id_hdad":3,"hermandad":"Jesús Despojado","calle":"Calle Adolfo Cuéllar","osm":"Calle Adolfo Cuéllar"},"geometry":{"type":"Point","coordinates":[-5.9980684,37.3880401]}},{"type":"Feature","properties":{"id_hdad":3,"hermandad":"Jesús Despojado","calle":"Plaza de Molviedro","osm":"Plaza de Molviedro"},"geometry":{"type":"Point","coordinates":[-5.9979515,37.3878615]}},{"type":"Feature","properties":{"id_hdad":4,"nombre":"La Hiniesta","dia":"domingo-de-ramos"},"geometry":{"type":"LineString","coordinates":[[-5.985544,37.398925],[-5.9852326,37.3997909],[-5.9854188,37.400205],[-5.985834,37.4004978],[-5.9875123,37.4016887],[-5.9871982,37.4011392],[-5.9885491,37.4008388],[-5.989152,37.4024802],[-5.9928464,37.4002735],[-5.9913199,37.3956879],[-5.9927193,37.3974669],[-5.9947526,37.3939161],[-5.9933401,37.4003754],[-5.9952985,37.3939039],[-5.9960464,37.3931151],[-5.9953759,37.3927251],[-5.9947885,37.3908748],[-5.9939375,37.3886765],[-5.9936639,37.3834745],[-5.9924671,37.3864962],[-5.9940816,37.3866707],[-5.9932735,37.3895303],[-5.9911938,37.3885932],[-5.9924834,37.3870654],[-5.9927104,37.388333],[-5.991085,37.3897911],[-5.990668,37.3899828],[-5.9903819,37.3904418],[-5.99075,37.3908772],[-5.9901652,37.391109],[-5.9895944,37.3919974],[-5.988238,37.3948513],[-5.9881136,37.3941815],[-5.9878402,37.3961666],[-5.9875144,37.3965187],[-5.9863034,37.3978618],[-5.9861797,37.3978908],[-5.9851824,37.3980305],[-5.9853949,37.3984044],[-5.9864591,37.398424],[-5.985544,37.398925]]}},{"type":"Feature","properties":{"id_hdad":4,"hermandad":"La Hiniesta","calle":"Calle San Julián","osm":"Calle San Julián"},"geometry":{"type":"Point","coordinates":[-5.985544,37.398925]}},{"type":"Feature","properties":{"id_hdad":4,"hermandad":"La Hiniesta","calle":"Calle Madre Dolores Márquez","osm":"Calle Madre Dolores Márquez"},"geometry":{"type":"Point","coordinates":[-5.9852326,37.3997909]}},{"type":"Feature","properties":{"id_hdad":4,"hermandad":"La Hiniesta","calle":"Calle Puerta de Córdoba","osm":"Calle Puerta de Córdoba"},"geometry":{"type":"Point","coordinates":[-5.9854188,37.400205]}},{"type":"Feature","properties":{"id_hdad":4,"hermandad":"La Hiniesta","calle":"Calle Morera","osm":"Calle Morera"},"geometry":{"type":"Point","coordinates":[-5.985834,37.4004978]}},{"type":"Feature","properties":{"id_hdad":4,"hermandad":"La Hiniesta","calle":"Calle Macarena","osm":"Calle Macarena"},"geometry":{"type":"Point","coordinates":[-5.9875123,37.4016887]}},{"type":"Feature","properties":{"id_hdad":4,"hermandad":"La Hiniesta","calle":"Calle Aniceto Sáenz","osm":"Calle Aniceto Sáenz"},"geometry":{"type":"Point","coordinates":[-5.9871982,37.4011392]}},{"type":"Feature","properties":{"id_hdad":4,"hermandad":"La Hiniesta","calle":"Plaza del Pumarejo","osm":"Plaza del Pumarejo"},"geometry":{"type":"Point","coordinates":[-5.9885491,37.4008388]}},{"type":"Feature","properties":{"id_hdad":4,"hermandad":"La Hiniesta","calle":"Calle San Luis","osm":"Calle San Luis"},"geometry":{"type":"Point","coordinates":[-5.989152,37.4024802]}},{"type":"Feature","properties":{"id_hdad":4,"hermandad":"La Hiniesta","calle":"Calle Relator","osm":"Calle Relator"},"geometry":{"type":"Point","coordinates":[-5.9928464,37.4002735]}},{"type":"Feature","properties":{"id_hdad":4,"hermandad":"La Hiniesta","calle":"Calle Feria","osm":"Calle Feria"},"geometry":{"type":"Point","coordinates":[-5.9913199,37.3956879]}},{"type":"Feature","properties":{"id_hdad":4,"hermandad":"La Hiniesta","calle":"Calle Correduría","osm":"Calle Correduría"},"geometry":{"type":"Point","coordinates":[-5.9927193,37.3974669]}},{"type":"Feature","properties":{"id_hdad":4,"hermandad":"La Hiniesta","calle":"Calle Amor de Dios","osm":"Calle Amor de Dios"},"geometry":{"type":"Point","coordinates":[-5.9947526,37.3939161]}},{"type":"Feature","properties":{"id_hdad":4,"hermandad":"La Hiniesta","calle":"Alameda de Hércules","osm":"Alameda de Hércules"},"geometry":{"type":"Point","coordinates":[-5.9933401,37.4003754]}},{"type":"Feature","properties":{"id_hdad":4,"hermandad":"La Hiniesta","calle":"Calle Trajano","osm":"Calle Trajano"},"geometry":{"type":"Point","coordinates":[-5.9952985,37.3939039]}},{"type":"Feature","properties":{"id_hdad":4,"hermandad":"La Hiniesta","calle":"Plaza del Duque de la Victoria","osm":"Plaza del Duque de la Victoria"},"geometry":{"type":"Point","coordinates":[-5.9960464,37.3931151]}},{"type":"Feature","properties":{"id_hdad":4,"hermandad":"La Hiniesta","calle":"La Campana","osm":"Calle Campana"},"geometry":{"type":"Point","coordinates":[-5.9953759,37.3927251]}},{"type":"Feature","properties":{"id_hdad":4,"hermandad":"La Hiniesta","calle":"Calle Sierpes","osm":"Calle Sierpes"},"geometry":{"type":"Point","coordinates":[-5.9947885,37.3908748]}},{"type":"Feature","properties":{"id_hdad":4,"hermandad":"La Hiniesta","calle":"Plaza de San Francisco","osm":"Plaza de San Francisco"},"geometry":{"type":"Point","coordinates":[-5.9939375,37.3886765]}},{"type":"Feature","properties":{"id_hdad":4,"hermandad":"La Hiniesta","calle":"Avenida de la Constitución","osm":"Avenida de la Constitución"},"geometry":{"type":"Point","coordinates":[-5.9936639,37.3834745]}},{"type":"Feature","properties":{"id_hdad":4,"hermandad":"La Hiniesta","calle":"Calle Cardenal Carlos Amigo","osm":"Calle Cardenal Carlos Amigo"},"geometry":{"type":"Point","coordinates":[-5.9924671,37.3864962]}},{"type":"Feature","properties":{"id_hdad":4,"hermandad":"La Hiniesta","calle":"Calle Alemanes","osm":"Calle Alemanes"},"geometry":{"type":"Point","coordinates":[-5.9940816,37.3866707]}},{"type":"Feature","properties":{"id_hdad":4,"hermandad":"La Hiniesta","calle":"Calle Álvarez Quintero","osm":"Calle Álvarez Quintero"},"geometry":{"type":"Point","coordinates":[-5.9932735,37.3895303]}},{"type":"Feature","properties":{"id_hdad":4,"hermandad":"La Hiniesta","calle":"Calle Argote de Molina","osm":"Calle Argote de Molina"},"geometry":{"type":"Point","coordinates":[-5.9911938,37.3885932]}},{"type":"Feature","properties":{"id_hdad":4,"hermandad":"La Hiniesta","calle":"Calle Placentines","osm":"Calle Placentines"},"geometry":{"type":"Point","coordinates":[-5.9924834,37.3870654]}},{"type":"Feature","properties":{"id_hdad":4,"hermandad":"La Hiniesta","calle":"Calle Francos","osm":"Calle Francos"},"geometry":{"type":"Point","coordinates":[-5.9927104,37.388333]}},{"type":"Feature","properties":{"id_hdad":4,"hermandad":"La Hiniesta","calle":"Cuesta del Rosario","osm":"Calle Cuesta del Rosario"},"geometry":{"type":"Point","coordinates":[-5.991085,37.3897911]}},{"type":"Feature","properties":{"id_hdad":4,"hermandad":"La Hiniesta","calle":"Calle Jesús de las Tres Caídas","osm":"Calle Jesús de las Tres Caídas"},"geometry":{"type":"Point","coordinates":[-5.990668,37.3899828]}},{"type":"Feature","properties":{"id_hdad":4,"hermandad":"La Hiniesta","calle":"Calle Odreros","osm":"Calle Odreros"},"geometry":{"type":"Point","coordinates":[-5.9903819,37.3904418]}},{"type":"Feature","properties":{"id_hdad":4,"hermandad":"La Hiniesta","calle":"Calle Boteros","osm":"Calle Boteros"},"geometry":{"type":"Point","coordinates":[-5.99075,37.3908772]}},{"type":"Feature","properties":{"id_hdad":4,"hermandad":"La Hiniesta","calle":"Calle Sales y Ferré","osm":"Calle Sales y Ferré"},"geometry":{"type":"Point","coordinates":[-5.9901652,37.391109]}},{"type":"Feature","properties":{"id_hdad":4,"hermandad":"La Hiniesta","calle":"Plaza del Cristo de Burgos","osm":"Plaza del Cristo de Burgos"},"geometry":{"type":"Point","coordinates":[-5.9895944,37.3919974]}},{"type":"Feature","properties":{"id_hdad":4,"hermandad":"La Hiniesta","calle":"Calle Doña María Coronel","osm":"Calle Doña María Coronel"},"geometry":{"type":"Point","coordinates":[-5.988238,37.3948513]}},{"type":"Feature","properties":{"id_hdad":4,"hermandad":"La Hiniesta","calle":"Calle Bustos Tavera","osm":"Calle Bustos Tavera"},"geometry":{"type":"Point","coordinates":[-5.9881136,37.3941815]}},{"type":"Feature","properties":{"id_hdad":4,"hermandad":"La Hiniesta","calle":"Plaza de San Marcos","osm":"Plaza de San Marcos"},"geometry":{"type":"Point","coordinates":[-5.9878402,37.3961666]}},{"type":"Feature","properties":{"id_hdad":4,"hermandad":"La Hiniesta","calle":"Calle Vergara","osm":"Calle Vergara"},"geometry":{"type":"Point","coordinates":[-5.9875144,37.3965187]}},{"type":"Feature","properties":{"id_hdad":4,"hermandad":"La Hiniesta","calle":"Calle Hiniesta","osm":"Calle Hiniesta"},"geometry":{"type":"Point","coordinates":[-5.9863034,37.3978618]}},{"type":"Feature","properties":{"id_hdad":4,"hermandad":"La Hiniesta","calle":"Calle Lira","osm":"Calle Lira"},"geometry":{"type":"Point","coordinates":[-5.9861797,37.3978908]}},{"type":"Feature","properties":{"id_hdad":4,"hermandad":"La Hiniesta","calle":"Calle Juzgado","osm":"Calle Juzgado"},"geometry":{"type":"Point","coordinates":[-5.9851824,37.3980305]}},{"type":"Feature","properties":{"id_hdad":4,"hermandad":"La Hiniesta","calle":"Calle Moravia","osm":"Calle Moravia"},"geometry":{"type":"Point","coordinates":[-5.9853949,37.3984044]}},{"type":"Feature","properties":{"id_hdad":4,"hermandad":"La Hiniesta","calle":"Calle Duque Cornejo","osm":"Calle Duque Cornejo"},"geometry":{"type":"Point","coordinates":[-5.9864591,37.398424]}},{"type":"Feature","properties":{"id_hdad":4,"hermandad":"La Hiniesta","calle":"Calle San Julián","osm":"Calle San Julián"},"geometry":{"type":"Point","coordinates":[-5.985544,37.398925]}},{"type":"Feature","properties":{"id_hdad":5,"nombre":"La Paz","dia":"domingo-de-ramos"},"geometry":{"type":"LineString","coordinates":[[-5.9798761,37.3743092],[-5.9830563,37.3737626],[-5.9832682,37.3736398],[-5.9861333,37.3741971],[-5.9891672,37.3789469],[-5.9927953,37.3804836],[-5.9936035,37.3814672],[-5.99281,37.38237],[-5.9936639,37.3834745],[-5.9940317,37.3838262],[-5.9944255,37.3837791],[-5.9949,37.38437],[-5.9947647,37.3851507],[-5.99555,37.385],[-5.9951972,37.385176],[-5.9953472,37.3853603],[-5.9961081,37.3862154],[-5.9972329,37.3872018],[-5.9961075,37.3871925],[-5.9951776,37.3879472],[-5.995501,37.3879628],[-5.9960103,37.3889602],[-5.995176,37.3900449],[-5.9959,37.39062],[-5.9962268,37.3919486],[-5.9936639,37.3834745],[-5.9939375,37.3886765],[-5.9947885,37.3908748],[-5.9953759,37.3927251],[-5.9960464,37.3931151],[-5.9925682,37.3848703],[-5.99235,37.38436],[-5.9926032,37.383726],[-5.992595,37.3837342],[-5.99281,37.38237],[-5.9936035,37.3814672],[-5.9927953,37.3804836],[-5.9891672,37.3789469],[-5.9861333,37.3741971],[-5.9832682,37.3736398],[-5.98444,37.3710597],[-5.9826735,37.3728926],[-5.9830563,37.3737626],[-5.9798761,37.3743092]]}},{"type":"Feature","properties":{"id_hdad":5,"hermandad":"La Paz","calle":"Calle San Salvador","osm":"Calle San Salvador"},"geometry":{"type":"Point","coordinates":[-5.9798761,37.3743092]}},{"type":"Feature","properties":{"id_hdad":5,"hermandad":"La Paz","calle":"Calle Río de la Plata","osm":"Calle Río de la Plata"},"geometry":{"type":"Point","coordinates":[-5.9830563,37.3737626]}},{"type":"Feature","properties":{"id_hdad":5,"hermandad":"La Paz","calle":"Calle Brasil","osm":"Calle Brasil"},"geometry":{"type":"Point","coordinates":[-5.9832682,37.3736398]}},{"type":"Feature","properties":{"id_hdad":5,"hermandad":"La Paz","calle":"Avenida de Covadonga","osm":"Glorieta Covadonga"},"geometry":{"type":"Point","coordinates":[-5.9861333,37.3741971]}},{"type":"Feature","properties":{"id_hdad":5,"hermandad":"La Paz","calle":"Avenida de Isabel la Católica","osm":"Avenida Isabel la Católica"},"geometry":{"type":"Point","coordinates":[-5.9891672,37.3789469]}},{"type":"Feature","properties":{"id_hdad":5,"hermandad":"La Paz","calle":"Calle Palos de la Frontera","osm":"Calle Palos de la Frontera"},"geometry":{"type":"Point","coordinates":[-5.9927953,37.3804836]}},{"type":"Feature","properties":{"id_hdad":5,"hermandad":"La Paz","calle":"Avenida de Roma","osm":"Avenida de Roma"},"geometry":{"type":"Point","coordinates":[-5.9936035,37.3814672]}},{"type":"Feature","properties":{"id_hdad":5,"hermandad":"La Paz","calle":"Plaza Puerta de Jerez","osm":"Plaza Puerta de Jerez"},"geometry":{"type":"Point","coordinates":[-5.99281,37.38237]}},{"type":"Feature","properties":{"id_hdad":5,"hermandad":"La Paz","calle":"Avenida de la Constitución","osm":"Avenida de la Constitución"},"geometry":{"type":"Point","coordinates":[-5.9936639,37.3834745]}},{"type":"Feature","properties":{"id_hdad":5,"hermandad":"La Paz","calle":"Calle Adolfo Rodríguez Jurado","osm":"Calle Adolfo Rodríguez Jurado"},"geometry":{"type":"Point","coordinates":[-5.9940317,37.3838262]}},{"type":"Feature","properties":{"id_hdad":5,"hermandad":"La Paz","calle":"Plaza Ministro Indalecio Prieto","osm":"Plaza Ministro Indalecio Prieto"},"geometry":{"type":"Point","coordinates":[-5.9944255,37.3837791]}},{"type":"Feature","properties":{"id_hdad":5,"hermandad":"La Paz","calle":"Calle Tomás de Ibarra","osm":"Calle Tomás de Ibarra"},"geometry":{"type":"Point","coordinates":[-5.9949,37.38437]}},{"type":"Feature","properties":{"id_hdad":5,"hermandad":"La Paz","calle":"Calle Almirantazgo","osm":"Calle Almirantazgo"},"geometry":{"type":"Point","coordinates":[-5.9947647,37.3851507]}},{"type":"Feature","properties":{"id_hdad":5,"hermandad":"La Paz","calle":"Calle Arco del Postigo","osm":"Calle Arco del Postigo"},"geometry":{"type":"Point","coordinates":[-5.99555,37.385]}},{"type":"Feature","properties":{"id_hdad":5,"hermandad":"La Paz","calle":"Calle Dos de Mayo","osm":"Calle Dos de Mayo"},"geometry":{"type":"Point","coordinates":[-5.9951972,37.385176]}},{"type":"Feature","properties":{"id_hdad":5,"hermandad":"La Paz","calle":"Calle Arfe","osm":"Calle Arfe"},"geometry":{"type":"Point","coordinates":[-5.9953472,37.3853603]}},{"type":"Feature","properties":{"id_hdad":5,"hermandad":"La Paz","calle":"Calle Puerta del Arenal","osm":"Calle Puerta del Arenal"},"geometry":{"type":"Point","coordinates":[-5.9961081,37.3862154]}},{"type":"Feature","properties":{"id_hdad":5,"hermandad":"La Paz","calle":"Calle Castelar","osm":"Calle Castelar"},"geometry":{"type":"Point","coordinates":[-5.9972329,37.3872018]}},{"type":"Feature","properties":{"id_hdad":5,"hermandad":"La Paz","calle":"Calle Gamazo","osm":"Calle Gamazo"},"geometry":{"type":"Point","coordinates":[-5.9961075,37.3871925]}},{"type":"Feature","properties":{"id_hdad":5,"hermandad":"La Paz","calle":"Calle Joaquín Guichot","osm":"Calle Joaquín Guichot"},"geometry":{"type":"Point","coordinates":[-5.9951776,37.3879472]}},{"type":"Feature","properties":{"id_hdad":5,"hermandad":"La Paz","calle":"Calle Barcelona","osm":"Calle Barcelona"},"geometry":{"type":"Point","coordinates":[-5.995501,37.3879628]}},{"type":"Feature","properties":{"id_hdad":5,"hermandad":"La Paz","calle":"Plaza Nueva","osm":"Plaza Nueva"},"geometry":{"type":"Point","coordinates":[-5.9960103,37.3889602]}},{"type":"Feature","properties":{"id_hdad":5,"hermandad":"La Paz","calle":"Calle Tetuán","osm":"Calle Tetuán"},"geometry":{"type":"Point","coordinates":[-5.995176,37.3900449]}},{"type":"Feature","properties":{"id_hdad":5,"hermandad":"La Paz","calle":"Calle Velázquez","osm":"Calle Velázquez"},"geometry":{"type":"Point","coordinates":[-5.9959,37.39062]}},{"type":"Feature","properties":{"id_hdad":5,"hermandad":"La Paz","calle":"Calle O'Donnell","osm":"Calle O'Donnell"},"geometry":{"type":"Point","coordinates":[-5.9962268,37.3919486]}},{"type":"Feature","properties":{"id_hdad":5,"hermandad":"La Paz","calle":"Avenida de la Constitución","osm":"Avenida de la Constitución"},"geometry":{"type":"Point","coordinates":[-5.9936639,37.3834745]}},{"type":"Feature","properties":{"id_hdad":5,"hermandad":"La Paz","calle":"Plaza de San Francisco","osm":"Plaza de San Francisco"},"geometry":{"type":"Point","coordinates":[-5.9939375,37.3886765]}},{"type":"Feature","properties":{"id_hdad":5,"hermandad":"La Paz","calle":"Calle Sierpes","osm":"Calle Sierpes"},"geometry":{"type":"Point","coordinates":[-5.9947885,37.3908748]}},{"type":"Feature","properties":{"id_hdad":5,"hermandad":"La Paz","calle":"La Campana","osm":"Calle Campana"},"geometry":{"type":"Point","coordinates":[-5.9953759,37.3927251]}},{"type":"Feature","properties":{"id_hdad":5,"hermandad":"La Paz","calle":"Plaza del Duque de la Victoria","osm":"Plaza del Duque de la Victoria"},"geometry":{"type":"Point","coordinates":[-5.9960464,37.3931151]}},{"type":"Feature","properties":{"id_hdad":5,"hermandad":"La Paz","calle":"Plaza del Triunfo","osm":"Plaza del Triunfo"},"geometry":{"type":"Point","coordinates":[-5.9925682,37.3848703]}},{"type":"Feature","properties":{"id_hdad":5,"hermandad":"La Paz","calle":"Calle Miguel Mañara","osm":"Calle Miguel Mañara"},"geometry":{"type":"Point","coordinates":[-5.99235,37.38436]}},{"type":"Feature","properties":{"id_hdad":5,"hermandad":"La Paz","calle":"Plaza de La Contratación","osm":"Plaza de la Contratación"},"geometry":{"type":"Point","coordinates":[-5.9926032,37.383726]}},{"type":"Feature","properties":{"id_hdad":5,"hermandad":"La Paz","calle":"Calle San Gregorio","osm":"Plaza de San Gregorio"},"geometry":{"type":"Point","coordinates":[-5.992595,37.3837342]}},{"type":"Feature","properties":{"id_hdad":5,"hermandad":"La Paz","calle":"Plaza Puerta de Jerez","osm":"Plaza Puerta de Jerez"},"geometry":{"type":"Point","coordinates":[-5.99281,37.38237]}},{"type":"Feature","properties":{"id_hdad":5,"hermandad":"La Paz","calle":"Avenida de Roma","osm":"Avenida de Roma"},"geometry":{"type":"Point","coordinates":[-5.9936035,37.3814672]}},{"type":"Feature","properties":{"id_hdad":5,"hermandad":"La Paz","calle":"Calle Palos de la Frontera","osm":"Calle Palos de la Frontera"},"geometry":{"type":"Point","coordinates":[-5.9927953,37.3804836]}},{"type":"Feature","properties":{"id_hdad":5,"hermandad":"La Paz","calle":"Avenida de Isabel la Católica","osm":"Avenida Isabel la Católica"},"geometry":{"type":"Point","coordinates":[-5.9891672,37.3789469]}},{"type":"Feature","properties":{"id_hdad":5,"hermandad":"La Paz","calle":"Avenida de Covadonga","osm":"Glorieta Covadonga"},"geometry":{"type":"Point","coordinates":[-5.9861333,37.3741971]}},{"type":"Feature","properties":{"id_hdad":5,"hermandad":"La Paz","calle":"Calle Brasil","osm":"Calle Brasil"},"geometry":{"type":"Point","coordinates":[-5.9832682,37.3736398]}},{"type":"Feature","properties":{"id_hdad":5,"hermandad":"La Paz","calle":"Calle Progreso","osm":"Calle Progreso"},"geometry":{"type":"Point","coordinates":[-5.98444,37.3710597]}},{"type":"Feature","properties":{"id_hdad":5,"hermandad":"La Paz","calle":"Calle Porvenir","osm":"Calle Porvenir"},"geometry":{"type":"Point","coordinates":[-5.9826735,37.3728926]}},{"type":"Feature","properties":{"id_hdad":5,"hermandad":"La Paz","calle":"Calle Río de la Plata","osm":"Calle Río de la Plata"},"geometry":{"type":"Point","coordinates":[-5.9830563,37.3737626]}},{"type":"Feature","properties":{"id_hdad":5,"hermandad":"La Paz","calle":"Calle San Salvador","osm":"Calle San Salvador"},"geometry":{"type":"Point","coordinates":[-5.9798761,37.3743092]}},{"type":"Feature","properties":{"id_hdad":6,"nombre":"San Roque","dia":"domingo-de-ramos"},"geometry":{"type":"LineString","coordinates":[[-5.9834433,37.3907289],[-5.9840695,37.3917064],[-5.9844187,37.393179],[-5.9855565,37.3931279],[-5.9874545,37.393084],[-5.9882675,37.3929088],[-5.9890313,37.3927037],[-5.9896917,37.3925047],[-5.9908796,37.3926098],[-5.9914995,37.3927001],[-5.9929812,37.3928036],[-5.9937493,37.3932616],[-5.9945728,37.3937054],[-5.9952985,37.3939039],[-5.9960464,37.3931151],[-5.9953759,37.3927251],[-5.9947885,37.3908748],[-5.9939375,37.3886765],[-5.9936639,37.3834745],[-5.9924671,37.3864962],[-5.9940816,37.3866707],[-5.9932735,37.3895303],[-5.9911938,37.3885932],[-5.9924834,37.3870654],[-5.9927104,37.388333],[-5.991085,37.3897911],[-5.990668,37.3899828],[-5.9899739,37.3900219],[-5.99003,37.3895097],[-5.99075,37.3908772],[-5.988716,37.3905804],[-5.9877531,37.3901962],[-5.9870332,37.3896374],[-5.9852809,37.3896553],[-5.9863071,37.3899133],[-5.9876061,37.3909855],[-5.9864749,37.3904762],[-5.9859108,37.3905462],[-5.9847954,37.3905838],[-5.9840695,37.3917064],[-5.9834433,37.3907289]]}},{"type":"Feature","properties":{"id_hdad":6,"hermandad":"San Roque","calle":"Plaza Carmen Benítez","osm":"Plaza Carmen Benítez"},"geometry":{"type":"Point","coordinates":[-5.9834433,37.3907289]}},{"type":"Feature","properties":{"id_hdad":6,"hermandad":"San Roque","calle":"Calle Recaredo","osm":"Calle Recaredo"},"geometry":{"type":"Point","coordinates":[-5.9840695,37.3917064]}},{"type":"Feature","properties":{"id_hdad":6,"hermandad":"San Roque","calle":"Calle Puñonrostro","osm":"Calle Puñonrostro"},"geometry":{"type":"Point","coordinates":[-5.9844187,37.393179]}},{"type":"Feature","properties":{"id_hdad":6,"hermandad":"San Roque","calle":"Calle Jáuregui","osm":"Calle Jáuregui"},"geometry":{"type":"Point","coordinates":[-5.9855565,37.3931279]}},{"type":"Feature","properties":{"id_hdad":6,"hermandad":"San Roque","calle":"Plaza Ponce de León","osm":"Plaza Ponce de León"},"geometry":{"type":"Point","coordinates":[-5.9874545,37.393084]}},{"type":"Feature","properties":{"id_hdad":6,"hermandad":"San Roque","calle":"Calle Juan de Mesa","osm":"Calle Juan de Mesa"},"geometry":{"type":"Point","coordinates":[-5.9882675,37.3929088]}},{"type":"Feature","properties":{"id_hdad":6,"hermandad":"San Roque","calle":"Calle Almirante Apodaca","osm":"Calle Almirante Apodaca"},"geometry":{"type":"Point","coordinates":[-5.9890313,37.3927037]}},{"type":"Feature","properties":{"id_hdad":6,"hermandad":"San Roque","calle":"Plaza de San Pedro","osm":"Plaza de San Pedro"},"geometry":{"type":"Point","coordinates":[-5.9896917,37.3925047]}},{"type":"Feature","properties":{"id_hdad":6,"hermandad":"San Roque","calle":"Calle Imagen","osm":"Calle Imagen"},"geometry":{"type":"Point","coordinates":[-5.9908796,37.3926098]}},{"type":"Feature","properties":{"id_hdad":6,"hermandad":"San Roque","calle":"Plaza de la Encarnación","osm":"Plaza de la Encarnación"},"geometry":{"type":"Point","coordinates":[-5.9914995,37.3927001]}},{"type":"Feature","properties":{"id_hdad":6,"hermandad":"San Roque","calle":"Calle Laraña","osm":"Calle Laraña"},"geometry":{"type":"Point","coordinates":[-5.9929812,37.3928036]}},{"type":"Feature","properties":{"id_hdad":6,"hermandad":"San Roque","calle":"Calle Orfila","osm":"Calle Orfila"},"geometry":{"type":"Point","coordinates":[-5.9937493,37.3932616]}},{"type":"Feature","properties":{"id_hdad":6,"hermandad":"San Roque","calle":"Calle Javier Lasso de la Vega","osm":"Calle Javier Lasso de la Vega"},"geometry":{"type":"Point","coordinates":[-5.9945728,37.3937054]}},{"type":"Feature","properties":{"id_hdad":6,"hermandad":"San Roque","calle":"Calle Trajano","osm":"Calle Trajano"},"geometry":{"type":"Point","coordinates":[-5.9952985,37.3939039]}},{"type":"Feature","properties":{"id_hdad":6,"hermandad":"San Roque","calle":"Plaza del Duque de la Victoria","osm":"Plaza del Duque de la Victoria"},"geometry":{"type":"Point","coordinates":[-5.9960464,37.3931151]}},{"type":"Feature","properties":{"id_hdad":6,"hermandad":"San Roque","calle":"La Campana","osm":"Calle Campana"},"geometry":{"type":"Point","coordinates":[-5.9953759,37.3927251]}},{"type":"Feature","properties":{"id_hdad":6,"hermandad":"San Roque","calle":"Calle Sierpes","osm":"Calle Sierpes"},"geometry":{"type":"Point","coordinates":[-5.9947885,37.3908748]}},{"type":"Feature","properties":{"id_hdad":6,"hermandad":"San Roque","calle":"Plaza de San Francisco","osm":"Plaza de San Francisco"},"geometry":{"type":"Point","coordinates":[-5.9939375,37.3886765]}},{"type":"Feature","properties":{"id_hdad":6,"hermandad":"San Roque","calle":"Avenida de la Constitución","osm":"Avenida de la Constitución"},"geometry":{"type":"Point","coordinates":[-5.9936639,37.3834745]}},{"type":"Feature","properties":{"id_hdad":6,"hermandad":"San Roque","calle":"Calle Cardenal Carlos Amigo","osm":"Calle Cardenal Carlos Amigo"},"geometry":{"type":"Point","coordinates":[-5.9924671,37.3864962]}},{"type":"Feature","properties":{"id_hdad":6,"hermandad":"San Roque","calle":"Calle Alemanes","osm":"Calle Alemanes"},"geometry":{"type":"Point","coordinates":[-5.9940816,37.3866707]}},{"type":"Feature","properties":{"id_hdad":6,"hermandad":"San Roque","calle":"Calle Álvarez Quintero","osm":"Calle Álvarez Quintero"},"geometry":{"type":"Point","coordinates":[-5.9932735,37.3895303]}},{"type":"Feature","properties":{"id_hdad":6,"hermandad":"San Roque","calle":"Calle Argote de Molina","osm":"Calle Argote de Molina"},"geometry":{"type":"Point","coordinates":[-5.9911938,37.3885932]}},{"type":"Feature","properties":{"id_hdad":6,"hermandad":"San Roque","calle":"Calle Placentines","osm":"Calle Placentines"},"geometry":{"type":"Point","coordinates":[-5.9924834,37.3870654]}},{"type":"Feature","properties":{"id_hdad":6,"hermandad":"San Roque","calle":"Calle Francos","osm":"Calle Francos"},"geometry":{"type":"Point","coordinates":[-5.9927104,37.388333]}},{"type":"Feature","properties":{"id_hdad":6,"hermandad":"San Roque","calle":"Cuesta del Rosario","osm":"Calle Cuesta del Rosario"},"geometry":{"type":"Point","coordinates":[-5.991085,37.3897911]}},{"type":"Feature","properties":{"id_hdad":6,"hermandad":"San Roque","calle":"Calle Jesús de las Tres Caídas","osm":"Calle Jesús de las Tres Caídas"},"geometry":{"type":"Point","coordinates":[-5.990668,37.3899828]}},{"type":"Feature","properties":{"id_hdad":6,"hermandad":"San Roque","calle":"Calle Alfalfa","osm":"Calle Alfalfa"},"geometry":{"type":"Point","coordinates":[-5.9899739,37.3900219]}},{"type":"Feature","properties":{"id_hdad":6,"hermandad":"San Roque","calle":"Calle Cabeza del Rey Don Pedro","osm":"Calle Cabeza del Rey Don Pedro"},"geometry":{"type":"Point","coordinates":[-5.99003,37.3895097]}},{"type":"Feature","properties":{"id_hdad":6,"hermandad":"San Roque","calle":"Calle Boteros","osm":"Calle Boteros"},"geometry":{"type":"Point","coordinates":[-5.99075,37.3908772]}},{"type":"Feature","properties":{"id_hdad":6,"hermandad":"San Roque","calle":"Plaza de San Ildefonso","osm":"Plaza de San Ildefonso"},"geometry":{"type":"Point","coordinates":[-5.988716,37.3905804]}},{"type":"Feature","properties":{"id_hdad":6,"hermandad":"San Roque","calle":"Calle Caballerizas","osm":"Calle de las Caballerizas"},"geometry":{"type":"Point","coordinates":[-5.9877531,37.3901962]}},{"type":"Feature","properties":{"id_hdad":6,"hermandad":"San Roque","calle":"Plaza de Pilatos","osm":"Plaza de Pilatos"},"geometry":{"type":"Point","coordinates":[-5.9870332,37.3896374]}},{"type":"Feature","properties":{"id_hdad":6,"hermandad":"San Roque","calle":"Calle San Esteban","osm":"Calle San Esteban"},"geometry":{"type":"Point","coordinates":[-5.9852809,37.3896553]}},{"type":"Feature","properties":{"id_hdad":6,"hermandad":"San Roque","calle":"Calle Medinaceli","osm":"Calle Medinaceli"},"geometry":{"type":"Point","coordinates":[-5.9863071,37.3899133]}},{"type":"Feature","properties":{"id_hdad":6,"hermandad":"San Roque","calle":"Calle Imperial","osm":"Calle Imperial"},"geometry":{"type":"Point","coordinates":[-5.9876061,37.3909855]}},{"type":"Feature","properties":{"id_hdad":6,"hermandad":"San Roque","calle":"Calle Calería","osm":"Calle Caleria"},"geometry":{"type":"Point","coordinates":[-5.9864749,37.3904762]}},{"type":"Feature","properties":{"id_hdad":6,"hermandad":"San Roque","calle":"Calle Juan de la Encina","osm":"Calle Juan de la Encina"},"geometry":{"type":"Point","coordinates":[-5.9859108,37.3905462]}},{"type":"Feature","properties":{"id_hdad":6,"hermandad":"San Roque","calle":"Calle Guadalupe","osm":"Calle Guadalupe"},"geometry":{"type":"Point","coordinates":[-5.9847954,37.3905838]}},{"type":"Feature","properties":{"id_hdad":6,"hermandad":"San Roque","calle":"Calle Recaredo","osm":"Calle Recaredo"},"geometry":{"type":"Point","coordinates":[-5.9840695,37.3917064]}},{"type":"Feature","properties":{"id_hdad":6,"hermandad":"San Roque","calle":"Plaza Carmen Benítez","osm":"Plaza Carmen Benítez"},"geometry":{"type":"Point","coordinates":[-5.9834433,37.3907289]}},{"type":"Feature","properties":{"id_hdad":7,"nombre":"La Estrella","dia":"domingo-de-ramos"},"geometry":{"type":"LineString","coordinates":[[-6.0050771,37.3837205],[-6.0030664,37.3853948],[-6.0023919,37.3863288],[-6.0000899,37.3887251],[-5.9995369,37.3892515],[-5.9974,37.3894],[-5.9968379,37.390749],[-5.9956153,37.3909244],[-5.9959,37.39062],[-5.9962268,37.3919486],[-5.9936639,37.3834745],[-5.9939375,37.3886765],[-5.9947885,37.3908748],[-5.9953759,37.3927251],[-5.9960464,37.3931151],[-5.9925682,37.3848703],[-5.9931263,37.3851399],[-5.9947647,37.3851507],[-5.99555,37.385],[-5.9951972,37.385176],[-5.9953472,37.3853603],[-5.9984,37.3868],[-6.0002454,37.3882667],[-6.0000899,37.3887251],[-6.0023919,37.3863288],[-6.0030664,37.3853948],[-6.0050771,37.3837205]]}},{"type":"Feature","properties":{"id_hdad":7,"hermandad":"La Estrella","calle":"Calle San Jacinto","osm":"Calle San Jacinto"},"geometry":{"type":"Point","coordinates":[-6.0050771,37.3837205]}},{"type":"Feature","properties":{"id_hdad":7,"hermandad":"La Estrella","calle":"Plaza del Altozano","osm":"Plaza del Altozano"},"geometry":{"type":"Point","coordinates":[-6.0030664,37.3853948]}},{"type":"Feature","properties":{"id_hdad":7,"hermandad":"La Estrella","calle":"Puente de Isabel II","osm":"Puente de Isabel II"},"geometry":{"type":"Point","coordinates":[-6.0023919,37.3863288]}},{"type":"Feature","properties":{"id_hdad":7,"hermandad":"La Estrella","calle":"Calle Reyes Católicos","osm":"Calle Reyes Católicos"},"geometry":{"type":"Point","coordinates":[-6.0000899,37.3887251]}},{"type":"Feature","properties":{"id_hdad":7,"hermandad":"La Estrella","calle":"Calle Puerta de Triana","osm":"Calle Puerta de Triana"},"geometry":{"type":"Point","coordinates":[-5.9995369,37.3892515]}},{"type":"Feature","properties":{"id_hdad":7,"hermandad":"La Estrella","calle":"Calle San Pablo","osm":"Calle San Pablo"},"geometry":{"type":"Point","coordinates":[-5.9974,37.3894]}},{"type":"Feature","properties":{"id_hdad":7,"hermandad":"La Estrella","calle":"Plaza de la Magdalena","osm":"Plaza de la Magdalena"},"geometry":{"type":"Point","coordinates":[-5.9968379,37.390749]}},{"type":"Feature","properties":{"id_hdad":7,"hermandad":"La Estrella","calle":"Calle Rioja","osm":"Calle Rioja"},"geometry":{"type":"Point","coordinates":[-5.9956153,37.3909244]}},{"type":"Feature","properties":{"id_hdad":7,"hermandad":"La Estrella","calle":"Calle Velázquez","osm":"Calle Velázquez"},"geometry":{"type":"Point","coordinates":[-5.9959,37.39062]}},{"type":"Feature","properties":{"id_hdad":7,"hermandad":"La Estrella","calle":"Calle O'Donnell","osm":"Calle O'Donnell"},"geometry":{"type":"Point","coordinates":[-5.9962268,37.3919486]}},{"type":"Feature","properties":{"id_hdad":7,"hermandad":"La Estrella","calle":"Avenida de la Constitución","osm":"Avenida de la Constitución"},"geometry":{"type":"Point","coordinates":[-5.9936639,37.3834745]}},{"type":"Feature","properties":{"id_hdad":7,"hermandad":"La Estrella","calle":"Plaza de San Francisco","osm":"Plaza de San Francisco"},"geometry":{"type":"Point","coordinates":[-5.9939375,37.3886765]}},{"type":"Feature","properties":{"id_hdad":7,"hermandad":"La Estrella","calle":"Calle Sierpes","osm":"Calle Sierpes"},"geometry":{"type":"Point","coordinates":[-5.9947885,37.3908748]}},{"type":"Feature","properties":{"id_hdad":7,"hermandad":"La Estrella","calle":"La Campana","osm":"Calle Campana"},"geometry":{"type":"Point","coordinates":[-5.9953759,37.3927251]}},{"type":"Feature","properties":{"id_hdad":7,"hermandad":"La Estrella","calle":"Plaza del Duque de la Victoria","osm":"Plaza del Duque de la Victoria"},"geometry":{"type":"Point","coordinates":[-5.9960464,37.3931151]}},{"type":"Feature","properties":{"id_hdad":7,"hermandad":"La Estrella","calle":"Plaza del Triunfo","osm":"Plaza del Triunfo"},"geometry":{"type":"Point","coordinates":[-5.9925682,37.3848703]}},{"type":"Feature","properties":{"id_hdad":7,"hermandad":"La Estrella","calle":"Calle Fray Ceferino González","osm":"Calle Fray Ceferino González"},"geometry":{"type":"Point","coordinates":[-5.9931263,37.3851399]}},{"type":"Feature","properties":{"id_hdad":7,"hermandad":"La Estrella","calle":"Calle Almirantazgo","osm":"Calle Almirantazgo"},"geometry":{"type":"Point","coordinates":[-5.9947647,37.3851507]}},{"type":"Feature","properties":{"id_hdad":7,"hermandad":"La Estrella","calle":"Calle Arco del Postigo","osm":"Calle Arco del Postigo"},"geometry":{"type":"Point","coordinates":[-5.99555,37.385]}},{"type":"Feature","properties":{"id_hdad":7,"hermandad":"La Estrella","calle":"Calle Dos de Mayo","osm":"Calle Dos de Mayo"},"geometry":{"type":"Point","coordinates":[-5.9951972,37.385176]}},{"type":"Feature","properties":{"id_hdad":7,"hermandad":"La Estrella","calle":"Calle Arfe","osm":"Calle Arfe"},"geometry":{"type":"Point","coordinates":[-5.9953472,37.3853603]}},{"type":"Feature","properties":{"id_hdad":7,"hermandad":"La Estrella","calle":"Calle Adriano","osm":"Calle Adriano"},"geometry":{"type":"Point","coordinates":[-5.9984,37.3868]}},{"type":"Feature","properties":{"id_hdad":7,"hermandad":"La Estrella","calle":"Calle Pastor y Landero","osm":"Calle Pastor y Landero"},"geometry":{"type":"Point","coordinates":[-6.0002454,37.3882667]}},{"type":"Feature","properties":{"id_hdad":7,"hermandad":"La Estrella","calle":"Calle Reyes Católicos","osm":"Calle Reyes Católicos"},"geometry":{"type":"Point","coordinates":[-6.0000899,37.3887251]}},{"type":"Feature","properties":{"id_hdad":7,"hermandad":"La Estrella","calle":"Puente de Isabel II","osm":"Puente de Isabel II"},"geometry":{"type":"Point","coordinates":[-6.0023919,37.3863288]}},{"type":"Feature","properties":{"id_hdad":7,"hermandad":"La Estrella","calle":"Plaza del Altozano","osm":"Plaza del Altozano"},"geometry":{"type":"Point","coordinates":[-6.0030664,37.3853948]}},{"type":"Feature","properties":{"id_hdad":7,"hermandad":"La Estrella","calle":"Calle San Jacinto","osm":"Calle San Jacinto"},"geometry":{"type":"Point","coordinates":[-6.0050771,37.3837205]}},{"type":"Feature","properties":{"id_hdad":8,"nombre":"La Amargura","dia":"domingo-de-ramos"},"geometry":{"type":"LineString","coordinates":[[-5.9904911,37.3949595],[-5.99157,37.39655],[-5.9913199,37.3956879],[-5.9931091,37.3970862],[-5.9947526,37.3939161],[-5.9933401,37.4003754],[-5.9952985,37.3939039],[-5.9960464,37.3931151],[-5.9953759,37.3927251],[-5.9947885,37.3908748],[-5.9939375,37.3886765],[-5.9936639,37.3834745],[-5.9924671,37.3864962],[-5.9940816,37.3866707],[-5.9932735,37.3895303],[-5.9911938,37.3885932],[-5.9924834,37.3870654],[-5.9927104,37.388333],[-5.992781,37.389701],[-5.9931868,37.3900367],[-5.9934667,37.3916005],[-5.9929812,37.3928036],[-5.9914995,37.3927001],[-5.9908832,37.3936156],[-5.9903663,37.3942306],[-5.9904911,37.3949595]]}},{"type":"Feature","properties":{"id_hdad":8,"hermandad":"La Amargura","calle":"Calle San Juan de la Palma","osm":"Calle San Juan de la Palma"},"geometry":{"type":"Point","coordinates":[-5.9904911,37.3949595]}},{"type":"Feature","properties":{"id_hdad":8,"hermandad":"La Amargura","calle":"Calle Madre María Purísima de la Cruz","osm":"Calle Madre María Purísima de la Cruz"},"geometry":{"type":"Point","coordinates":[-5.99157,37.39655]}},{"type":"Feature","properties":{"id_hdad":8,"hermandad":"La Amargura","calle":"Calle Feria","osm":"Calle Feria"},"geometry":{"type":"Point","coordinates":[-5.9913199,37.3956879]}},{"type":"Feature","properties":{"id_hdad":8,"hermandad":"La Amargura","calle":"Calle Conde de Torrejón","osm":"Calle Conde de Torrejón"},"geometry":{"type":"Point","coordinates":[-5.9931091,37.3970862]}},{"type":"Feature","properties":{"id_hdad":8,"hermandad":"La Amargura","calle":"Calle Amor de Dios","osm":"Calle Amor de Dios"},"geometry":{"type":"Point","coordinates":[-5.9947526,37.3939161]}},{"type":"Feature","properties":{"id_hdad":8,"hermandad":"La Amargura","calle":"Alameda de Hércules","osm":"Alameda de Hércules"},"geometry":{"type":"Point","coordinates":[-5.9933401,37.4003754]}},{"type":"Feature","properties":{"id_hdad":8,"hermandad":"La Amargura","calle":"Calle Trajano","osm":"Calle Trajano"},"geometry":{"type":"Point","coordinates":[-5.9952985,37.3939039]}},{"type":"Feature","properties":{"id_hdad":8,"hermandad":"La Amargura","calle":"Plaza del Duque de la Victoria","osm":"Plaza del Duque de la Victoria"},"geometry":{"type":"Point","coordinates":[-5.9960464,37.3931151]}},{"type":"Feature","properties":{"id_hdad":8,"hermandad":"La Amargura","calle":"La Campana","osm":"Calle Campana"},"geometry":{"type":"Point","coordinates":[-5.9953759,37.3927251]}},{"type":"Feature","properties":{"id_hdad":8,"hermandad":"La Amargura","calle":"Calle Sierpes","osm":"Calle Sierpes"},"geometry":{"type":"Point","coordinates":[-5.9947885,37.3908748]}},{"type":"Feature","properties":{"id_hdad":8,"hermandad":"La Amargura","calle":"Plaza de San Francisco","osm":"Plaza de San Francisco"},"geometry":{"type":"Point","coordinates":[-5.9939375,37.3886765]}},{"type":"Feature","properties":{"id_hdad":8,"hermandad":"La Amargura","calle":"Avenida de la Constitución","osm":"Avenida de la Constitución"},"geometry":{"type":"Point","coordinates":[-5.9936639,37.3834745]}},{"type":"Feature","properties":{"id_hdad":8,"hermandad":"La Amargura","calle":"Calle Cardenal Carlos Amigo","osm":"Calle Cardenal Carlos Amigo"},"geometry":{"type":"Point","coordinates":[-5.9924671,37.3864962]}},{"type":"Feature","properties":{"id_hdad":8,"hermandad":"La Amargura","calle":"Calle Alemanes","osm":"Calle Alemanes"},"geometry":{"type":"Point","coordinates":[-5.9940816,37.3866707]}},{"type":"Feature","properties":{"id_hdad":8,"hermandad":"La Amargura","calle":"Calle Álvarez Quintero","osm":"Calle Álvarez Quintero"},"geometry":{"type":"Point","coordinates":[-5.9932735,37.3895303]}},{"type":"Feature","properties":{"id_hdad":8,"hermandad":"La Amargura","calle":"Calle Argote de Molina","osm":"Calle Argote de Molina"},"geometry":{"type":"Point","coordinates":[-5.9911938,37.3885932]}},{"type":"Feature","properties":{"id_hdad":8,"hermandad":"La Amargura","calle":"Calle Placentines","osm":"Calle Placentines"},"geometry":{"type":"Point","coordinates":[-5.9924834,37.3870654]}},{"type":"Feature","properties":{"id_hdad":8,"hermandad":"La Amargura","calle":"Calle Francos","osm":"Calle Francos"},"geometry":{"type":"Point","coordinates":[-5.9927104,37.388333]}},{"type":"Feature","properties":{"id_hdad":8,"hermandad":"La Amargura","calle":"Calle Villegas","osm":"Calle Villegas"},"geometry":{"type":"Point","coordinates":[-5.992781,37.389701]}},{"type":"Feature","properties":{"id_hdad":8,"hermandad":"La Amargura","calle":"Plaza del Salvador","osm":"Plaza del Salvador"},"geometry":{"type":"Point","coordinates":[-5.9931868,37.3900367]}},{"type":"Feature","properties":{"id_hdad":8,"hermandad":"La Amargura","calle":"Calle Cuna","osm":"Calle Cuna"},"geometry":{"type":"Point","coordinates":[-5.9934667,37.3916005]}},{"type":"Feature","properties":{"id_hdad":8,"hermandad":"La Amargura","calle":"Calle Laraña","osm":"Calle Laraña"},"geometry":{"type":"Point","coordinates":[-5.9929812,37.3928036]}},{"type":"Feature","properties":{"id_hdad":8,"hermandad":"La Amargura","calle":"Plaza de la Encarnación","osm":"Plaza de la Encarnación"},"geometry":{"type":"Point","coordinates":[-5.9914995,37.3927001]}},{"type":"Feature","properties":{"id_hdad":8,"hermandad":"La Amargura","calle":"Calle Alcázares","osm":"Calle Alcázares"},"geometry":{"type":"Point","coordinates":[-5.9908832,37.3936156]}},{"type":"Feature","properties":{"id_hdad":8,"hermandad":"La Amargura","calle":"Calle Santa Ángela de la Cruz","osm":"Calle Santa Ángela de la Cruz"},"geometry":{"type":"Point","coordinates":[-5.9903663,37.3942306]}},{"type":"Feature","properties":{"id_hdad":8,"hermandad":"La Amargura","calle":"Calle San Juan de la Palma","osm":"Calle San Juan de la Palma"},"geometry":{"type":"Point","coordinates":[-5.9904911,37.3949595]}},{"type":"Feature","properties":{"id_hdad":9,"nombre":"El Amor","dia":"domingo-de-ramos"},"geometry":{"type":"LineString","coordinates":[[-5.9931868,37.3900367],[-5.9934667,37.3916005],[-5.9937493,37.3932616],[-5.9945728,37.3937054],[-5.9947526,37.3939161],[-5.995328,37.3943919],[-5.9947324,37.3986896],[-5.9960464,37.3931151],[-5.9953759,37.3927251],[-5.9947885,37.3908748],[-5.9939375,37.3886765],[-5.9936639,37.3834745],[-5.9924671,37.3864962],[-5.9940816,37.3866707],[-5.9932735,37.3895303],[-5.9911938,37.3885932],[-5.9924834,37.3870654],[-5.9927104,37.388333],[-5.9929995,37.3886113],[-5.9932735,37.3895303],[-5.9931868,37.3900367]]}},{"type":"Feature","properties":{"id_hdad":9,"hermandad":"El Amor","calle":"Plaza del Salvador","osm":"Plaza del Salvador"},"geometry":{"type":"Point","coordinates":[-5.9931868,37.3900367]}},{"type":"Feature","properties":{"id_hdad":9,"hermandad":"El Amor","calle":"Calle Cuna","osm":"Calle Cuna"},"geometry":{"type":"Point","coordinates":[-5.9934667,37.3916005]}},{"type":"Feature","properties":{"id_hdad":9,"hermandad":"El Amor","calle":"Calle Orfila","osm":"Calle Orfila"},"geometry":{"type":"Point","coordinates":[-5.9937493,37.3932616]}},{"type":"Feature","properties":{"id_hdad":9,"hermandad":"El Amor","calle":"Calle Javier Lasso de la Vega","osm":"Calle Javier Lasso de la Vega"},"geometry":{"type":"Point","coordinates":[-5.9945728,37.3937054]}},{"type":"Feature","properties":{"id_hdad":9,"hermandad":"El Amor","calle":"Calle Amor de Dios","osm":"Calle Amor de Dios"},"geometry":{"type":"Point","coordinates":[-5.9947526,37.3939161]}},{"type":"Feature","properties":{"id_hdad":9,"hermandad":"El Amor","calle":"Calle San Miguel","osm":"Calle San Miguel"},"geometry":{"type":"Point","coordinates":[-5.995328,37.3943919]}},{"type":"Feature","properties":{"id_hdad":9,"hermandad":"El Amor","calle":"Plaza de Jesús del Gran Poder","osm":"Calle Jesús del Gran Poder"},"geometry":{"type":"Point","coordinates":[-5.9947324,37.3986896]}},{"type":"Feature","properties":{"id_hdad":9,"hermandad":"El Amor","calle":"Plaza del Duque de la Victoria","osm":"Plaza del Duque de la Victoria"},"geometry":{"type":"Point","coordinates":[-5.9960464,37.3931151]}},{"type":"Feature","properties":{"id_hdad":9,"hermandad":"El Amor","calle":"La Campana","osm":"Calle Campana"},"geometry":{"type":"Point","coordinates":[-5.9953759,37.3927251]}},{"type":"Feature","properties":{"id_hdad":9,"hermandad":"El Amor","calle":"Calle Sierpes","osm":"Calle Sierpes"},"geometry":{"type":"Point","coordinates":[-5.9947885,37.3908748]}},{"type":"Feature","properties":{"id_hdad":9,"hermandad":"El Amor","calle":"Plaza de San Francisco","osm":"Plaza de San Francisco"},"geometry":{"type":"Point","coordinates":[-5.9939375,37.3886765]}},{"type":"Feature","properties":{"id_hdad":9,"hermandad":"El Amor","calle":"Avenida de la Constitución","osm":"Avenida de la Constitución"},"geometry":{"type":"Point","coordinates":[-5.9936639,37.3834745]}},{"type":"Feature","properties":{"id_hdad":9,"hermandad":"El Amor","calle":"Calle Cardenal Carlos Amigo","osm":"Calle Cardenal Carlos Amigo"},"geometry":{"type":"Point","coordinates":[-5.9924671,37.3864962]}},{"type":"Feature","properties":{"id_hdad":9,"hermandad":"El Amor","calle":"Calle Alemanes","osm":"Calle Alemanes"},"geometry":{"type":"Point","coordinates":[-5.9940816,37.3866707]}},{"type":"Feature","properties":{"id_hdad":9,"hermandad":"El Amor","calle":"Calle Álvarez Quintero","osm":"Calle Álvarez Quintero"},"geometry":{"type":"Point","coordinates":[-5.9932735,37.3895303]}},{"type":"Feature","properties":{"id_hdad":9,"hermandad":"El Amor","calle":"Calle Argote de Molina","osm":"Calle Argote de Molina"},"geometry":{"type":"Point","coordinates":[-5.9911938,37.3885932]}},{"type":"Feature","properties":{"id_hdad":9,"hermandad":"El Amor","calle":"Calle Placentines","osm":"Calle Placentines"},"geometry":{"type":"Point","coordinates":[-5.9924834,37.3870654]}},{"type":"Feature","properties":{"id_hdad":9,"hermandad":"El Amor","calle":"Calle Francos","osm":"Calle Francos"},"geometry":{"type":"Point","coordinates":[-5.9927104,37.388333]}},{"type":"Feature","properties":{"id_hdad":9,"hermandad":"El Amor","calle":"Calle Chapineros","osm":"Calle Chapineros"},"geometry":{"type":"Point","coordinates":[-5.9929995,37.3886113]}},{"type":"Feature","properties":{"id_hdad":9,"hermandad":"El Amor","calle":"Calle Álvarez Quintero","osm":"Calle Álvarez Quintero"},"geometry":{"type":"Point","coordinates":[-5.9932735,37.3895303]}},{"type":"Feature","properties":{"id_hdad":9,"hermandad":"El Amor","calle":"Plaza del Salvador","osm":"Plaza del Salvador"},"geometry":{"type":"Point","coordinates":[-5.9931868,37.3900367]}},{"type":"Feature","properties":{"id_hdad":10,"nombre":"San Pablo","dia":"lunes-santo"},"geometry":{"type":"LineString","coordinates":[[-5.9611599,37.3978305],[-5.9822102,37.3881016],[-5.9828,37.3892],[-5.9852809,37.3896553],[-5.9870332,37.3896374],[-5.9877519,37.3898791],[-5.9899739,37.3900219],[-5.990668,37.3899828],[-5.991085,37.3897911],[-5.992781,37.389701],[-5.9932735,37.3895303],[-5.99373,37.38936],[-5.9939092,37.3892628],[-5.9939375,37.3886765],[-5.9944989,37.3890801],[-5.9960103,37.3889602],[-5.995176,37.3900449],[-5.9959,37.39062],[-5.9962268,37.3919486],[-5.9960464,37.3931151],[-5.9953759,37.3927251],[-5.9947885,37.3908748],[-5.9939375,37.3886765],[-5.9936639,37.3834745],[-5.9924671,37.3864962],[-5.9940816,37.3866707],[-5.9932735,37.3895303],[-5.9911938,37.3885932],[-5.9924834,37.3870654],[-5.9927104,37.388333],[-5.9923836,37.3907074],[-5.9914995,37.3927001],[-5.9908796,37.3926098],[-5.9896917,37.3925047],[-5.9890313,37.3927037],[-5.9882675,37.3929088],[-5.9874545,37.393084],[-5.984483,37.3938976],[-5.9841545,37.3942804],[-5.9836419,37.3946234],[-5.9837122,37.3938292],[-5.9611599,37.3978305]]}},{"type":"Feature","properties":{"id_hdad":10,"hermandad":"San Pablo","calle":"Avenida de Pedro Romero","osm":"Avenida de Pedro Romero"},"geometry":{"type":"Point","coordinates":[-5.9611599,37.3978305]}},{"type":"Feature","properties":{"id_hdad":10,"hermandad":"San Pablo","calle":"Calle Luis Montoto","osm":"Calle Luis Montoto"},"geometry":{"type":"Point","coordinates":[-5.9822102,37.3881016]}},{"type":"Feature","properties":{"id_hdad":10,"hermandad":"San Pablo","calle":"Calle Puerta de Carmona","osm":"Calle Puerta de Carmona"},"geometry":{"type":"Point","coordinates":[-5.9828,37.3892]}},{"type":"Feature","properties":{"id_hdad":10,"hermandad":"San Pablo","calle":"Calle San Esteban","osm":"Calle San Esteban"},"geometry":{"type":"Point","coordinates":[-5.9852809,37.3896553]}},{"type":"Feature","properties":{"id_hdad":10,"hermandad":"San Pablo","calle":"Plaza de Pilatos","osm":"Plaza de Pilatos"},"geometry":{"type":"Point","coordinates":[-5.9870332,37.3896374]}},{"type":"Feature","properties":{"id_hdad":10,"hermandad":"San Pablo","calle":"Calle Águilas","osm":"Calle Águilas"},"geometry":{"type":"Point","coordinates":[-5.9877519,37.3898791]}},{"type":"Feature","properties":{"id_hdad":10,"hermandad":"San Pablo","calle":"Calle Alfalfa","osm":"Calle Alfalfa"},"geometry":{"type":"Point","coordinates":[-5.9899739,37.3900219]}},{"type":"Feature","properties":{"id_hdad":10,"hermandad":"San Pablo","calle":"Calle Jesús de las Tres Caídas","osm":"Calle Jesús de las Tres Caídas"},"geometry":{"type":"Point","coordinates":[-5.990668,37.3899828]}},{"type":"Feature","properties":{"id_hdad":10,"hermandad":"San Pablo","calle":"Cuesta del Rosario","osm":"Calle Cuesta del Rosario"},"geometry":{"type":"Point","coordinates":[-5.991085,37.3897911]}},{"type":"Feature","properties":{"id_hdad":10,"hermandad":"San Pablo","calle":"Calle Villegas","osm":"Calle Villegas"},"geometry":{"type":"Point","coordinates":[-5.992781,37.389701]}},{"type":"Feature","properties":{"id_hdad":10,"hermandad":"San Pablo","calle":"Calle Álvarez Quintero","osm":"Calle Álvarez Quintero"},"geometry":{"type":"Point","coordinates":[-5.9932735,37.3895303]}},{"type":"Feature","properties":{"id_hdad":10,"hermandad":"San Pablo","calle":"Calle Entrecárceles","osm":"Calle Entrecárceles"},"geometry":{"type":"Point","coordinates":[-5.99373,37.38936]}},{"type":"Feature","properties":{"id_hdad":10,"hermandad":"San Pablo","calle":"Calle Francisco Bruna","osm":"Calle Francisco Bruna"},"geometry":{"type":"Point","coordinates":[-5.9939092,37.3892628]}},{"type":"Feature","properties":{"id_hdad":10,"hermandad":"San Pablo","calle":"Plaza de San Francisco","osm":"Plaza de San Francisco"},"geometry":{"type":"Point","coordinates":[-5.9939375,37.3886765]}},{"type":"Feature","properties":{"id_hdad":10,"hermandad":"San Pablo","calle":"Calle Granada","osm":"Calle Granada"},"geometry":{"type":"Point","coordinates":[-5.9944989,37.3890801]}},{"type":"Feature","properties":{"id_hdad":10,"hermandad":"San Pablo","calle":"Plaza Nueva","osm":"Plaza Nueva"},"geometry":{"type":"Point","coordinates":[-5.9960103,37.3889602]}},{"type":"Feature","properties":{"id_hdad":10,"hermandad":"San Pablo","calle":"Calle Tetuán","osm":"Calle Tetuán"},"geometry":{"type":"Point","coordinates":[-5.995176,37.3900449]}},{"type":"Feature","properties":{"id_hdad":10,"hermandad":"San Pablo","calle":"Calle Velázquez","osm":"Calle Velázquez"},"geometry":{"type":"Point","coordinates":[-5.9959,37.39062]}},{"type":"Feature","properties":{"id_hdad":10,"hermandad":"San Pablo","calle":"Calle O'Donnell","osm":"Calle O'Donnell"},"geometry":{"type":"Point","coordinates":[-5.9962268,37.3919486]}},{"type":"Feature","properties":{"id_hdad":10,"hermandad":"San Pablo","calle":"Plaza del Duque de la Victoria","osm":"Plaza del Duque de la Victoria"},"geometry":{"type":"Point","coordinates":[-5.9960464,37.3931151]}},{"type":"Feature","properties":{"id_hdad":10,"hermandad":"San Pablo","calle":"La Campana","osm":"Calle Campana"},"geometry":{"type":"Point","coordinates":[-5.9953759,37.3927251]}},{"type":"Feature","properties":{"id_hdad":10,"hermandad":"San Pablo","calle":"Calle Sierpes","osm":"Calle Sierpes"},"geometry":{"type":"Point","coordinates":[-5.9947885,37.3908748]}},{"type":"Feature","properties":{"id_hdad":10,"hermandad":"San Pablo","calle":"Plaza de San Francisco","osm":"Plaza de San Francisco"},"geometry":{"type":"Point","coordinates":[-5.9939375,37.3886765]}},{"type":"Feature","properties":{"id_hdad":10,"hermandad":"San Pablo","calle":"Avenida de la Constitución","osm":"Avenida de la Constitución"},"geometry":{"type":"Point","coordinates":[-5.9936639,37.3834745]}},{"type":"Feature","properties":{"id_hdad":10,"hermandad":"San Pablo","calle":"Calle Cardenal Carlos Amigo","osm":"Calle Cardenal Carlos Amigo"},"geometry":{"type":"Point","coordinates":[-5.9924671,37.3864962]}},{"type":"Feature","properties":{"id_hdad":10,"hermandad":"San Pablo","calle":"Calle Alemanes","osm":"Calle Alemanes"},"geometry":{"type":"Point","coordinates":[-5.9940816,37.3866707]}},{"type":"Feature","properties":{"id_hdad":10,"hermandad":"San Pablo","calle":"Calle Álvarez Quintero","osm":"Calle Álvarez Quintero"},"geometry":{"type":"Point","coordinates":[-5.9932735,37.3895303]}},{"type":"Feature","properties":{"id_hdad":10,"hermandad":"San Pablo","calle":"Calle Argote de Molina","osm":"Calle Argote de Molina"},"geometry":{"type":"Point","coordinates":[-5.9911938,37.3885932]}},{"type":"Feature","properties":{"id_hdad":10,"hermandad":"San Pablo","calle":"Calle Placentines","osm":"Calle Placentines"},"geometry":{"type":"Point","coordinates":[-5.9924834,37.3870654]}},{"type":"Feature","properties":{"id_hdad":10,"hermandad":"San Pablo","calle":"Calle Francos","osm":"Calle Francos"},"geometry":{"type":"Point","coordinates":[-5.9927104,37.388333]}},{"type":"Feature","properties":{"id_hdad":10,"hermandad":"San Pablo","calle":"Calle Lineros","osm":"Calle Lineros"},"geometry":{"type":"Point","coordinates":[-5.9923836,37.3907074]}},{"type":"Feature","properties":{"id_hdad":10,"hermandad":"San Pablo","calle":"Plaza de la Encarnación","osm":"Plaza de la Encarnación"},"geometry":{"type":"Point","coordinates":[-5.9914995,37.3927001]}},{"type":"Feature","properties":{"id_hdad":10,"hermandad":"San Pablo","calle":"Calle Imagen","osm":"Calle Imagen"},"geometry":{"type":"Point","coordinates":[-5.9908796,37.3926098]}},{"type":"Feature","properties":{"id_hdad":10,"hermandad":"San Pablo","calle":"Plaza de San Pedro","osm":"Plaza de San Pedro"},"geometry":{"type":"Point","coordinates":[-5.9896917,37.3925047]}},{"type":"Feature","properties":{"id_hdad":10,"hermandad":"San Pablo","calle":"Calle Almirante Apodaca","osm":"Calle Almirante Apodaca"},"geometry":{"type":"Point","coordinates":[-5.9890313,37.3927037]}},{"type":"Feature","properties":{"id_hdad":10,"hermandad":"San Pablo","calle":"Calle Juan de Mesa","osm":"Calle Juan de Mesa"},"geometry":{"type":"Point","coordinates":[-5.9882675,37.3929088]}},{"type":"Feature","properties":{"id_hdad":10,"hermandad":"San Pablo","calle":"Plaza de Ponce de León","osm":"Plaza Ponce de León"},"geometry":{"type":"Point","coordinates":[-5.9874545,37.393084]}},{"type":"Feature","properties":{"id_hdad":10,"hermandad":"San Pablo","calle":"Calle Pinto","osm":"Calle Pinto"},"geometry":{"type":"Point","coordinates":[-5.984483,37.3938976]}},{"type":"Feature","properties":{"id_hdad":10,"hermandad":"San Pablo","calle":"Calle Valle","osm":"Calle Valle"},"geometry":{"type":"Point","coordinates":[-5.9841545,37.3942804]}},{"type":"Feature","properties":{"id_hdad":10,"hermandad":"San Pablo","calle":"Calle Mateos","osm":"Calle Mateos"},"geometry":{"type":"Point","coordinates":[-5.9836419,37.3946234]}},{"type":"Feature","properties":{"id_hdad":10,"hermandad":"San Pablo","calle":"Calle María Auxiliadora","osm":"Calle María Auxiliadora"},"geometry":{"type":"Point","coordinates":[-5.9837122,37.3938292]}},{"type":"Feature","properties":{"id_hdad":10,"hermandad":"San Pablo","calle":"Avenida de Pedro Romero","osm":"Avenida de Pedro Romero"},"geometry":{"type":"Point","coordinates":[-5.9611599,37.3978305]}},{"type":"Feature","properties":{"id_hdad":11,"nombre":"Redención","dia":"lunes-santo"},"geometry":{"type":"LineString","coordinates":[[-5.9873832,37.3924611],[-5.9882675,37.3929088],[-5.9890313,37.3927037],[-5.9896917,37.3925047],[-5.9908796,37.3926098],[-5.9914995,37.3927001],[-5.9929812,37.3928036],[-5.9937493,37.3932616],[-5.9945728,37.3937054],[-5.9952985,37.3939039],[-5.9960464,37.3931151],[-5.9953759,37.3927251],[-5.9947885,37.3908748],[-5.9939375,37.3886765],[-5.9936639,37.3834745],[-5.9924671,37.3864962],[-5.9940816,37.3866707],[-5.9932735,37.3895303],[-5.9911938,37.3885932],[-5.9924834,37.3870654],[-5.9927104,37.388333],[-5.9929995,37.3886113],[-5.9932735,37.3895303],[-5.992781,37.389701],[-5.991085,37.3897911],[-5.990668,37.3899828],[-5.9903819,37.3904418],[-5.99075,37.3908772],[-5.9901652,37.391109],[-5.9895944,37.3919974],[-5.989217,37.3915072],[-5.9886539,37.3921907],[-5.9884981,37.3912397],[-5.9880501,37.3920877],[-5.9882675,37.3929088],[-5.9873832,37.3924611]]}},{"type":"Feature","properties":{"id_hdad":11,"hermandad":"Redención","calle":"Calle Santiago","osm":"Calle Santiago"},"geometry":{"type":"Point","coordinates":[-5.9873832,37.3924611]}},{"type":"Feature","properties":{"id_hdad":11,"hermandad":"Redención","calle":"Calle Juan de Mesa","osm":"Calle Juan de Mesa"},"geometry":{"type":"Point","coordinates":[-5.9882675,37.3929088]}},{"type":"Feature","properties":{"id_hdad":11,"hermandad":"Redención","calle":"Calle Almirante Apodaca","osm":"Calle Almirante Apodaca"},"geometry":{"type":"Point","coordinates":[-5.9890313,37.3927037]}},{"type":"Feature","properties":{"id_hdad":11,"hermandad":"Redención","calle":"Plaza de San Pedro","osm":"Plaza de San Pedro"},"geometry":{"type":"Point","coordinates":[-5.9896917,37.3925047]}},{"type":"Feature","properties":{"id_hdad":11,"hermandad":"Redención","calle":"Calle Imagen","osm":"Calle Imagen"},"geometry":{"type":"Point","coordinates":[-5.9908796,37.3926098]}},{"type":"Feature","properties":{"id_hdad":11,"hermandad":"Redención","calle":"Plaza de la Encarnación","osm":"Plaza de la Encarnación"},"geometry":{"type":"Point","coordinates":[-5.9914995,37.3927001]}},{"type":"Feature","properties":{"id_hdad":11,"hermandad":"Redención","calle":"Calle Laraña","osm":"Calle Laraña"},"geometry":{"type":"Point","coordinates":[-5.9929812,37.3928036]}},{"type":"Feature","properties":{"id_hdad":11,"hermandad":"Redención","calle":"Calle Orfila","osm":"Calle Orfila"},"geometry":{"type":"Point","coordinates":[-5.9937493,37.3932616]}},{"type":"Feature","properties":{"id_hdad":11,"hermandad":"Redención","calle":"Calle Javier Lasso de la Vega","osm":"Calle Javier Lasso de la Vega"},"geometry":{"type":"Point","coordinates":[-5.9945728,37.3937054]}},{"type":"Feature","properties":{"id_hdad":11,"hermandad":"Redención","calle":"Calle Trajano","osm":"Calle Trajano"},"geometry":{"type":"Point","coordinates":[-5.9952985,37.3939039]}},{"type":"Feature","properties":{"id_hdad":11,"hermandad":"Redención","calle":"Plaza del Duque de la Victoria","osm":"Plaza del Duque de la Victoria"},"geometry":{"type":"Point","coordinates":[-5.9960464,37.3931151]}},{"type":"Feature","properties":{"id_hdad":11,"hermandad":"Redención","calle":"La Campana","osm":"Calle Campana"},"geometry":{"type":"Point","coordinates":[-5.9953759,37.3927251]}},{"type":"Feature","properties":{"id_hdad":11,"hermandad":"Redención","calle":"Calle Sierpes","osm":"Calle Sierpes"},"geometry":{"type":"Point","coordinates":[-5.9947885,37.3908748]}},{"type":"Feature","properties":{"id_hdad":11,"hermandad":"Redención","calle":"Plaza de San Francisco","osm":"Plaza de San Francisco"},"geometry":{"type":"Point","coordinates":[-5.9939375,37.3886765]}},{"type":"Feature","properties":{"id_hdad":11,"hermandad":"Redención","calle":"Avenida de la Constitución","osm":"Avenida de la Constitución"},"geometry":{"type":"Point","coordinates":[-5.9936639,37.3834745]}},{"type":"Feature","properties":{"id_hdad":11,"hermandad":"Redención","calle":"Calle Cardenal Carlos Amigo","osm":"Calle Cardenal Carlos Amigo"},"geometry":{"type":"Point","coordinates":[-5.9924671,37.3864962]}},{"type":"Feature","properties":{"id_hdad":11,"hermandad":"Redención","calle":"Calle Alemanes","osm":"Calle Alemanes"},"geometry":{"type":"Point","coordinates":[-5.9940816,37.3866707]}},{"type":"Feature","properties":{"id_hdad":11,"hermandad":"Redención","calle":"Calle Álvarez Quintero","osm":"Calle Álvarez Quintero"},"geometry":{"type":"Point","coordinates":[-5.9932735,37.3895303]}},{"type":"Feature","properties":{"id_hdad":11,"hermandad":"Redención","calle":"Calle Argote de Molina","osm":"Calle Argote de Molina"},"geometry":{"type":"Point","coordinates":[-5.9911938,37.3885932]}},{"type":"Feature","properties":{"id_hdad":11,"hermandad":"Redención","calle":"Calle Placentines","osm":"Calle Placentines"},"geometry":{"type":"Point","coordinates":[-5.9924834,37.3870654]}},{"type":"Feature","properties":{"id_hdad":11,"hermandad":"Redención","calle":"Calle Francos","osm":"Calle Francos"},"geometry":{"type":"Point","coordinates":[-5.9927104,37.388333]}},{"type":"Feature","properties":{"id_hdad":11,"hermandad":"Redención","calle":"Calle Chapineros","osm":"Calle Chapineros"},"geometry":{"type":"Point","coordinates":[-5.9929995,37.3886113]}},{"type":"Feature","properties":{"id_hdad":11,"hermandad":"Redención","calle":"Calle Álvarez Quintero","osm":"Calle Álvarez Quintero"},"geometry":{"type":"Point","coordinates":[-5.9932735,37.3895303]}},{"type":"Feature","properties":{"id_hdad":11,"hermandad":"Redención","calle":"Calle Villegas","osm":"Calle Villegas"},"geometry":{"type":"Point","coordinates":[-5.992781,37.389701]}},{"type":"Feature","properties":{"id_hdad":11,"hermandad":"Redención","calle":"Cuesta del Rosario","osm":"Calle Cuesta del Rosario"},"geometry":{"type":"Point","coordinates":[-5.991085,37.3897911]}},{"type":"Feature","properties":{"id_hdad":11,"hermandad":"Redención","calle":"Calle Jesús de las Tres Caídas","osm":"Calle Jesús de las Tres Caídas"},"geometry":{"type":"Point","coordinates":[-5.990668,37.3899828]}},{"type":"Feature","properties":{"id_hdad":11,"hermandad":"Redención","calle":"Calle Odreros","osm":"Calle Odreros"},"geometry":{"type":"Point","coordinates":[-5.9903819,37.3904418]}},{"type":"Feature","properties":{"id_hdad":11,"hermandad":"Redención","calle":"Calle Boteros","osm":"Calle Boteros"},"geometry":{"type":"Point","coordinates":[-5.99075,37.3908772]}},{"type":"Feature","properties":{"id_hdad":11,"hermandad":"Redención","calle":"Calle Sales y Ferré","osm":"Calle Sales y Ferré"},"geometry":{"type":"Point","coordinates":[-5.9901652,37.391109]}},{"type":"Feature","properties":{"id_hdad":11,"hermandad":"Redención","calle":"Plaza del Cristo de Burgos","osm":"Plaza del Cristo de Burgos"},"geometry":{"type":"Point","coordinates":[-5.9895944,37.3919974]}},{"type":"Feature","properties":{"id_hdad":11,"hermandad":"Redención","calle":"Calle Dormitorio","osm":"Calle Dormitorio"},"geometry":{"type":"Point","coordinates":[-5.989217,37.3915072]}},{"type":"Feature","properties":{"id_hdad":11,"hermandad":"Redención","calle":"Calle Alhóndiga","osm":"Calle Alhóndiga"},"geometry":{"type":"Point","coordinates":[-5.9886539,37.3921907]}},{"type":"Feature","properties":{"id_hdad":11,"hermandad":"Redención","calle":"Plaza de San Leandro","osm":"Plaza de San Leandro"},"geometry":{"type":"Point","coordinates":[-5.9884981,37.3912397]}},{"type":"Feature","properties":{"id_hdad":11,"hermandad":"Redención","calle":"Calle Francisco Carrión Mejías","osm":"Calle Francisco Carrión Mejías"},"geometry":{"type":"Point","coordinates":[-5.9880501,37.3920877]}},{"type":"Feature","properties":{"id_hdad":11,"hermandad":"Redención","calle":"Calle Juan de Mesa","osm":"Calle Juan de Mesa"},"geometry":{"type":"Point","coordinates":[-5.9882675,37.3929088]}},{"type":"Feature","properties":{"id_hdad":11,"hermandad":"Redención","calle":"Calle Santiago","osm":"Calle Santiago"},"geometry":{"type":"Point","coordinates":[-5.9873832,37.3924611]}},{"type":"Feature","properties":{"id_hdad":12,"nombre":"Santa Genoveva","dia":"lunes-santo"},"geometry":{"type":"LineString","coordinates":[[-5.9765845,37.3680814],[-5.9762186,37.3706933],[-5.9830563,37.3737626],[-5.9832682,37.3736398],[-5.9861333,37.3741971],[-5.9891672,37.3789469],[-5.9936035,37.3814672],[-5.99281,37.38237],[-5.9936639,37.3834745],[-5.9947647,37.3851507],[-5.99555,37.385],[-5.9951972,37.385176],[-5.9953472,37.3853603],[-5.9961081,37.3862154],[-5.9972329,37.3872018],[-5.9961075,37.3871925],[-5.9951776,37.3879472],[-5.995501,37.3879628],[-5.9960103,37.3889602],[-5.995176,37.3900449],[-5.9959,37.39062],[-5.9962268,37.3919486],[-5.9960464,37.3931151],[-5.9953759,37.3927251],[-5.9947885,37.3908748],[-5.9939375,37.3886765],[-5.9936639,37.3834745],[-5.99235,37.38436],[-5.9926032,37.383726],[-5.992595,37.3837342],[-5.99281,37.38237],[-5.9909424,37.38181],[-5.9891672,37.3789469],[-5.9861333,37.3741971],[-5.9832682,37.3736398],[-5.9830563,37.3737626],[-5.9765845,37.3680814]]}},{"type":"Feature","properties":{"id_hdad":12,"hermandad":"Santa Genoveva","calle":"Calle Romero de Torres","osm":"Calle Romero de Torres"},"geometry":{"type":"Point","coordinates":[-5.9765845,37.3680814]}},{"type":"Feature","properties":{"id_hdad":12,"hermandad":"Santa Genoveva","calle":"Calle Almirante Topete","osm":"Calle Almirante Topete"},"geometry":{"type":"Point","coordinates":[-5.9762186,37.3706933]}},{"type":"Feature","properties":{"id_hdad":12,"hermandad":"Santa Genoveva","calle":"Calle Río de la Plata","osm":"Calle Río de la Plata"},"geometry":{"type":"Point","coordinates":[-5.9830563,37.3737626]}},{"type":"Feature","properties":{"id_hdad":12,"hermandad":"Santa Genoveva","calle":"Calle Brasil","osm":"Calle Brasil"},"geometry":{"type":"Point","coordinates":[-5.9832682,37.3736398]}},{"type":"Feature","properties":{"id_hdad":12,"hermandad":"Santa Genoveva","calle":"Avenida de Covadonga","osm":"Glorieta Covadonga"},"geometry":{"type":"Point","coordinates":[-5.9861333,37.3741971]}},{"type":"Feature","properties":{"id_hdad":12,"hermandad":"Santa Genoveva","calle":"Avenida de Isabel la Católica","osm":"Avenida Isabel la Católica"},"geometry":{"type":"Point","coordinates":[-5.9891672,37.3789469]}},{"type":"Feature","properties":{"id_hdad":12,"hermandad":"Santa Genoveva","calle":"Avenida de Roma","osm":"Avenida de Roma"},"geometry":{"type":"Point","coordinates":[-5.9936035,37.3814672]}},{"type":"Feature","properties":{"id_hdad":12,"hermandad":"Santa Genoveva","calle":"Plaza Puerta de Jerez","osm":"Plaza Puerta de Jerez"},"geometry":{"type":"Point","coordinates":[-5.99281,37.38237]}},{"type":"Feature","properties":{"id_hdad":12,"hermandad":"Santa Genoveva","calle":"Avenida de la Constitución","osm":"Avenida de la Constitución"},"geometry":{"type":"Point","coordinates":[-5.9936639,37.3834745]}},{"type":"Feature","properties":{"id_hdad":12,"hermandad":"Santa Genoveva","calle":"Calle Almirantazgo","osm":"Calle Almirantazgo"},"geometry":{"type":"Point","coordinates":[-5.9947647,37.3851507]}},{"type":"Feature","properties":{"id_hdad":12,"hermandad":"Santa Genoveva","calle":"Calle Arco del Postigo","osm":"Calle Arco del Postigo"},"geometry":{"type":"Point","coordinates":[-5.99555,37.385]}},{"type":"Feature","properties":{"id_hdad":12,"hermandad":"Santa Genoveva","calle":"Calle Dos de Mayo","osm":"Calle Dos de Mayo"},"geometry":{"type":"Point","coordinates":[-5.9951972,37.385176]}},{"type":"Feature","properties":{"id_hdad":12,"hermandad":"Santa Genoveva","calle":"Calle Arfe","osm":"Calle Arfe"},"geometry":{"type":"Point","coordinates":[-5.9953472,37.3853603]}},{"type":"Feature","properties":{"id_hdad":12,"hermandad":"Santa Genoveva","calle":"Calle Puerta del Arenal","osm":"Calle Puerta del Arenal"},"geometry":{"type":"Point","coordinates":[-5.9961081,37.3862154]}},{"type":"Feature","properties":{"id_hdad":12,"hermandad":"Santa Genoveva","calle":"Calle Castelar","osm":"Calle Castelar"},"geometry":{"type":"Point","coordinates":[-5.9972329,37.3872018]}},{"type":"Feature","properties":{"id_hdad":12,"hermandad":"Santa Genoveva","calle":"Calle Gamazo","osm":"Calle Gamazo"},"geometry":{"type":"Point","coordinates":[-5.9961075,37.3871925]}},{"type":"Feature","properties":{"id_hdad":12,"hermandad":"Santa Genoveva","calle":"Calle Joaquín Guichot","osm":"Calle Joaquín Guichot"},"geometry":{"type":"Point","coordinates":[-5.9951776,37.3879472]}},{"type":"Feature","properties":{"id_hdad":12,"hermandad":"Santa Genoveva","calle":"Calle Barcelona","osm":"Calle Barcelona"},"geometry":{"type":"Point","coordinates":[-5.995501,37.3879628]}},{"type":"Feature","properties":{"id_hdad":12,"hermandad":"Santa Genoveva","calle":"Plaza Nueva","osm":"Plaza Nueva"},"geometry":{"type":"Point","coordinates":[-5.9960103,37.3889602]}},{"type":"Feature","properties":{"id_hdad":12,"hermandad":"Santa Genoveva","calle":"Calle Tetuán","osm":"Calle Tetuán"},"geometry":{"type":"Point","coordinates":[-5.995176,37.3900449]}},{"type":"Feature","properties":{"id_hdad":12,"hermandad":"Santa Genoveva","calle":"Calle Velázquez","osm":"Calle Velázquez"},"geometry":{"type":"Point","coordinates":[-5.9959,37.39062]}},{"type":"Feature","properties":{"id_hdad":12,"hermandad":"Santa Genoveva","calle":"Calle O'Donnell","osm":"Calle O'Donnell"},"geometry":{"type":"Point","coordinates":[-5.9962268,37.3919486]}},{"type":"Feature","properties":{"id_hdad":12,"hermandad":"Santa Genoveva","calle":"Plaza del Duque de la Victoria","osm":"Plaza del Duque de la Victoria"},"geometry":{"type":"Point","coordinates":[-5.9960464,37.3931151]}},{"type":"Feature","properties":{"id_hdad":12,"hermandad":"Santa Genoveva","calle":"La Campana","osm":"Calle Campana"},"geometry":{"type":"Point","coordinates":[-5.9953759,37.3927251]}},{"type":"Feature","properties":{"id_hdad":12,"hermandad":"Santa Genoveva","calle":"Calle Sierpes","osm":"Calle Sierpes"},"geometry":{"type":"Point","coordinates":[-5.9947885,37.3908748]}},{"type":"Feature","properties":{"id_hdad":12,"hermandad":"Santa Genoveva","calle":"Plaza de San Francisco","osm":"Plaza de San Francisco"},"geometry":{"type":"Point","coordinates":[-5.9939375,37.3886765]}},{"type":"Feature","properties":{"id_hdad":12,"hermandad":"Santa Genoveva","calle":"Avenida de la Constitución","osm":"Avenida de la Constitución"},"geometry":{"type":"Point","coordinates":[-5.9936639,37.3834745]}},{"type":"Feature","properties":{"id_hdad":12,"hermandad":"Santa Genoveva","calle":"Calle Miguel Mañara","osm":"Calle Miguel Mañara"},"geometry":{"type":"Point","coordinates":[-5.99235,37.38436]}},{"type":"Feature","properties":{"id_hdad":12,"hermandad":"Santa Genoveva","calle":"Plaza de La Contratación","osm":"Plaza de la Contratación"},"geometry":{"type":"Point","coordinates":[-5.9926032,37.383726]}},{"type":"Feature","properties":{"id_hdad":12,"hermandad":"Santa Genoveva","calle":"Calle San Gregorio","osm":"Plaza de San Gregorio"},"geometry":{"type":"Point","coordinates":[-5.992595,37.3837342]}},{"type":"Feature","properties":{"id_hdad":12,"hermandad":"Santa Genoveva","calle":"Plaza Puerta de Jerez","osm":"Plaza Puerta de Jerez"},"geometry":{"type":"Point","coordinates":[-5.99281,37.38237]}},{"type":"Feature","properties":{"id_hdad":12,"hermandad":"Santa Genoveva","calle":"Calle San Fernando","osm":"Calle San Fernando"},"geometry":{"type":"Point","coordinates":[-5.9909424,37.38181]}},{"type":"Feature","properties":{"id_hdad":12,"hermandad":"Santa Genoveva","calle":"Avenida de Isabel la Católica","osm":"Avenida Isabel la Católica"},"geometry":{"type":"Point","coordinates":[-5.9891672,37.3789469]}},{"type":"Feature","properties":{"id_hdad":12,"hermandad":"Santa Genoveva","calle":"Avenida de Covadonga","osm":"Glorieta Covadonga"},"geometry":{"type":"Point","coordinates":[-5.9861333,37.3741971]}},{"type":"Feature","properties":{"id_hdad":12,"hermandad":"Santa Genoveva","calle":"Calle Brasil","osm":"Calle Brasil"},"geometry":{"type":"Point","coordinates":[-5.9832682,37.3736398]}},{"type":"Feature","properties":{"id_hdad":12,"hermandad":"Santa Genoveva","calle":"Calle Río de la Plata","osm":"Calle Río de la Plata"},"geometry":{"type":"Point","coordinates":[-5.9830563,37.3737626]}},{"type":"Feature","properties":{"id_hdad":12,"hermandad":"Santa Genoveva","calle":"Calle Romero de Torres","osm":"Calle Romero de Torres"},"geometry":{"type":"Point","coordinates":[-5.9765845,37.3680814]}},{"type":"Feature","properties":{"id_hdad":13,"nombre":"Santa Marta","dia":"lunes-santo"},"geometry":{"type":"LineString","coordinates":[[-5.9940296,37.39453],[-5.994448,37.3945001],[-5.9947526,37.3939161],[-5.995328,37.3943919],[-5.9947324,37.3986896],[-5.9960464,37.3931151],[-5.9953759,37.3927251],[-5.9947885,37.3908748],[-5.9939375,37.3886765],[-5.9936639,37.3834745],[-5.9924671,37.3864962],[-5.9940816,37.3866707],[-5.9932735,37.3895303],[-5.9911938,37.3885932],[-5.9924834,37.3870654],[-5.9927104,37.388333],[-5.9929995,37.3886113],[-5.9932735,37.3895303],[-5.9931868,37.3900367],[-5.9934667,37.3916005],[-5.9937493,37.3932616],[-5.993848,37.393767],[-5.994158,37.394243],[-5.9941921,37.394338],[-5.9940296,37.39453]]}},{"type":"Feature","properties":{"id_hdad":13,"hermandad":"Santa Marta","calle":"Calle San Andrés","osm":"Calle San Andrés"},"geometry":{"type":"Point","coordinates":[-5.9940296,37.39453]}},{"type":"Feature","properties":{"id_hdad":13,"hermandad":"Santa Marta","calle":"Calle García Tassara","osm":"Calle García Tassara"},"geometry":{"type":"Point","coordinates":[-5.994448,37.3945001]}},{"type":"Feature","properties":{"id_hdad":13,"hermandad":"Santa Marta","calle":"Calle Amor de Dios","osm":"Calle Amor de Dios"},"geometry":{"type":"Point","coordinates":[-5.9947526,37.3939161]}},{"type":"Feature","properties":{"id_hdad":13,"hermandad":"Santa Marta","calle":"Calle San Miguel","osm":"Calle San Miguel"},"geometry":{"type":"Point","coordinates":[-5.995328,37.3943919]}},{"type":"Feature","properties":{"id_hdad":13,"hermandad":"Santa Marta","calle":"Plaza de Jesús del Gran Poder","osm":"Calle Jesús del Gran Poder"},"geometry":{"type":"Point","coordinates":[-5.9947324,37.3986896]}},{"type":"Feature","properties":{"id_hdad":13,"hermandad":"Santa Marta","calle":"Plaza del Duque de la Victoria","osm":"Plaza del Duque de la Victoria"},"geometry":{"type":"Point","coordinates":[-5.9960464,37.3931151]}},{"type":"Feature","properties":{"id_hdad":13,"hermandad":"Santa Marta","calle":"La Campana","osm":"Calle Campana"},"geometry":{"type":"Point","coordinates":[-5.9953759,37.3927251]}},{"type":"Feature","properties":{"id_hdad":13,"hermandad":"Santa Marta","calle":"Calle Sierpes","osm":"Calle Sierpes"},"geometry":{"type":"Point","coordinates":[-5.9947885,37.3908748]}},{"type":"Feature","properties":{"id_hdad":13,"hermandad":"Santa Marta","calle":"Plaza de San Francisco","osm":"Plaza de San Francisco"},"geometry":{"type":"Point","coordinates":[-5.9939375,37.3886765]}},{"type":"Feature","properties":{"id_hdad":13,"hermandad":"Santa Marta","calle":"Avenida de la Constitución","osm":"Avenida de la Constitución"},"geometry":{"type":"Point","coordinates":[-5.9936639,37.3834745]}},{"type":"Feature","properties":{"id_hdad":13,"hermandad":"Santa Marta","calle":"Calle Cardenal Carlos Amigo","osm":"Calle Cardenal Carlos Amigo"},"geometry":{"type":"Point","coordinates":[-5.9924671,37.3864962]}},{"type":"Feature","properties":{"id_hdad":13,"hermandad":"Santa Marta","calle":"Calle Alemanes","osm":"Calle Alemanes"},"geometry":{"type":"Point","coordinates":[-5.9940816,37.3866707]}},{"type":"Feature","properties":{"id_hdad":13,"hermandad":"Santa Marta","calle":"Calle Álvarez Quintero","osm":"Calle Álvarez Quintero"},"geometry":{"type":"Point","coordinates":[-5.9932735,37.3895303]}},{"type":"Feature","properties":{"id_hdad":13,"hermandad":"Santa Marta","calle":"Calle Argote de Molina","osm":"Calle Argote de Molina"},"geometry":{"type":"Point","coordinates":[-5.9911938,37.3885932]}},{"type":"Feature","properties":{"id_hdad":13,"hermandad":"Santa Marta","calle":"Calle Placentines","osm":"Calle Placentines"},"geometry":{"type":"Point","coordinates":[-5.9924834,37.3870654]}},{"type":"Feature","properties":{"id_hdad":13,"hermandad":"Santa Marta","calle":"Calle Francos","osm":"Calle Francos"},"geometry":{"type":"Point","coordinates":[-5.9927104,37.388333]}},{"type":"Feature","properties":{"id_hdad":13,"hermandad":"Santa Marta","calle":"Calle Chapineros","osm":"Calle Chapineros"},"geometry":{"type":"Point","coordinates":[-5.9929995,37.3886113]}},{"type":"Feature","properties":{"id_hdad":13,"hermandad":"Santa Marta","calle":"Calle Álvarez Quintero","osm":"Calle Álvarez Quintero"},"geometry":{"type":"Point","coordinates":[-5.9932735,37.3895303]}},{"type":"Feature","properties":{"id_hdad":13,"hermandad":"Santa Marta","calle":"Plaza del Salvador","osm":"Plaza del Salvador"},"geometry":{"type":"Point","coordinates":[-5.9931868,37.3900367]}},{"type":"Feature","properties":{"id_hdad":13,"hermandad":"Santa Marta","calle":"Calle Cuna","osm":"Calle Cuna"},"geometry":{"type":"Point","coordinates":[-5.9934667,37.3916005]}},{"type":"Feature","properties":{"id_hdad":13,"hermandad":"Santa Marta","calle":"Calle Orfila","osm":"Calle Orfila"},"geometry":{"type":"Point","coordinates":[-5.9937493,37.3932616]}},{"type":"Feature","properties":{"id_hdad":13,"hermandad":"Santa Marta","calle":"Plaza Fernando de Herrera","osm":"Plaza Fernando de Herrera"},"geometry":{"type":"Point","coordinates":[-5.993848,37.393767]}},{"type":"Feature","properties":{"id_hdad":13,"hermandad":"Santa Marta","calle":"Plaza Fernando de Herrera","osm":"Plaza Fernando de Herrera"},"geometry":{"type":"Point","coordinates":[-5.994158,37.394243]}},{"type":"Feature","properties":{"id_hdad":13,"hermandad":"Santa Marta","calle":"Calle Daoiz","osm":"Calle Daoiz"},"geometry":{"type":"Point","coordinates":[-5.9941921,37.394338]}},{"type":"Feature","properties":{"id_hdad":13,"hermandad":"Santa Marta","calle":"Calle San Andrés","osm":"Calle San Andrés"},"geometry":{"type":"Point","coordinates":[-5.9940296,37.39453]}},{"type":"Feature","properties":{"id_hdad":14,"nombre":"San Gonzalo","dia":"lunes-santo"},"geometry":{"type":"LineString","coordinates":[[-6.0105215,37.380051],[-6.0050771,37.3837205],[-6.0030664,37.3853948],[-6.0023919,37.3863288],[-6.0000899,37.3887251],[-5.9995369,37.3892515],[-5.9974,37.3894],[-5.9968379,37.390749],[-5.9956153,37.3909244],[-5.9959,37.39062],[-5.9962268,37.3919486],[-5.9960464,37.3931151],[-5.9953759,37.3927251],[-5.9947885,37.3908748],[-5.9939375,37.3886765],[-5.9936639,37.3834745],[-5.9931263,37.3851399],[-5.9947647,37.3851507],[-5.99555,37.385],[-5.9951972,37.385176],[-5.9953472,37.3853603],[-5.9984,37.3868],[-6.0002454,37.3882667],[-6.0000899,37.3887251],[-6.0023919,37.3863288],[-6.0030664,37.3853948],[-6.0050771,37.3837205],[-6.0105215,37.380051]]}},{"type":"Feature","properties":{"id_hdad":14,"hermandad":"San Gonzalo","calle":"Plaza de San Gonzalo","osm":"Plaza de San Gonzalo"},"geometry":{"type":"Point","coordinates":[-6.0105215,37.380051]}},{"type":"Feature","properties":{"id_hdad":14,"hermandad":"San Gonzalo","calle":"Calle San Jacinto","osm":"Calle San Jacinto"},"geometry":{"type":"Point","coordinates":[-6.0050771,37.3837205]}},{"type":"Feature","properties":{"id_hdad":14,"hermandad":"San Gonzalo","calle":"Plaza del Altozano","osm":"Plaza del Altozano"},"geometry":{"type":"Point","coordinates":[-6.0030664,37.3853948]}},{"type":"Feature","properties":{"id_hdad":14,"hermandad":"San Gonzalo","calle":"Puente de Isabel II","osm":"Puente de Isabel II"},"geometry":{"type":"Point","coordinates":[-6.0023919,37.3863288]}},{"type":"Feature","properties":{"id_hdad":14,"hermandad":"San Gonzalo","calle":"Calle Reyes Católicos","osm":"Calle Reyes Católicos"},"geometry":{"type":"Point","coordinates":[-6.0000899,37.3887251]}},{"type":"Feature","properties":{"id_hdad":14,"hermandad":"San Gonzalo","calle":"Calle Puerta de Triana","osm":"Calle Puerta de Triana"},"geometry":{"type":"Point","coordinates":[-5.9995369,37.3892515]}},{"type":"Feature","properties":{"id_hdad":14,"hermandad":"San Gonzalo","calle":"Calle San Pablo","osm":"Calle San Pablo"},"geometry":{"type":"Point","coordinates":[-5.9974,37.3894]}},{"type":"Feature","properties":{"id_hdad":14,"hermandad":"San Gonzalo","calle":"Plaza de la Magdalena","osm":"Plaza de la Magdalena"},"geometry":{"type":"Point","coordinates":[-5.9968379,37.390749]}},{"type":"Feature","properties":{"id_hdad":14,"hermandad":"San Gonzalo","calle":"Calle Rioja","osm":"Calle Rioja"},"geometry":{"type":"Point","coordinates":[-5.9956153,37.3909244]}},{"type":"Feature","properties":{"id_hdad":14,"hermandad":"San Gonzalo","calle":"Calle Velázquez","osm":"Calle Velázquez"},"geometry":{"type":"Point","coordinates":[-5.9959,37.39062]}},{"type":"Feature","properties":{"id_hdad":14,"hermandad":"San Gonzalo","calle":"Calle O'Donnell","osm":"Calle O'Donnell"},"geometry":{"type":"Point","coordinates":[-5.9962268,37.3919486]}},{"type":"Feature","properties":{"id_hdad":14,"hermandad":"San Gonzalo","calle":"Plaza del Duque de la Victoria","osm":"Plaza del Duque de la Victoria"},"geometry":{"type":"Point","coordinates":[-5.9960464,37.3931151]}},{"type":"Feature","properties":{"id_hdad":14,"hermandad":"San Gonzalo","calle":"La Campana","osm":"Calle Campana"},"geometry":{"type":"Point","coordinates":[-5.9953759,37.3927251]}},{"type":"Feature","properties":{"id_hdad":14,"hermandad":"San Gonzalo","calle":"Calle Sierpes","osm":"Calle Sierpes"},"geometry":{"type":"Point","coordinates":[-5.9947885,37.3908748]}},{"type":"Feature","properties":{"id_hdad":14,"hermandad":"San Gonzalo","calle":"Plaza de San Francisco","osm":"Plaza de San Francisco"},"geometry":{"type":"Point","coordinates":[-5.9939375,37.3886765]}},{"type":"Feature","properties":{"id_hdad":14,"hermandad":"San Gonzalo","calle":"Avenida de la Constitución","osm":"Avenida de la Constitución"},"geometry":{"type":"Point","coordinates":[-5.9936639,37.3834745]}},{"type":"Feature","properties":{"id_hdad":14,"hermandad":"San Gonzalo","calle":"Calle Fray Ceferino González","osm":"Calle Fray Ceferino González"},"geometry":{"type":"Point","coordinates":[-5.9931263,37.3851399]}},{"type":"Feature","properties":{"id_hdad":14,"hermandad":"San Gonzalo","calle":"Calle Almirantazgo","osm":"Calle Almirantazgo"},"geometry":{"type":"Point","coordinates":[-5.9947647,37.3851507]}},{"type":"Feature","properties":{"id_hdad":14,"hermandad":"San Gonzalo","calle":"Calle Arco del Postigo","osm":"Calle Arco del Postigo"},"geometry":{"type":"Point","coordinates":[-5.99555,37.385]}},{"type":"Feature","properties":{"id_hdad":14,"hermandad":"San Gonzalo","calle":"Calle Dos de Mayo","osm":"Calle Dos de Mayo"},"geometry":{"type":"Point","coordinates":[-5.9951972,37.385176]}},{"type":"Feature","properties":{"id_hdad":14,"hermandad":"San Gonzalo","calle":"Calle Arfe","osm":"Calle Arfe"},"geometry":{"type":"Point","coordinates":[-5.9953472,37.3853603]}},{"type":"Feature","properties":{"id_hdad":14,"hermandad":"San Gonzalo","calle":"Calle Adriano","osm":"Calle Adriano"},"geometry":{"type":"Point","coordinates":[-5.9984,37.3868]}},{"type":"Feature","properties":{"id_hdad":14,"hermandad":"San Gonzalo","calle":"Calle Pastor y Landero","osm":"Calle Pastor y Landero"},"geometry":{"type":"Point","coordinates":[-6.0002454,37.3882667]}},{"type":"Feature","properties":{"id_hdad":14,"hermandad":"San Gonzalo","calle":"Calle Reyes Católicos","osm":"Calle Reyes Católicos"},"geometry":{"type":"Point","coordinates":[-6.0000899,37.3887251]}},{"type":"Feature","properties":{"id_hdad":14,"hermandad":"San Gonzalo","calle":"Puente de Isabel II","osm":"Puente de Isabel II"},"geometry":{"type":"Point","coordinates":[-6.0023919,37.3863288]}},{"type":"Feature","properties":{"id_hdad":14,"hermandad":"San Gonzalo","calle":"Plaza del Altozano","osm":"Plaza del Altozano"},"geometry":{"type":"Point","coordinates":[-6.0030664,37.3853948]}},{"type":"Feature","properties":{"id_hdad":14,"hermandad":"San Gonzalo","calle":"Calle San Jacinto","osm":"Calle San Jacinto"},"geometry":{"type":"Point","coordinates":[-6.0050771,37.3837205]}},{"type":"Feature","properties":{"id_hdad":14,"hermandad":"San Gonzalo","calle":"Plaza de San Gonzalo","osm":"Plaza de San Gonzalo"},"geometry":{"type":"Point","coordinates":[-6.0105215,37.380051]}},{"type":"Feature","properties":{"id_hdad":15,"nombre":"Vera-Cruz","dia":"lunes-santo"},"geometry":{"type":"LineString","coordinates":[[-5.9984807,37.3935516],[-5.9979445,37.3939831],[-5.9972194,37.3938019],[-5.9967933,37.3945045],[-5.9960464,37.3931151],[-5.9953759,37.3927251],[-5.9947885,37.3908748],[-5.9939375,37.3886765],[-5.9936639,37.3834745],[-5.9924671,37.3864962],[-5.9924834,37.3870654],[-5.9927104,37.388333],[-5.992781,37.389701],[-5.9931868,37.3900367],[-5.9934667,37.3916005],[-5.9937493,37.3932616],[-5.9945728,37.3937054],[-5.9956419,37.3939039],[-5.9947324,37.3986896],[-5.9963843,37.3942981],[-5.9967933,37.3945045],[-5.9966468,37.3948202],[-5.9978968,37.3951943],[-5.9984807,37.3935516]]}},{"type":"Feature","properties":{"id_hdad":15,"hermandad":"Vera-Cruz","calle":"Calle Jesús de la Vera-Cruz","osm":"Calle Jesús de la Vera-Cruz"},"geometry":{"type":"Point","coordinates":[-5.9984807,37.3935516]}},{"type":"Feature","properties":{"id_hdad":15,"hermandad":"Vera-Cruz","calle":"Calle Virgen de los Buenos Libros","osm":"Calle Virgen de los Buenos Libros"},"geometry":{"type":"Point","coordinates":[-5.9979445,37.3939831]}},{"type":"Feature","properties":{"id_hdad":15,"hermandad":"Vera-Cruz","calle":"Calle Teniente Borges","osm":"Calle Teniente Borges"},"geometry":{"type":"Point","coordinates":[-5.9972194,37.3938019]}},{"type":"Feature","properties":{"id_hdad":15,"hermandad":"Vera-Cruz","calle":"Plaza de La Concordia","osm":"Plaza de la Concordia"},"geometry":{"type":"Point","coordinates":[-5.9967933,37.3945045]}},{"type":"Feature","properties":{"id_hdad":15,"hermandad":"Vera-Cruz","calle":"Plaza del Duque de la Victoria","osm":"Plaza del Duque de la Victoria"},"geometry":{"type":"Point","coordinates":[-5.9960464,37.3931151]}},{"type":"Feature","properties":{"id_hdad":15,"hermandad":"Vera-Cruz","calle":"La Campana","osm":"Calle Campana"},"geometry":{"type":"Point","coordinates":[-5.9953759,37.3927251]}},{"type":"Feature","properties":{"id_hdad":15,"hermandad":"Vera-Cruz","calle":"Calle Sierpes","osm":"Calle Sierpes"},"geometry":{"type":"Point","coordinates":[-5.9947885,37.3908748]}},{"type":"Feature","properties":{"id_hdad":15,"hermandad":"Vera-Cruz","calle":"Plaza de San Francisco","osm":"Plaza de San Francisco"},"geometry":{"type":"Point","coordinates":[-5.9939375,37.3886765]}},{"type":"Feature","properties":{"id_hdad":15,"hermandad":"Vera-Cruz","calle":"Avenida de la Constitución","osm":"Avenida de la Constitución"},"geometry":{"type":"Point","coordinates":[-5.9936639,37.3834745]}},{"type":"Feature","properties":{"id_hdad":15,"hermandad":"Vera-Cruz","calle":"Calle Cardenal Carlos Amigo","osm":"Calle Cardenal Carlos Amigo"},"geometry":{"type":"Point","coordinates":[-5.9924671,37.3864962]}},{"type":"Feature","properties":{"id_hdad":15,"hermandad":"Vera-Cruz","calle":"Calle Placentines","osm":"Calle Placentines"},"geometry":{"type":"Point","coordinates":[-5.9924834,37.3870654]}},{"type":"Feature","properties":{"id_hdad":15,"hermandad":"Vera-Cruz","calle":"Calle Francos","osm":"Calle Francos"},"geometry":{"type":"Point","coordinates":[-5.9927104,37.388333]}},{"type":"Feature","properties":{"id_hdad":15,"hermandad":"Vera-Cruz","calle":"Calle Villegas","osm":"Calle Villegas"},"geometry":{"type":"Point","coordinates":[-5.992781,37.389701]}},{"type":"Feature","properties":{"id_hdad":15,"hermandad":"Vera-Cruz","calle":"Plaza del Salvador","osm":"Plaza del Salvador"},"geometry":{"type":"Point","coordinates":[-5.9931868,37.3900367]}},{"type":"Feature","properties":{"id_hdad":15,"hermandad":"Vera-Cruz","calle":"Calle Cuna","osm":"Calle Cuna"},"geometry":{"type":"Point","coordinates":[-5.9934667,37.3916005]}},{"type":"Feature","properties":{"id_hdad":15,"hermandad":"Vera-Cruz","calle":"Calle Orfila","osm":"Calle Orfila"},"geometry":{"type":"Point","coordinates":[-5.9937493,37.3932616]}},{"type":"Feature","properties":{"id_hdad":15,"hermandad":"Vera-Cruz","calle":"Calle Javier Lasso de la Vega","osm":"Calle Javier Lasso de la Vega"},"geometry":{"type":"Point","coordinates":[-5.9945728,37.3937054]}},{"type":"Feature","properties":{"id_hdad":15,"hermandad":"Vera-Cruz","calle":"Calle Aponte","osm":"Calle Aponte"},"geometry":{"type":"Point","coordinates":[-5.9956419,37.3939039]}},{"type":"Feature","properties":{"id_hdad":15,"hermandad":"Vera-Cruz","calle":"Plaza de Jesús del Gran Poder","osm":"Calle Jesús del Gran Poder"},"geometry":{"type":"Point","coordinates":[-5.9947324,37.3986896]}},{"type":"Feature","properties":{"id_hdad":15,"hermandad":"Vera-Cruz","calle":"Calle Las Cortes","osm":"Calle Las Cortes"},"geometry":{"type":"Point","coordinates":[-5.9963843,37.3942981]}},{"type":"Feature","properties":{"id_hdad":15,"hermandad":"Vera-Cruz","calle":"Plaza de La Concordia","osm":"Plaza de la Concordia"},"geometry":{"type":"Point","coordinates":[-5.9967933,37.3945045]}},{"type":"Feature","properties":{"id_hdad":15,"hermandad":"Vera-Cruz","calle":"Plaza de la Gavidia","osm":"Plaza de la Gavidia"},"geometry":{"type":"Point","coordinates":[-5.9966468,37.3948202]}},{"type":"Feature","properties":{"id_hdad":15,"hermandad":"Vera-Cruz","calle":"Calle Baños","osm":"Calle Baños"},"geometry":{"type":"Point","coordinates":[-5.9978968,37.3951943]}},{"type":"Feature","properties":{"id_hdad":15,"hermandad":"Vera-Cruz","calle":"Calle Jesús de la Vera-Cruz","osm":"Calle Jesús de la Vera-Cruz"},"geometry":{"type":"Point","coordinates":[-5.9984807,37.3935516]}},{"type":"Feature","properties":{"id_hdad":16,"nombre":"Las Penas","dia":"lunes-santo"},"geometry":{"type":"LineString","coordinates":[[-5.9989654,37.3941809],[-5.998851,37.3976815],[-5.9965356,37.3927513],[-5.9960464,37.3931151],[-5.9953759,37.3927251],[-5.9947885,37.3908748],[-5.9939375,37.3886765],[-5.9936639,37.3834745],[-5.9924671,37.3864962],[-5.9924834,37.3870654],[-5.9927104,37.388333],[-5.992781,37.389701],[-5.9931868,37.3900367],[-5.9937797,37.3901395],[-5.9947086,37.3899991],[-5.995176,37.3900449],[-5.9959,37.39062],[-5.9962268,37.3919486],[-5.9953759,37.3927251],[-5.9965356,37.3927513],[-5.9976096,37.3933619],[-5.9979445,37.3939831],[-5.9989654,37.3941809]]}},{"type":"Feature","properties":{"id_hdad":16,"hermandad":"Las Penas","calle":"Calle Cardenal Cisneros","osm":"Calle Cardenal Cisneros"},"geometry":{"type":"Point","coordinates":[-5.9989654,37.3941809]}},{"type":"Feature","properties":{"id_hdad":16,"hermandad":"Las Penas","calle":"Calle San Vicente","osm":"Calle San Vicente"},"geometry":{"type":"Point","coordinates":[-5.998851,37.3976815]}},{"type":"Feature","properties":{"id_hdad":16,"hermandad":"Las Penas","calle":"Calle Alfonso XII","osm":"Calle Alfonso XII"},"geometry":{"type":"Point","coordinates":[-5.9965356,37.3927513]}},{"type":"Feature","properties":{"id_hdad":16,"hermandad":"Las Penas","calle":"Plaza del Duque de la Victoria","osm":"Plaza del Duque de la Victoria"},"geometry":{"type":"Point","coordinates":[-5.9960464,37.3931151]}},{"type":"Feature","properties":{"id_hdad":16,"hermandad":"Las Penas","calle":"La Campana","osm":"Calle Campana"},"geometry":{"type":"Point","coordinates":[-5.9953759,37.3927251]}},{"type":"Feature","properties":{"id_hdad":16,"hermandad":"Las Penas","calle":"Calle Sierpes","osm":"Calle Sierpes"},"geometry":{"type":"Point","coordinates":[-5.9947885,37.3908748]}},{"type":"Feature","properties":{"id_hdad":16,"hermandad":"Las Penas","calle":"Plaza de San Francisco","osm":"Plaza de San Francisco"},"geometry":{"type":"Point","coordinates":[-5.9939375,37.3886765]}},{"type":"Feature","properties":{"id_hdad":16,"hermandad":"Las Penas","calle":"Avenida de la Constitución","osm":"Avenida de la Constitución"},"geometry":{"type":"Point","coordinates":[-5.9936639,37.3834745]}},{"type":"Feature","properties":{"id_hdad":16,"hermandad":"Las Penas","calle":"Calle Cardenal Carlos Amigo","osm":"Calle Cardenal Carlos Amigo"},"geometry":{"type":"Point","coordinates":[-5.9924671,37.3864962]}},{"type":"Feature","properties":{"id_hdad":16,"hermandad":"Las Penas","calle":"Calle Placentines","osm":"Calle Placentines"},"geometry":{"type":"Point","coordinates":[-5.9924834,37.3870654]}},{"type":"Feature","properties":{"id_hdad":16,"hermandad":"Las Penas","calle":"Calle Francos","osm":"Calle Francos"},"geometry":{"type":"Point","coordinates":[-5.9927104,37.388333]}},{"type":"Feature","properties":{"id_hdad":16,"hermandad":"Las Penas","calle":"Calle Villegas","osm":"Calle Villegas"},"geometry":{"type":"Point","coordinates":[-5.992781,37.389701]}},{"type":"Feature","properties":{"id_hdad":16,"hermandad":"Las Penas","calle":"Plaza del Salvador","osm":"Plaza del Salvador"},"geometry":{"type":"Point","coordinates":[-5.9931868,37.3900367]}},{"type":"Feature","properties":{"id_hdad":16,"hermandad":"Las Penas","calle":"Calle Sagasta","osm":"Calle Sagasta"},"geometry":{"type":"Point","coordinates":[-5.9937797,37.3901395]}},{"type":"Feature","properties":{"id_hdad":16,"hermandad":"Las Penas","calle":"Calle Jovellanos","osm":"Calle Jovellanos"},"geometry":{"type":"Point","coordinates":[-5.9947086,37.3899991]}},{"type":"Feature","properties":{"id_hdad":16,"hermandad":"Las Penas","calle":"Calle Tetuán","osm":"Calle Tetuán"},"geometry":{"type":"Point","coordinates":[-5.995176,37.3900449]}},{"type":"Feature","properties":{"id_hdad":16,"hermandad":"Las Penas","calle":"Calle Velázquez","osm":"Calle Velázquez"},"geometry":{"type":"Point","coordinates":[-5.9959,37.39062]}},{"type":"Feature","properties":{"id_hdad":16,"hermandad":"Las Penas","calle":"Calle O'Donnell","osm":"Calle O'Donnell"},"geometry":{"type":"Point","coordinates":[-5.9962268,37.3919486]}},{"type":"Feature","properties":{"id_hdad":16,"hermandad":"Las Penas","calle":"La Campana","osm":"Calle Campana"},"geometry":{"type":"Point","coordinates":[-5.9953759,37.3927251]}},{"type":"Feature","properties":{"id_hdad":16,"hermandad":"Las Penas","calle":"Calle Alfonso XII","osm":"Calle Alfonso XII"},"geometry":{"type":"Point","coordinates":[-5.9965356,37.3927513]}},{"type":"Feature","properties":{"id_hdad":16,"hermandad":"Las Penas","calle":"Calle Santa Vicenta María","osm":"Calle Santa Vicenta María"},"geometry":{"type":"Point","coordinates":[-5.9976096,37.3933619]}},{"type":"Feature","properties":{"id_hdad":16,"hermandad":"Las Penas","calle":"Calle Virgen de los Buenos Libros","osm":"Calle Virgen de los Buenos Libros"},"geometry":{"type":"Point","coordinates":[-5.9979445,37.3939831]}},{"type":"Feature","properties":{"id_hdad":16,"hermandad":"Las Penas","calle":"Calle Cardenal Cisneros","osm":"Calle Cardenal Cisneros"},"geometry":{"type":"Point","coordinates":[-5.9989654,37.3941809]}},{"type":"Feature","properties":{"id_hdad":17,"nombre":"Las Aguas","dia":"lunes-santo"},"geometry":{"type":"LineString","coordinates":[[-5.9951972,37.385176],[-5.9953472,37.3853603],[-5.9961081,37.3862154],[-5.9972329,37.3872018],[-5.9979515,37.3878615],[-5.9976929,37.3878993],[-5.9961639,37.3879138],[-5.9974,37.3894],[-5.9968379,37.390749],[-5.9956153,37.3909244],[-5.9959,37.39062],[-5.9962268,37.3919486],[-5.9960464,37.3931151],[-5.9953759,37.3927251],[-5.9947885,37.3908748],[-5.9939375,37.3886765],[-5.9936639,37.3834745],[-5.9930211,37.38433],[-5.9940317,37.3838262],[-5.9944255,37.3837791],[-5.9949,37.38437],[-5.9947647,37.3851507],[-5.99555,37.385],[-5.9951972,37.385176]]}},{"type":"Feature","properties":{"id_hdad":17,"hermandad":"Las Aguas","calle":"Calle Dos de Mayo","osm":"Calle Dos de Mayo"},"geometry":{"type":"Point","coordinates":[-5.9951972,37.385176]}},{"type":"Feature","properties":{"id_hdad":17,"hermandad":"Las Aguas","calle":"Calle Arfe","osm":"Calle Arfe"},"geometry":{"type":"Point","coordinates":[-5.9953472,37.3853603]}},{"type":"Feature","properties":{"id_hdad":17,"hermandad":"Las Aguas","calle":"Calle Puerta del Arenal","osm":"Calle Puerta del Arenal"},"geometry":{"type":"Point","coordinates":[-5.9961081,37.3862154]}},{"type":"Feature","properties":{"id_hdad":17,"hermandad":"Las Aguas","calle":"Calle Castelar","osm":"Calle Castelar"},"geometry":{"type":"Point","coordinates":[-5.9972329,37.3872018]}},{"type":"Feature","properties":{"id_hdad":17,"hermandad":"Las Aguas","calle":"Plaza de Molviedro","osm":"Plaza de Molviedro"},"geometry":{"type":"Point","coordinates":[-5.9979515,37.3878615]}},{"type":"Feature","properties":{"id_hdad":17,"hermandad":"Las Aguas","calle":"Calle Doña Guiomar","osm":"Calle Doña Guiomar"},"geometry":{"type":"Point","coordinates":[-5.9976929,37.3878993]}},{"type":"Feature","properties":{"id_hdad":17,"hermandad":"Las Aguas","calle":"Calle Zaragoza","osm":"Calle Zaragoza"},"geometry":{"type":"Point","coordinates":[-5.9961639,37.3879138]}},{"type":"Feature","properties":{"id_hdad":17,"hermandad":"Las Aguas","calle":"Calle San Pablo","osm":"Calle San Pablo"},"geometry":{"type":"Point","coordinates":[-5.9974,37.3894]}},{"type":"Feature","properties":{"id_hdad":17,"hermandad":"Las Aguas","calle":"Plaza de la Magdalena","osm":"Plaza de la Magdalena"},"geometry":{"type":"Point","coordinates":[-5.9968379,37.390749]}},{"type":"Feature","properties":{"id_hdad":17,"hermandad":"Las Aguas","calle":"Calle Rioja","osm":"Calle Rioja"},"geometry":{"type":"Point","coordinates":[-5.9956153,37.3909244]}},{"type":"Feature","properties":{"id_hdad":17,"hermandad":"Las Aguas","calle":"Calle Velázquez","osm":"Calle Velázquez"},"geometry":{"type":"Point","coordinates":[-5.9959,37.39062]}},{"type":"Feature","properties":{"id_hdad":17,"hermandad":"Las Aguas","calle":"Calle O'Donnell","osm":"Calle O'Donnell"},"geometry":{"type":"Point","coordinates":[-5.9962268,37.3919486]}},{"type":"Feature","properties":{"id_hdad":17,"hermandad":"Las Aguas","calle":"Plaza del Duque de la Victoria","osm":"Plaza del Duque de la Victoria"},"geometry":{"type":"Point","coordinates":[-5.9960464,37.3931151]}},{"type":"Feature","properties":{"id_hdad":17,"hermandad":"Las Aguas","calle":"La Campana","osm":"Calle Campana"},"geometry":{"type":"Point","coordinates":[-5.9953759,37.3927251]}},{"type":"Feature","properties":{"id_hdad":17,"hermandad":"Las Aguas","calle":"Calle Sierpes","osm":"Calle Sierpes"},"geometry":{"type":"Point","coordinates":[-5.9947885,37.3908748]}},{"type":"Feature","properties":{"id_hdad":17,"hermandad":"Las Aguas","calle":"Plaza de San Francisco","osm":"Plaza de San Francisco"},"geometry":{"type":"Point","coordinates":[-5.9939375,37.3886765]}},{"type":"Feature","properties":{"id_hdad":17,"hermandad":"Las Aguas","calle":"Avenida de la Constitución","osm":"Avenida de la Constitución"},"geometry":{"type":"Point","coordinates":[-5.9936639,37.3834745]}},{"type":"Feature","properties":{"id_hdad":17,"hermandad":"Las Aguas","calle":"Calle Santo Tomás","osm":"Calle Santo Tomás"},"geometry":{"type":"Point","coordinates":[-5.9930211,37.38433]}},{"type":"Feature","properties":{"id_hdad":17,"hermandad":"Las Aguas","calle":"Calle Adolfo Rodríguez Jurado","osm":"Calle Adolfo Rodríguez Jurado"},"geometry":{"type":"Point","coordinates":[-5.9940317,37.3838262]}},{"type":"Feature","properties":{"id_hdad":17,"hermandad":"Las Aguas","calle":"Plaza Ministro Indalecio Prieto","osm":"Plaza Ministro Indalecio Prieto"},"geometry":{"type":"Point","coordinates":[-5.9944255,37.3837791]}},{"type":"Feature","properties":{"id_hdad":17,"hermandad":"Las Aguas","calle":"Calle Tomás de Ibarra","osm":"Calle Tomás de Ibarra"},"geometry":{"type":"Point","coordinates":[-5.9949,37.38437]}},{"type":"Feature","properties":{"id_hdad":17,"hermandad":"Las Aguas","calle":"Calle Almirantazgo","osm":"Calle Almirantazgo"},"geometry":{"type":"Point","coordinates":[-5.9947647,37.3851507]}},{"type":"Feature","properties":{"id_hdad":17,"hermandad":"Las Aguas","calle":"Calle Arco del Postigo","osm":"Calle Arco del Postigo"},"geometry":{"type":"Point","coordinates":[-5.99555,37.385]}},{"type":"Feature","properties":{"id_hdad":17,"hermandad":"Las Aguas","calle":"Calle Dos de Mayo","osm":"Calle Dos de Mayo"},"geometry":{"type":"Point","coordinates":[-5.9951972,37.385176]}},{"type":"Feature","properties":{"id_hdad":18,"nombre":"El Museo","dia":"lunes-santo"},"geometry":{"type":"LineString","coordinates":[[-5.9993065,37.3926614],[-5.9965356,37.3927513],[-5.9960464,37.3931151],[-5.9953759,37.3927251],[-5.9947885,37.3908748],[-5.9939375,37.3886765],[-5.9936639,37.3834745],[-5.9924671,37.3864962],[-5.9940816,37.3866707],[-5.9942014,37.3866357],[-5.9961081,37.3862154],[-5.9972329,37.3872018],[-5.9979515,37.3878615],[-5.9976929,37.3878993],[-5.9961639,37.3879138],[-6.0011458,37.3924992],[-6.0008508,37.3918157],[-5.9982371,37.3907339],[-5.9996079,37.3920772],[-5.9993065,37.3926614]]}},{"type":"Feature","properties":{"id_hdad":18,"hermandad":"El Museo","calle":"Plaza del Museo","osm":"Plaza del Museo"},"geometry":{"type":"Point","coordinates":[-5.9993065,37.3926614]}},{"type":"Feature","properties":{"id_hdad":18,"hermandad":"El Museo","calle":"Calle Alfonso XII","osm":"Calle Alfonso XII"},"geometry":{"type":"Point","coordinates":[-5.9965356,37.3927513]}},{"type":"Feature","properties":{"id_hdad":18,"hermandad":"El Museo","calle":"Plaza del Duque de la Victoria","osm":"Plaza del Duque de la Victoria"},"geometry":{"type":"Point","coordinates":[-5.9960464,37.3931151]}},{"type":"Feature","properties":{"id_hdad":18,"hermandad":"El Museo","calle":"La Campana","osm":"Calle Campana"},"geometry":{"type":"Point","coordinates":[-5.9953759,37.3927251]}},{"type":"Feature","properties":{"id_hdad":18,"hermandad":"El Museo","calle":"Calle Sierpes","osm":"Calle Sierpes"},"geometry":{"type":"Point","coordinates":[-5.9947885,37.3908748]}},{"type":"Feature","properties":{"id_hdad":18,"hermandad":"El Museo","calle":"Plaza de San Francisco","osm":"Plaza de San Francisco"},"geometry":{"type":"Point","coordinates":[-5.9939375,37.3886765]}},{"type":"Feature","properties":{"id_hdad":18,"hermandad":"El Museo","calle":"Avenida de la Constitución","osm":"Avenida de la Constitución"},"geometry":{"type":"Point","coordinates":[-5.9936639,37.3834745]}},{"type":"Feature","properties":{"id_hdad":18,"hermandad":"El Museo","calle":"Calle Cardenal Carlos Amigo","osm":"Calle Cardenal Carlos Amigo"},"geometry":{"type":"Point","coordinates":[-5.9924671,37.3864962]}},{"type":"Feature","properties":{"id_hdad":18,"hermandad":"El Museo","calle":"Calle Alemanes","osm":"Calle Alemanes"},"geometry":{"type":"Point","coordinates":[-5.9940816,37.3866707]}},{"type":"Feature","properties":{"id_hdad":18,"hermandad":"El Museo","calle":"Calle García de Vinuesa","osm":"Calle García de Vinuesa"},"geometry":{"type":"Point","coordinates":[-5.9942014,37.3866357]}},{"type":"Feature","properties":{"id_hdad":18,"hermandad":"El Museo","calle":"Calle Puerta del Arenal","osm":"Calle Puerta del Arenal"},"geometry":{"type":"Point","coordinates":[-5.9961081,37.3862154]}},{"type":"Feature","properties":{"id_hdad":18,"hermandad":"El Museo","calle":"Calle Castelar","osm":"Calle Castelar"},"geometry":{"type":"Point","coordinates":[-5.9972329,37.3872018]}},{"type":"Feature","properties":{"id_hdad":18,"hermandad":"El Museo","calle":"Plaza de Molviedro","osm":"Plaza de Molviedro"},"geometry":{"type":"Point","coordinates":[-5.9979515,37.3878615]}},{"type":"Feature","properties":{"id_hdad":18,"hermandad":"El Museo","calle":"Calle Doña Guiomar","osm":"Calle Doña Guiomar"},"geometry":{"type":"Point","coordinates":[-5.9976929,37.3878993]}},{"type":"Feature","properties":{"id_hdad":18,"hermandad":"El Museo","calle":"Calle Zaragoza","osm":"Calle Zaragoza"},"geometry":{"type":"Point","coordinates":[-5.9961639,37.3879138]}},{"type":"Feature","properties":{"id_hdad":18,"hermandad":"El Museo","calle":"Calle Gravina","osm":"Calle Gravina"},"geometry":{"type":"Point","coordinates":[-6.0011458,37.3924992]}},{"type":"Feature","properties":{"id_hdad":18,"hermandad":"El Museo","calle":"Calle Pedro del Toro","osm":"Calle Pedro del Toro"},"geometry":{"type":"Point","coordinates":[-6.0008508,37.3918157]}},{"type":"Feature","properties":{"id_hdad":18,"hermandad":"El Museo","calle":"Calle Bailén","osm":"Calle Bailén"},"geometry":{"type":"Point","coordinates":[-5.9982371,37.3907339]}},{"type":"Feature","properties":{"id_hdad":18,"hermandad":"El Museo","calle":"Calle Miguel de Carvajal","osm":"Calle Miguel de Carvajal"},"geometry":{"type":"Point","coordinates":[-5.9996079,37.3920772]}},{"type":"Feature","properties":{"id_hdad":18,"hermandad":"El Museo","calle":"Plaza del Museo","osm":"Plaza del Museo"},"geometry":{"type":"Point","coordinates":[-5.9993065,37.3926614]}},{"type":"Feature","properties":{"id_hdad":19,"nombre":"El Cerro","dia":"martes-santo"},"geometry":{"type":"LineString","coordinates":[[-5.9576125,37.3721245],[-5.959843,37.3763047],[-5.9637423,37.3729388],[-5.9654765,37.3737708],[-5.9813265,37.3791377],[-5.9842341,37.3799597],[-5.9884405,37.3812823],[-5.9909424,37.38181],[-5.99281,37.38237],[-5.9936639,37.3834745],[-5.9947647,37.3851507],[-5.9953472,37.3853603],[-5.9961081,37.3862154],[-5.9942014,37.3866357],[-5.9945664,37.3872952],[-5.9960103,37.3889602],[-5.995176,37.3900449],[-5.9959,37.39062],[-5.9962268,37.3919486],[-5.9960464,37.3931151],[-5.9953759,37.3927251],[-5.9947885,37.3908748],[-5.9939375,37.3886765],[-5.9936639,37.3834745],[-5.9931263,37.3851399],[-5.9936639,37.3834745],[-5.99281,37.38237],[-5.9936035,37.3814672],[-5.9927953,37.3804836],[-5.9813265,37.3791377],[-5.9654765,37.3737708],[-5.9637423,37.3729388],[-5.9576125,37.3721245]]}},{"type":"Feature","properties":{"id_hdad":19,"hermandad":"El Cerro","calle":"Calle Afán de Ribera","osm":"Calle Afán de Ribera"},"geometry":{"type":"Point","coordinates":[-5.9576125,37.3721245]}},{"type":"Feature","properties":{"id_hdad":19,"hermandad":"El Cerro","calle":"Calle Aragón","osm":"Calle Aragón"},"geometry":{"type":"Point","coordinates":[-5.959843,37.3763047]}},{"type":"Feature","properties":{"id_hdad":19,"hermandad":"El Cerro","calle":"Avenida de Hytasa","osm":"Avenida de Hytasa"},"geometry":{"type":"Point","coordinates":[-5.9637423,37.3729388]}},{"type":"Feature","properties":{"id_hdad":19,"hermandad":"El Cerro","calle":"Calle Ramón y Cajal","osm":"Avenida Ramón y Cajal"},"geometry":{"type":"Point","coordinates":[-5.9654765,37.3737708]}},{"type":"Feature","properties":{"id_hdad":19,"hermandad":"El Cerro","calle":"Calle Enramadilla","osm":"Calle Enramadilla"},"geometry":{"type":"Point","coordinates":[-5.9813265,37.3791377]}},{"type":"Feature","properties":{"id_hdad":19,"hermandad":"El Cerro","calle":"Avenida de Carlos V","osm":"Avenida de Carlos V"},"geometry":{"type":"Point","coordinates":[-5.9842341,37.3799597]}},{"type":"Feature","properties":{"id_hdad":19,"hermandad":"El Cerro","calle":"Plaza de Don Juan de Austria","osm":"Plaza Don Juan de Austria"},"geometry":{"type":"Point","coordinates":[-5.9884405,37.3812823]}},{"type":"Feature","properties":{"id_hdad":19,"hermandad":"El Cerro","calle":"Calle San Fernando","osm":"Calle San Fernando"},"geometry":{"type":"Point","coordinates":[-5.9909424,37.38181]}},{"type":"Feature","properties":{"id_hdad":19,"hermandad":"El Cerro","calle":"Plaza Puerta de Jerez","osm":"Plaza Puerta de Jerez"},"geometry":{"type":"Point","coordinates":[-5.99281,37.38237]}},{"type":"Feature","properties":{"id_hdad":19,"hermandad":"El Cerro","calle":"Avenida de la Constitución","osm":"Avenida de la Constitución"},"geometry":{"type":"Point","coordinates":[-5.9936639,37.3834745]}},{"type":"Feature","properties":{"id_hdad":19,"hermandad":"El Cerro","calle":"Calle Almirantazgo","osm":"Calle Almirantazgo"},"geometry":{"type":"Point","coordinates":[-5.9947647,37.3851507]}},{"type":"Feature","properties":{"id_hdad":19,"hermandad":"El Cerro","calle":"Calle Arfe","osm":"Calle Arfe"},"geometry":{"type":"Point","coordinates":[-5.9953472,37.3853603]}},{"type":"Feature","properties":{"id_hdad":19,"hermandad":"El Cerro","calle":"Calle Puerta del Arenal","osm":"Calle Puerta del Arenal"},"geometry":{"type":"Point","coordinates":[-5.9961081,37.3862154]}},{"type":"Feature","properties":{"id_hdad":19,"hermandad":"El Cerro","calle":"Calle García de Vinuesa","osm":"Calle García de Vinuesa"},"geometry":{"type":"Point","coordinates":[-5.9942014,37.3866357]}},{"type":"Feature","properties":{"id_hdad":19,"hermandad":"El Cerro","calle":"Calle Fernández y González","osm":"Calle Fernández y González"},"geometry":{"type":"Point","coordinates":[-5.9945664,37.3872952]}},{"type":"Feature","properties":{"id_hdad":19,"hermandad":"El Cerro","calle":"Plaza Nueva","osm":"Plaza Nueva"},"geometry":{"type":"Point","coordinates":[-5.9960103,37.3889602]}},{"type":"Feature","properties":{"id_hdad":19,"hermandad":"El Cerro","calle":"Calle Tetuán","osm":"Calle Tetuán"},"geometry":{"type":"Point","coordinates":[-5.995176,37.3900449]}},{"type":"Feature","properties":{"id_hdad":19,"hermandad":"El Cerro","calle":"Calle Velázquez","osm":"Calle Velázquez"},"geometry":{"type":"Point","coordinates":[-5.9959,37.39062]}},{"type":"Feature","properties":{"id_hdad":19,"hermandad":"El Cerro","calle":"Calle O'Donnell","osm":"Calle O'Donnell"},"geometry":{"type":"Point","coordinates":[-5.9962268,37.3919486]}},{"type":"Feature","properties":{"id_hdad":19,"hermandad":"El Cerro","calle":"Plaza del Duque de la Victoria","osm":"Plaza del Duque de la Victoria"},"geometry":{"type":"Point","coordinates":[-5.9960464,37.3931151]}},{"type":"Feature","properties":{"id_hdad":19,"hermandad":"El Cerro","calle":"La Campana","osm":"Calle Campana"},"geometry":{"type":"Point","coordinates":[-5.9953759,37.3927251]}},{"type":"Feature","properties":{"id_hdad":19,"hermandad":"El Cerro","calle":"Calle Sierpes","osm":"Calle Sierpes"},"geometry":{"type":"Point","coordinates":[-5.9947885,37.3908748]}},{"type":"Feature","properties":{"id_hdad":19,"hermandad":"El Cerro","calle":"Plaza de San Francisco","osm":"Plaza de San Francisco"},"geometry":{"type":"Point","coordinates":[-5.9939375,37.3886765]}},{"type":"Feature","properties":{"id_hdad":19,"hermandad":"El Cerro","calle":"Avenida de la Constitución","osm":"Avenida de la Constitución"},"geometry":{"type":"Point","coordinates":[-5.9936639,37.3834745]}},{"type":"Feature","properties":{"id_hdad":19,"hermandad":"El Cerro","calle":"Calle Fray Ceferino González","osm":"Calle Fray Ceferino González"},"geometry":{"type":"Point","coordinates":[-5.9931263,37.3851399]}},{"type":"Feature","properties":{"id_hdad":19,"hermandad":"El Cerro","calle":"Avenida de la Constitución","osm":"Avenida de la Constitución"},"geometry":{"type":"Point","coordinates":[-5.9936639,37.3834745]}},{"type":"Feature","properties":{"id_hdad":19,"hermandad":"El Cerro","calle":"Plaza Puerta de Jerez","osm":"Plaza Puerta de Jerez"},"geometry":{"type":"Point","coordinates":[-5.99281,37.38237]}},{"type":"Feature","properties":{"id_hdad":19,"hermandad":"El Cerro","calle":"Avenida de Roma","osm":"Avenida de Roma"},"geometry":{"type":"Point","coordinates":[-5.9936035,37.3814672]}},{"type":"Feature","properties":{"id_hdad":19,"hermandad":"El Cerro","calle":"Calle Palos de la Frontera","osm":"Calle Palos de la Frontera"},"geometry":{"type":"Point","coordinates":[-5.9927953,37.3804836]}},{"type":"Feature","properties":{"id_hdad":19,"hermandad":"El Cerro","calle":"Calle Enramadilla","osm":"Calle Enramadilla"},"geometry":{"type":"Point","coordinates":[-5.9813265,37.3791377]}},{"type":"Feature","properties":{"id_hdad":19,"hermandad":"El Cerro","calle":"Calle Ramón y Cajal","osm":"Avenida Ramón y Cajal"},"geometry":{"type":"Point","coordinates":[-5.9654765,37.3737708]}},{"type":"Feature","properties":{"id_hdad":19,"hermandad":"El Cerro","calle":"Avenida de Hytasa","osm":"Avenida de Hytasa"},"geometry":{"type":"Point","coordinates":[-5.9637423,37.3729388]}},{"type":"Feature","properties":{"id_hdad":19,"hermandad":"El Cerro","calle":"Calle Afán de Ribera","osm":"Calle Afán de Ribera"},"geometry":{"type":"Point","coordinates":[-5.9576125,37.3721245]}},{"type":"Feature","properties":{"id_hdad":20,"nombre":"San Esteban","dia":"martes-santo"},"geometry":{"type":"LineString","coordinates":[[-5.9852809,37.3896553],[-5.9870332,37.3896374],[-5.9877519,37.3898791],[-5.98833,37.3903],[-5.988716,37.3905804],[-5.9884604,37.3908097],[-5.9884981,37.3912397],[-5.9886539,37.3921907],[-5.989217,37.3915072],[-5.9895944,37.3919974],[-5.9896917,37.3925047],[-5.9908796,37.3926098],[-5.9914995,37.3927001],[-5.9929812,37.3928036],[-5.9937493,37.3932616],[-5.9945728,37.3937054],[-5.9952985,37.3939039],[-5.9960464,37.3931151],[-5.9953759,37.3927251],[-5.9947885,37.3908748],[-5.9939375,37.3886765],[-5.9936639,37.3834745],[-5.9924671,37.3864962],[-5.9940816,37.3866707],[-5.9932735,37.3895303],[-5.9911938,37.3885932],[-5.9924834,37.3870654],[-5.9927104,37.388333],[-5.991085,37.3897911],[-5.9914973,37.3899764],[-5.9912273,37.3900874],[-5.9899739,37.3900219],[-5.9899739,37.3900219],[-5.9877519,37.3898791],[-5.9870332,37.3896374],[-5.9852809,37.3896553]]}},{"type":"Feature","properties":{"id_hdad":20,"hermandad":"San Esteban","calle":"Calle San Esteban","osm":"Calle San Esteban"},"geometry":{"type":"Point","coordinates":[-5.9852809,37.3896553]}},{"type":"Feature","properties":{"id_hdad":20,"hermandad":"San Esteban","calle":"Plaza de Pilatos","osm":"Plaza de Pilatos"},"geometry":{"type":"Point","coordinates":[-5.9870332,37.3896374]}},{"type":"Feature","properties":{"id_hdad":20,"hermandad":"San Esteban","calle":"Calle Águilas","osm":"Calle Águilas"},"geometry":{"type":"Point","coordinates":[-5.9877519,37.3898791]}},{"type":"Feature","properties":{"id_hdad":20,"hermandad":"San Esteban","calle":"Calle Rodríguez Marín","osm":"Calle Rodríguez Marín"},"geometry":{"type":"Point","coordinates":[-5.98833,37.3903]}},{"type":"Feature","properties":{"id_hdad":20,"hermandad":"San Esteban","calle":"Plaza de San Ildefonso","osm":"Plaza de San Ildefonso"},"geometry":{"type":"Point","coordinates":[-5.988716,37.3905804]}},{"type":"Feature","properties":{"id_hdad":20,"hermandad":"San Esteban","calle":"Calle Zamudio","osm":"Calle Zamudio"},"geometry":{"type":"Point","coordinates":[-5.9884604,37.3908097]}},{"type":"Feature","properties":{"id_hdad":20,"hermandad":"San Esteban","calle":"Plaza de San Leandro","osm":"Plaza de San Leandro"},"geometry":{"type":"Point","coordinates":[-5.9884981,37.3912397]}},{"type":"Feature","properties":{"id_hdad":20,"hermandad":"San Esteban","calle":"Calle Alhóndiga","osm":"Calle Alhóndiga"},"geometry":{"type":"Point","coordinates":[-5.9886539,37.3921907]}},{"type":"Feature","properties":{"id_hdad":20,"hermandad":"San Esteban","calle":"Calle Dormitorio","osm":"Calle Dormitorio"},"geometry":{"type":"Point","coordinates":[-5.989217,37.3915072]}},{"type":"Feature","properties":{"id_hdad":20,"hermandad":"San Esteban","calle":"Plaza del Cristo de Burgos","osm":"Plaza del Cristo de Burgos"},"geometry":{"type":"Point","coordinates":[-5.9895944,37.3919974]}},{"type":"Feature","properties":{"id_hdad":20,"hermandad":"San Esteban","calle":"Plaza de San Pedro","osm":"Plaza de San Pedro"},"geometry":{"type":"Point","coordinates":[-5.9896917,37.3925047]}},{"type":"Feature","properties":{"id_hdad":20,"hermandad":"San Esteban","calle":"Calle Imagen","osm":"Calle Imagen"},"geometry":{"type":"Point","coordinates":[-5.9908796,37.3926098]}},{"type":"Feature","properties":{"id_hdad":20,"hermandad":"San Esteban","calle":"Plaza de la Encarnación","osm":"Plaza de la Encarnación"},"geometry":{"type":"Point","coordinates":[-5.9914995,37.3927001]}},{"type":"Feature","properties":{"id_hdad":20,"hermandad":"San Esteban","calle":"Calle Laraña","osm":"Calle Laraña"},"geometry":{"type":"Point","coordinates":[-5.9929812,37.3928036]}},{"type":"Feature","properties":{"id_hdad":20,"hermandad":"San Esteban","calle":"Calle Orfila","osm":"Calle Orfila"},"geometry":{"type":"Point","coordinates":[-5.9937493,37.3932616]}},{"type":"Feature","properties":{"id_hdad":20,"hermandad":"San Esteban","calle":"Calle Javier Lasso de la Vega","osm":"Calle Javier Lasso de la Vega"},"geometry":{"type":"Point","coordinates":[-5.9945728,37.3937054]}},{"type":"Feature","properties":{"id_hdad":20,"hermandad":"San Esteban","calle":"Calle Trajano","osm":"Calle Trajano"},"geometry":{"type":"Point","coordinates":[-5.9952985,37.3939039]}},{"type":"Feature","properties":{"id_hdad":20,"hermandad":"San Esteban","calle":"Plaza del Duque de la Victoria","osm":"Plaza del Duque de la Victoria"},"geometry":{"type":"Point","coordinates":[-5.9960464,37.3931151]}},{"type":"Feature","properties":{"id_hdad":20,"hermandad":"San Esteban","calle":"La Campana","osm":"Calle Campana"},"geometry":{"type":"Point","coordinates":[-5.9953759,37.3927251]}},{"type":"Feature","properties":{"id_hdad":20,"hermandad":"San Esteban","calle":"Calle Sierpes","osm":"Calle Sierpes"},"geometry":{"type":"Point","coordinates":[-5.9947885,37.3908748]}},{"type":"Feature","properties":{"id_hdad":20,"hermandad":"San Esteban","calle":"Plaza de San Francisco","osm":"Plaza de San Francisco"},"geometry":{"type":"Point","coordinates":[-5.9939375,37.3886765]}},{"type":"Feature","properties":{"id_hdad":20,"hermandad":"San Esteban","calle":"Avenida de la Constitución","osm":"Avenida de la Constitución"},"geometry":{"type":"Point","coordinates":[-5.9936639,37.3834745]}},{"type":"Feature","properties":{"id_hdad":20,"hermandad":"San Esteban","calle":"Calle Cardenal Carlos Amigo","osm":"Calle Cardenal Carlos Amigo"},"geometry":{"type":"Point","coordinates":[-5.9924671,37.3864962]}},{"type":"Feature","properties":{"id_hdad":20,"hermandad":"San Esteban","calle":"Calle Alemanes","osm":"Calle Alemanes"},"geometry":{"type":"Point","coordinates":[-5.9940816,37.3866707]}},{"type":"Feature","properties":{"id_hdad":20,"hermandad":"San Esteban","calle":"Calle Álvarez Quintero","osm":"Calle Álvarez Quintero"},"geometry":{"type":"Point","coordinates":[-5.9932735,37.3895303]}},{"type":"Feature","properties":{"id_hdad":20,"hermandad":"San Esteban","calle":"Calle Argote de Molina","osm":"Calle Argote de Molina"},"geometry":{"type":"Point","coordinates":[-5.9911938,37.3885932]}},{"type":"Feature","properties":{"id_hdad":20,"hermandad":"San Esteban","calle":"Calle Placentines","osm":"Calle Placentines"},"geometry":{"type":"Point","coordinates":[-5.9924834,37.3870654]}},{"type":"Feature","properties":{"id_hdad":20,"hermandad":"San Esteban","calle":"Calle Francos","osm":"Calle Francos"},"geometry":{"type":"Point","coordinates":[-5.9927104,37.388333]}},{"type":"Feature","properties":{"id_hdad":20,"hermandad":"San Esteban","calle":"Cuesta del Rosario","osm":"Calle Cuesta del Rosario"},"geometry":{"type":"Point","coordinates":[-5.991085,37.3897911]}},{"type":"Feature","properties":{"id_hdad":20,"hermandad":"San Esteban","calle":"Plaza de la Pescadería","osm":"Plaza de la Pescadería"},"geometry":{"type":"Point","coordinates":[-5.9914973,37.3899764]}},{"type":"Feature","properties":{"id_hdad":20,"hermandad":"San Esteban","calle":"Calle Ángel María Camacho","osm":"Calle Ángel María Camacho"},"geometry":{"type":"Point","coordinates":[-5.9912273,37.3900874]}},{"type":"Feature","properties":{"id_hdad":20,"hermandad":"San Esteban","calle":"Plaza de La Alfalfa","osm":"Calle Alfalfa"},"geometry":{"type":"Point","coordinates":[-5.9899739,37.3900219]}},{"type":"Feature","properties":{"id_hdad":20,"hermandad":"San Esteban","calle":"Calle Alfalfa","osm":"Calle Alfalfa"},"geometry":{"type":"Point","coordinates":[-5.9899739,37.3900219]}},{"type":"Feature","properties":{"id_hdad":20,"hermandad":"San Esteban","calle":"Calle Águilas","osm":"Calle Águilas"},"geometry":{"type":"Point","coordinates":[-5.9877519,37.3898791]}},{"type":"Feature","properties":{"id_hdad":20,"hermandad":"San Esteban","calle":"Plaza de Pilatos","osm":"Plaza de Pilatos"},"geometry":{"type":"Point","coordinates":[-5.9870332,37.3896374]}},{"type":"Feature","properties":{"id_hdad":20,"hermandad":"San Esteban","calle":"Calle San Esteban","osm":"Calle San Esteban"},"geometry":{"type":"Point","coordinates":[-5.9852809,37.3896553]}},{"type":"Feature","properties":{"id_hdad":21,"nombre":"La Candelaria","dia":"martes-santo"},"geometry":{"type":"LineString","coordinates":[[-5.98986,37.38929],[-5.9898886,37.3890253],[-5.99003,37.3895097],[-5.9901165,37.3898365],[-5.9899739,37.3900219],[-5.9899739,37.3900219],[-5.9912273,37.3900874],[-5.9914973,37.3899764],[-5.991085,37.3897911],[-5.992781,37.389701],[-5.9931868,37.3900367],[-5.9934667,37.3916005],[-5.9937493,37.3932616],[-5.9945728,37.3937054],[-5.9952985,37.3939039],[-5.9960464,37.3931151],[-5.9953759,37.3927251],[-5.9947885,37.3908748],[-5.9939375,37.3886765],[-5.9936639,37.3834745],[-5.99235,37.38436],[-5.9926032,37.383726],[-5.992595,37.3837342],[-5.99281,37.38237],[-5.9909424,37.38181],[-5.9882289,37.38344],[-5.9870272,37.3856852],[-5.9873182,37.3863439],[-5.988888,37.3880126],[-5.98986,37.38929]]}},{"type":"Feature","properties":{"id_hdad":21,"hermandad":"La Candelaria","calle":"Plaza Nuestro Padre Jesús de la Salud","osm":"Plaza Nuestro Padre Jesús de la Salud"},"geometry":{"type":"Point","coordinates":[-5.98986,37.38929]}},{"type":"Feature","properties":{"id_hdad":21,"hermandad":"La Candelaria","calle":"Calle Muñoz y Pabón","osm":"Calle Muñoz y Pabón"},"geometry":{"type":"Point","coordinates":[-5.9898886,37.3890253]}},{"type":"Feature","properties":{"id_hdad":21,"hermandad":"La Candelaria","calle":"Calle Cabeza del Rey Don Pedro","osm":"Calle Cabeza del Rey Don Pedro"},"geometry":{"type":"Point","coordinates":[-5.99003,37.3895097]}},{"type":"Feature","properties":{"id_hdad":21,"hermandad":"La Candelaria","calle":"Calle Candilejo","osm":"Calle Candilejo"},"geometry":{"type":"Point","coordinates":[-5.9901165,37.3898365]}},{"type":"Feature","properties":{"id_hdad":21,"hermandad":"La Candelaria","calle":"Calle Alfalfa","osm":"Calle Alfalfa"},"geometry":{"type":"Point","coordinates":[-5.9899739,37.3900219]}},{"type":"Feature","properties":{"id_hdad":21,"hermandad":"La Candelaria","calle":"Plaza de La Alfalfa","osm":"Calle Alfalfa"},"geometry":{"type":"Point","coordinates":[-5.9899739,37.3900219]}},{"type":"Feature","properties":{"id_hdad":21,"hermandad":"La Candelaria","calle":"Calle Ángel María Camacho","osm":"Calle Ángel María Camacho"},"geometry":{"type":"Point","coordinates":[-5.9912273,37.3900874]}},{"type":"Feature","properties":{"id_hdad":21,"hermandad":"La Candelaria","calle":"Plaza de la Pescadería","osm":"Plaza de la Pescadería"},"geometry":{"type":"Point","coordinates":[-5.9914973,37.3899764]}},{"type":"Feature","properties":{"id_hdad":21,"hermandad":"La Candelaria","calle":"Cuesta del Rosario","osm":"Calle Cuesta del Rosario"},"geometry":{"type":"Point","coordinates":[-5.991085,37.3897911]}},{"type":"Feature","properties":{"id_hdad":21,"hermandad":"La Candelaria","calle":"Calle Villegas","osm":"Calle Villegas"},"geometry":{"type":"Point","coordinates":[-5.992781,37.389701]}},{"type":"Feature","properties":{"id_hdad":21,"hermandad":"La Candelaria","calle":"Plaza del Salvador","osm":"Plaza del Salvador"},"geometry":{"type":"Point","coordinates":[-5.9931868,37.3900367]}},{"type":"Feature","properties":{"id_hdad":21,"hermandad":"La Candelaria","calle":"Calle Cuna","osm":"Calle Cuna"},"geometry":{"type":"Point","coordinates":[-5.9934667,37.3916005]}},{"type":"Feature","properties":{"id_hdad":21,"hermandad":"La Candelaria","calle":"Calle Orfila","osm":"Calle Orfila"},"geometry":{"type":"Point","coordinates":[-5.9937493,37.3932616]}},{"type":"Feature","properties":{"id_hdad":21,"hermandad":"La Candelaria","calle":"Calle Javier Lasso de la Vega","osm":"Calle Javier Lasso de la Vega"},"geometry":{"type":"Point","coordinates":[-5.9945728,37.3937054]}},{"type":"Feature","properties":{"id_hdad":21,"hermandad":"La Candelaria","calle":"Calle Trajano","osm":"Calle Trajano"},"geometry":{"type":"Point","coordinates":[-5.9952985,37.3939039]}},{"type":"Feature","properties":{"id_hdad":21,"hermandad":"La Candelaria","calle":"Plaza del Duque de la Victoria","osm":"Plaza del Duque de la Victoria"},"geometry":{"type":"Point","coordinates":[-5.9960464,37.3931151]}},{"type":"Feature","properties":{"id_hdad":21,"hermandad":"La Candelaria","calle":"La Campana","osm":"Calle Campana"},"geometry":{"type":"Point","coordinates":[-5.9953759,37.3927251]}},{"type":"Feature","properties":{"id_hdad":21,"hermandad":"La Candelaria","calle":"Calle Sierpes","osm":"Calle Sierpes"},"geometry":{"type":"Point","coordinates":[-5.9947885,37.3908748]}},{"type":"Feature","properties":{"id_hdad":21,"hermandad":"La Candelaria","calle":"Plaza de San Francisco","osm":"Plaza de San Francisco"},"geometry":{"type":"Point","coordinates":[-5.9939375,37.3886765]}},{"type":"Feature","properties":{"id_hdad":21,"hermandad":"La Candelaria","calle":"Avenida de la Constitución","osm":"Avenida de la Constitución"},"geometry":{"type":"Point","coordinates":[-5.9936639,37.3834745]}},{"type":"Feature","properties":{"id_hdad":21,"hermandad":"La Candelaria","calle":"Calle Miguel Mañara","osm":"Calle Miguel Mañara"},"geometry":{"type":"Point","coordinates":[-5.99235,37.38436]}},{"type":"Feature","properties":{"id_hdad":21,"hermandad":"La Candelaria","calle":"Plaza de La Contratación","osm":"Plaza de la Contratación"},"geometry":{"type":"Point","coordinates":[-5.9926032,37.383726]}},{"type":"Feature","properties":{"id_hdad":21,"hermandad":"La Candelaria","calle":"Calle San Gregorio","osm":"Plaza de San Gregorio"},"geometry":{"type":"Point","coordinates":[-5.992595,37.3837342]}},{"type":"Feature","properties":{"id_hdad":21,"hermandad":"La Candelaria","calle":"Plaza Puerta de Jerez","osm":"Plaza Puerta de Jerez"},"geometry":{"type":"Point","coordinates":[-5.99281,37.38237]}},{"type":"Feature","properties":{"id_hdad":21,"hermandad":"La Candelaria","calle":"Calle San Fernando","osm":"Calle San Fernando"},"geometry":{"type":"Point","coordinates":[-5.9909424,37.38181]}},{"type":"Feature","properties":{"id_hdad":21,"hermandad":"La Candelaria","calle":"Calle Paseo de Catalina de Ribera","osm":"Paseo de Catalina de Ribera"},"geometry":{"type":"Point","coordinates":[-5.9882289,37.38344]}},{"type":"Feature","properties":{"id_hdad":21,"hermandad":"La Candelaria","calle":"Calle Cano y Cueto","osm":"Calle Cano y Cueto"},"geometry":{"type":"Point","coordinates":[-5.9870272,37.3856852]}},{"type":"Feature","properties":{"id_hdad":21,"hermandad":"La Candelaria","calle":"Calle Santa María la Blanca","osm":"Calle Santa María la Blanca"},"geometry":{"type":"Point","coordinates":[-5.9873182,37.3863439]}},{"type":"Feature","properties":{"id_hdad":21,"hermandad":"La Candelaria","calle":"Calle San José","osm":"Calle San José"},"geometry":{"type":"Point","coordinates":[-5.988888,37.3880126]}},{"type":"Feature","properties":{"id_hdad":21,"hermandad":"La Candelaria","calle":"Plaza Nuestro Padre Jesús de la Salud","osm":"Plaza Nuestro Padre Jesús de la Salud"},"geometry":{"type":"Point","coordinates":[-5.98986,37.38929]}},{"type":"Feature","properties":{"id_hdad":22,"nombre":"San Benito","dia":"martes-santo"},"geometry":{"type":"LineString","coordinates":[[-5.979508,37.3882721],[-5.9822102,37.3881016],[-5.9828,37.3892],[-5.985012,37.3926216],[-5.9873832,37.3924611],[-5.9882675,37.3929088],[-5.9890313,37.3927037],[-5.9896917,37.3925047],[-5.9908796,37.3926098],[-5.9914995,37.3927001],[-5.9929812,37.3928036],[-5.9937493,37.3932616],[-5.9945728,37.3937054],[-5.9952985,37.3939039],[-5.9960464,37.3931151],[-5.9953759,37.3927251],[-5.9947885,37.3908748],[-5.9939375,37.3886765],[-5.9936639,37.3834745],[-5.9924671,37.3864962],[-5.9940816,37.3866707],[-5.9932735,37.3895303],[-5.9911938,37.3885932],[-5.9924834,37.3870654],[-5.9927104,37.388333],[-5.991085,37.3897911],[-5.990668,37.3899828],[-5.9899739,37.3900219],[-5.9877519,37.3898791],[-5.9870332,37.3896374],[-5.9852809,37.3896553],[-5.9828,37.3892],[-5.9822102,37.3881016],[-5.979508,37.3882721]]}},{"type":"Feature","properties":{"id_hdad":22,"hermandad":"San Benito","calle":"Calle San Benito","osm":"Calle San Benito"},"geometry":{"type":"Point","coordinates":[-5.979508,37.3882721]}},{"type":"Feature","properties":{"id_hdad":22,"hermandad":"San Benito","calle":"Calle Luis Montoto","osm":"Calle Luis Montoto"},"geometry":{"type":"Point","coordinates":[-5.9822102,37.3881016]}},{"type":"Feature","properties":{"id_hdad":22,"hermandad":"San Benito","calle":"Calle Puerta de Carmona","osm":"Calle Puerta de Carmona"},"geometry":{"type":"Point","coordinates":[-5.9828,37.3892]}},{"type":"Feature","properties":{"id_hdad":22,"hermandad":"San Benito","calle":"Calle Muro de los Navarros","osm":"Calle Muro de los Navarros"},"geometry":{"type":"Point","coordinates":[-5.985012,37.3926216]}},{"type":"Feature","properties":{"id_hdad":22,"hermandad":"San Benito","calle":"Calle Santiago","osm":"Calle Santiago"},"geometry":{"type":"Point","coordinates":[-5.9873832,37.3924611]}},{"type":"Feature","properties":{"id_hdad":22,"hermandad":"San Benito","calle":"Calle Juan de Mesa","osm":"Calle Juan de Mesa"},"geometry":{"type":"Point","coordinates":[-5.9882675,37.3929088]}},{"type":"Feature","properties":{"id_hdad":22,"hermandad":"San Benito","calle":"Calle Almirante Apodaca","osm":"Calle Almirante Apodaca"},"geometry":{"type":"Point","coordinates":[-5.9890313,37.3927037]}},{"type":"Feature","properties":{"id_hdad":22,"hermandad":"San Benito","calle":"Plaza de San Pedro","osm":"Plaza de San Pedro"},"geometry":{"type":"Point","coordinates":[-5.9896917,37.3925047]}},{"type":"Feature","properties":{"id_hdad":22,"hermandad":"San Benito","calle":"Calle Imagen","osm":"Calle Imagen"},"geometry":{"type":"Point","coordinates":[-5.9908796,37.3926098]}},{"type":"Feature","properties":{"id_hdad":22,"hermandad":"San Benito","calle":"Plaza de la Encarnación","osm":"Plaza de la Encarnación"},"geometry":{"type":"Point","coordinates":[-5.9914995,37.3927001]}},{"type":"Feature","properties":{"id_hdad":22,"hermandad":"San Benito","calle":"Calle Laraña","osm":"Calle Laraña"},"geometry":{"type":"Point","coordinates":[-5.9929812,37.3928036]}},{"type":"Feature","properties":{"id_hdad":22,"hermandad":"San Benito","calle":"Calle Orfila","osm":"Calle Orfila"},"geometry":{"type":"Point","coordinates":[-5.9937493,37.3932616]}},{"type":"Feature","properties":{"id_hdad":22,"hermandad":"San Benito","calle":"Calle Javier Lasso de la Vega","osm":"Calle Javier Lasso de la Vega"},"geometry":{"type":"Point","coordinates":[-5.9945728,37.3937054]}},{"type":"Feature","properties":{"id_hdad":22,"hermandad":"San Benito","calle":"Calle Trajano","osm":"Calle Trajano"},"geometry":{"type":"Point","coordinates":[-5.9952985,37.3939039]}},{"type":"Feature","properties":{"id_hdad":22,"hermandad":"San Benito","calle":"Plaza del Duque de la Victoria","osm":"Plaza del Duque de la Victoria"},"geometry":{"type":"Point","coordinates":[-5.9960464,37.3931151]}},{"type":"Feature","properties":{"id_hdad":22,"hermandad":"San Benito","calle":"La Campana","osm":"Calle Campana"},"geometry":{"type":"Point","coordinates":[-5.9953759,37.3927251]}},{"type":"Feature","properties":{"id_hdad":22,"hermandad":"San Benito","calle":"Calle Sierpes","osm":"Calle Sierpes"},"geometry":{"type":"Point","coordinates":[-5.9947885,37.3908748]}},{"type":"Feature","properties":{"id_hdad":22,"hermandad":"San Benito","calle":"Plaza de San Francisco","osm":"Plaza de San Francisco"},"geometry":{"type":"Point","coordinates":[-5.9939375,37.3886765]}},{"type":"Feature","properties":{"id_hdad":22,"hermandad":"San Benito","calle":"Avenida de la Constitución","osm":"Avenida de la Constitución"},"geometry":{"type":"Point","coordinates":[-5.9936639,37.3834745]}},{"type":"Feature","properties":{"id_hdad":22,"hermandad":"San Benito","calle":"Calle Cardenal Carlos Amigo","osm":"Calle Cardenal Carlos Amigo"},"geometry":{"type":"Point","coordinates":[-5.9924671,37.3864962]}},{"type":"Feature","properties":{"id_hdad":22,"hermandad":"San Benito","calle":"Calle Alemanes","osm":"Calle Alemanes"},"geometry":{"type":"Point","coordinates":[-5.9940816,37.3866707]}},{"type":"Feature","properties":{"id_hdad":22,"hermandad":"San Benito","calle":"Calle Álvarez Quintero","osm":"Calle Álvarez Quintero"},"geometry":{"type":"Point","coordinates":[-5.9932735,37.3895303]}},{"type":"Feature","properties":{"id_hdad":22,"hermandad":"San Benito","calle":"Calle Argote de Molina","osm":"Calle Argote de Molina"},"geometry":{"type":"Point","coordinates":[-5.9911938,37.3885932]}},{"type":"Feature","properties":{"id_hdad":22,"hermandad":"San Benito","calle":"Calle Placentines","osm":"Calle Placentines"},"geometry":{"type":"Point","coordinates":[-5.9924834,37.3870654]}},{"type":"Feature","properties":{"id_hdad":22,"hermandad":"San Benito","calle":"Calle Francos","osm":"Calle Francos"},"geometry":{"type":"Point","coordinates":[-5.9927104,37.388333]}},{"type":"Feature","properties":{"id_hdad":22,"hermandad":"San Benito","calle":"Cuesta del Rosario","osm":"Calle Cuesta del Rosario"},"geometry":{"type":"Point","coordinates":[-5.991085,37.3897911]}},{"type":"Feature","properties":{"id_hdad":22,"hermandad":"San Benito","calle":"Calle Jesús de las Tres Caídas","osm":"Calle Jesús de las Tres Caídas"},"geometry":{"type":"Point","coordinates":[-5.990668,37.3899828]}},{"type":"Feature","properties":{"id_hdad":22,"hermandad":"San Benito","calle":"Calle Alfalfa","osm":"Calle Alfalfa"},"geometry":{"type":"Point","coordinates":[-5.9899739,37.3900219]}},{"type":"Feature","properties":{"id_hdad":22,"hermandad":"San Benito","calle":"Calle Águilas","osm":"Calle Águilas"},"geometry":{"type":"Point","coordinates":[-5.9877519,37.3898791]}},{"type":"Feature","properties":{"id_hdad":22,"hermandad":"San Benito","calle":"Plaza de Pilatos","osm":"Plaza de Pilatos"},"geometry":{"type":"Point","coordinates":[-5.9870332,37.3896374]}},{"type":"Feature","properties":{"id_hdad":22,"hermandad":"San Benito","calle":"Calle San Esteban","osm":"Calle San Esteban"},"geometry":{"type":"Point","coordinates":[-5.9852809,37.3896553]}},{"type":"Feature","properties":{"id_hdad":22,"hermandad":"San Benito","calle":"Calle Puerta de Carmona","osm":"Calle Puerta de Carmona"},"geometry":{"type":"Point","coordinates":[-5.9828,37.3892]}},{"type":"Feature","properties":{"id_hdad":22,"hermandad":"San Benito","calle":"Calle Luis Montoto","osm":"Calle Luis Montoto"},"geometry":{"type":"Point","coordinates":[-5.9822102,37.3881016]}},{"type":"Feature","properties":{"id_hdad":22,"hermandad":"San Benito","calle":"Calle San Benito","osm":"Calle San Benito"},"geometry":{"type":"Point","coordinates":[-5.979508,37.3882721]}},{"type":"Feature","properties":{"id_hdad":23,"nombre":"Dulce Nombre","dia":"martes-santo"},"geometry":{"type":"LineString","coordinates":[[-5.9966561,37.3970955],[-5.9969224,37.3965357],[-5.9966468,37.3948202],[-5.9967933,37.3945045],[-5.9963843,37.3942981],[-5.9947324,37.3986896],[-5.9960464,37.3931151],[-5.9953759,37.3927251],[-5.9947885,37.3908748],[-5.9939375,37.3886765],[-5.9936639,37.3834745],[-5.9924671,37.3864962],[-5.9940816,37.3866707],[-5.9932735,37.3895303],[-5.9911938,37.3885932],[-5.9924834,37.3870654],[-5.9927104,37.388333],[-5.9929995,37.3886113],[-5.9932735,37.3895303],[-5.9931868,37.3900367],[-5.9934667,37.3916005],[-5.9937493,37.3932616],[-5.9941921,37.394338],[-5.994448,37.3945001],[-5.9947526,37.3939161],[-5.995328,37.3943919],[-5.9947324,37.3986896],[-5.99572,37.3977],[-5.9966561,37.3970955]]}},{"type":"Feature","properties":{"id_hdad":23,"hermandad":"Dulce Nombre","calle":"Plaza de San Lorenzo","osm":"Plaza de San Lorenzo"},"geometry":{"type":"Point","coordinates":[-5.9966561,37.3970955]}},{"type":"Feature","properties":{"id_hdad":23,"hermandad":"Dulce Nombre","calle":"Calle Cardenal Spínola","osm":"Calle Cardenal Spinola"},"geometry":{"type":"Point","coordinates":[-5.9969224,37.3965357]}},{"type":"Feature","properties":{"id_hdad":23,"hermandad":"Dulce Nombre","calle":"Plaza de la Gavidia","osm":"Plaza de la Gavidia"},"geometry":{"type":"Point","coordinates":[-5.9966468,37.3948202]}},{"type":"Feature","properties":{"id_hdad":23,"hermandad":"Dulce Nombre","calle":"Plaza de La Concordia","osm":"Plaza de la Concordia"},"geometry":{"type":"Point","coordinates":[-5.9967933,37.3945045]}},{"type":"Feature","properties":{"id_hdad":23,"hermandad":"Dulce Nombre","calle":"Calle Las Cortes","osm":"Calle Las Cortes"},"geometry":{"type":"Point","coordinates":[-5.9963843,37.3942981]}},{"type":"Feature","properties":{"id_hdad":23,"hermandad":"Dulce Nombre","calle":"Plaza de Jesús del Gran Poder","osm":"Calle Jesús del Gran Poder"},"geometry":{"type":"Point","coordinates":[-5.9947324,37.3986896]}},{"type":"Feature","properties":{"id_hdad":23,"hermandad":"Dulce Nombre","calle":"Plaza del Duque de la Victoria","osm":"Plaza del Duque de la Victoria"},"geometry":{"type":"Point","coordinates":[-5.9960464,37.3931151]}},{"type":"Feature","properties":{"id_hdad":23,"hermandad":"Dulce Nombre","calle":"La Campana","osm":"Calle Campana"},"geometry":{"type":"Point","coordinates":[-5.9953759,37.3927251]}},{"type":"Feature","properties":{"id_hdad":23,"hermandad":"Dulce Nombre","calle":"Calle Sierpes","osm":"Calle Sierpes"},"geometry":{"type":"Point","coordinates":[-5.9947885,37.3908748]}},{"type":"Feature","properties":{"id_hdad":23,"hermandad":"Dulce Nombre","calle":"Plaza de San Francisco","osm":"Plaza de San Francisco"},"geometry":{"type":"Point","coordinates":[-5.9939375,37.3886765]}},{"type":"Feature","properties":{"id_hdad":23,"hermandad":"Dulce Nombre","calle":"Avenida de la Constitución","osm":"Avenida de la Constitución"},"geometry":{"type":"Point","coordinates":[-5.9936639,37.3834745]}},{"type":"Feature","properties":{"id_hdad":23,"hermandad":"Dulce Nombre","calle":"Calle Cardenal Carlos Amigo","osm":"Calle Cardenal Carlos Amigo"},"geometry":{"type":"Point","coordinates":[-5.9924671,37.3864962]}},{"type":"Feature","properties":{"id_hdad":23,"hermandad":"Dulce Nombre","calle":"Calle Alemanes","osm":"Calle Alemanes"},"geometry":{"type":"Point","coordinates":[-5.9940816,37.3866707]}},{"type":"Feature","properties":{"id_hdad":23,"hermandad":"Dulce Nombre","calle":"Calle Álvarez Quintero","osm":"Calle Álvarez Quintero"},"geometry":{"type":"Point","coordinates":[-5.9932735,37.3895303]}},{"type":"Feature","properties":{"id_hdad":23,"hermandad":"Dulce Nombre","calle":"Calle Argote de Molina","osm":"Calle Argote de Molina"},"geometry":{"type":"Point","coordinates":[-5.9911938,37.3885932]}},{"type":"Feature","properties":{"id_hdad":23,"hermandad":"Dulce Nombre","calle":"Calle Placentines","osm":"Calle Placentines"},"geometry":{"type":"Point","coordinates":[-5.9924834,37.3870654]}},{"type":"Feature","properties":{"id_hdad":23,"hermandad":"Dulce Nombre","calle":"Calle Francos","osm":"Calle Francos"},"geometry":{"type":"Point","coordinates":[-5.9927104,37.388333]}},{"type":"Feature","properties":{"id_hdad":23,"hermandad":"Dulce Nombre","calle":"Calle Chapineros","osm":"Calle Chapineros"},"geometry":{"type":"Point","coordinates":[-5.9929995,37.3886113]}},{"type":"Feature","properties":{"id_hdad":23,"hermandad":"Dulce Nombre","calle":"Calle Álvarez Quintero","osm":"Calle Álvarez Quintero"},"geometry":{"type":"Point","coordinates":[-5.9932735,37.3895303]}},{"type":"Feature","properties":{"id_hdad":23,"hermandad":"Dulce Nombre","calle":"Plaza del Salvador","osm":"Plaza del Salvador"},"geometry":{"type":"Point","coordinates":[-5.9931868,37.3900367]}},{"type":"Feature","properties":{"id_hdad":23,"hermandad":"Dulce Nombre","calle":"Calle Cuna","osm":"Calle Cuna"},"geometry":{"type":"Point","coordinates":[-5.9934667,37.3916005]}},{"type":"Feature","properties":{"id_hdad":23,"hermandad":"Dulce Nombre","calle":"Calle Orfila","osm":"Calle Orfila"},"geometry":{"type":"Point","coordinates":[-5.9937493,37.3932616]}},{"type":"Feature","properties":{"id_hdad":23,"hermandad":"Dulce Nombre","calle":"Calle Daoiz","osm":"Calle Daoiz"},"geometry":{"type":"Point","coordinates":[-5.9941921,37.394338]}},{"type":"Feature","properties":{"id_hdad":23,"hermandad":"Dulce Nombre","calle":"Calle García Tassara","osm":"Calle García Tassara"},"geometry":{"type":"Point","coordinates":[-5.994448,37.3945001]}},{"type":"Feature","properties":{"id_hdad":23,"hermandad":"Dulce Nombre","calle":"Calle Amor de Dios","osm":"Calle Amor de Dios"},"geometry":{"type":"Point","coordinates":[-5.9947526,37.3939161]}},{"type":"Feature","properties":{"id_hdad":23,"hermandad":"Dulce Nombre","calle":"Calle San Miguel","osm":"Calle San Miguel"},"geometry":{"type":"Point","coordinates":[-5.995328,37.3943919]}},{"type":"Feature","properties":{"id_hdad":23,"hermandad":"Dulce Nombre","calle":"Plaza de Jesús del Gran Poder","osm":"Calle Jesús del Gran Poder"},"geometry":{"type":"Point","coordinates":[-5.9947324,37.3986896]}},{"type":"Feature","properties":{"id_hdad":23,"hermandad":"Dulce Nombre","calle":"Calle Conde de Barajas","osm":"Calle Conde de Barajas"},"geometry":{"type":"Point","coordinates":[-5.99572,37.3977]}},{"type":"Feature","properties":{"id_hdad":23,"hermandad":"Dulce Nombre","calle":"Plaza de San Lorenzo","osm":"Plaza de San Lorenzo"},"geometry":{"type":"Point","coordinates":[-5.9966561,37.3970955]}},{"type":"Feature","properties":{"id_hdad":24,"nombre":"Los Javieres","dia":"martes-santo"},"geometry":{"type":"LineString","coordinates":[[-5.9913199,37.3956879],[-5.9927193,37.3974669],[-5.9947526,37.3939161],[-5.9933401,37.4003754],[-5.9952985,37.3939039],[-5.99572,37.3977],[-5.9947324,37.3986896],[-5.9960464,37.3931151],[-5.9953759,37.3927251],[-5.9947885,37.3908748],[-5.9939375,37.3886765],[-5.9936639,37.3834745],[-5.9924671,37.3864962],[-5.9940816,37.3866707],[-5.9932735,37.3895303],[-5.9911938,37.3885932],[-5.9924834,37.3870654],[-5.9927104,37.388333],[-5.9929995,37.3886113],[-5.9932735,37.3895303],[-5.9931868,37.3900367],[-5.9934667,37.3916005],[-5.9937493,37.3932616],[-5.993848,37.393767],[-5.994158,37.394243],[-5.9941921,37.394338],[-5.994448,37.3945001],[-5.9947526,37.3939161],[-5.9927193,37.3974669],[-5.9913199,37.3956879]]}},{"type":"Feature","properties":{"id_hdad":24,"hermandad":"Los Javieres","calle":"Calle Feria","osm":"Calle Feria"},"geometry":{"type":"Point","coordinates":[-5.9913199,37.3956879]}},{"type":"Feature","properties":{"id_hdad":24,"hermandad":"Los Javieres","calle":"Calle Correduría","osm":"Calle Correduría"},"geometry":{"type":"Point","coordinates":[-5.9927193,37.3974669]}},{"type":"Feature","properties":{"id_hdad":24,"hermandad":"Los Javieres","calle":"Calle Amor de Dios","osm":"Calle Amor de Dios"},"geometry":{"type":"Point","coordinates":[-5.9947526,37.3939161]}},{"type":"Feature","properties":{"id_hdad":24,"hermandad":"Los Javieres","calle":"Alameda de Hércules","osm":"Alameda de Hércules"},"geometry":{"type":"Point","coordinates":[-5.9933401,37.4003754]}},{"type":"Feature","properties":{"id_hdad":24,"hermandad":"Los Javieres","calle":"Calle Trajano","osm":"Calle Trajano"},"geometry":{"type":"Point","coordinates":[-5.9952985,37.3939039]}},{"type":"Feature","properties":{"id_hdad":24,"hermandad":"Los Javieres","calle":"Calle Conde de Barajas","osm":"Calle Conde de Barajas"},"geometry":{"type":"Point","coordinates":[-5.99572,37.3977]}},{"type":"Feature","properties":{"id_hdad":24,"hermandad":"Los Javieres","calle":"Plaza de Jesús del Gran Poder","osm":"Calle Jesús del Gran Poder"},"geometry":{"type":"Point","coordinates":[-5.9947324,37.3986896]}},{"type":"Feature","properties":{"id_hdad":24,"hermandad":"Los Javieres","calle":"Plaza del Duque de la Victoria","osm":"Plaza del Duque de la Victoria"},"geometry":{"type":"Point","coordinates":[-5.9960464,37.3931151]}},{"type":"Feature","properties":{"id_hdad":24,"hermandad":"Los Javieres","calle":"La Campana","osm":"Calle Campana"},"geometry":{"type":"Point","coordinates":[-5.9953759,37.3927251]}},{"type":"Feature","properties":{"id_hdad":24,"hermandad":"Los Javieres","calle":"Calle Sierpes","osm":"Calle Sierpes"},"geometry":{"type":"Point","coordinates":[-5.9947885,37.3908748]}},{"type":"Feature","properties":{"id_hdad":24,"hermandad":"Los Javieres","calle":"Plaza de San Francisco","osm":"Plaza de San Francisco"},"geometry":{"type":"Point","coordinates":[-5.9939375,37.3886765]}},{"type":"Feature","properties":{"id_hdad":24,"hermandad":"Los Javieres","calle":"Avenida de la Constitución","osm":"Avenida de la Constitución"},"geometry":{"type":"Point","coordinates":[-5.9936639,37.3834745]}},{"type":"Feature","properties":{"id_hdad":24,"hermandad":"Los Javieres","calle":"Calle Cardenal Carlos Amigo","osm":"Calle Cardenal Carlos Amigo"},"geometry":{"type":"Point","coordinates":[-5.9924671,37.3864962]}},{"type":"Feature","properties":{"id_hdad":24,"hermandad":"Los Javieres","calle":"Calle Alemanes","osm":"Calle Alemanes"},"geometry":{"type":"Point","coordinates":[-5.9940816,37.3866707]}},{"type":"Feature","properties":{"id_hdad":24,"hermandad":"Los Javieres","calle":"Calle Álvarez Quintero","osm":"Calle Álvarez Quintero"},"geometry":{"type":"Point","coordinates":[-5.9932735,37.3895303]}},{"type":"Feature","properties":{"id_hdad":24,"hermandad":"Los Javieres","calle":"Calle Argote de Molina","osm":"Calle Argote de Molina"},"geometry":{"type":"Point","coordinates":[-5.9911938,37.3885932]}},{"type":"Feature","properties":{"id_hdad":24,"hermandad":"Los Javieres","calle":"Calle Placentines","osm":"Calle Placentines"},"geometry":{"type":"Point","coordinates":[-5.9924834,37.3870654]}},{"type":"Feature","properties":{"id_hdad":24,"hermandad":"Los Javieres","calle":"Calle Francos","osm":"Calle Francos"},"geometry":{"type":"Point","coordinates":[-5.9927104,37.388333]}},{"type":"Feature","properties":{"id_hdad":24,"hermandad":"Los Javieres","calle":"Calle Chapineros","osm":"Calle Chapineros"},"geometry":{"type":"Point","coordinates":[-5.9929995,37.3886113]}},{"type":"Feature","properties":{"id_hdad":24,"hermandad":"Los Javieres","calle":"Calle Álvarez Quintero","osm":"Calle Álvarez Quintero"},"geometry":{"type":"Point","coordinates":[-5.9932735,37.3895303]}},{"type":"Feature","properties":{"id_hdad":24,"hermandad":"Los Javieres","calle":"Plaza del Salvador","osm":"Plaza del Salvador"},"geometry":{"type":"Point","coordinates":[-5.9931868,37.3900367]}},{"type":"Feature","properties":{"id_hdad":24,"hermandad":"Los Javieres","calle":"Calle Cuna","osm":"Calle Cuna"},"geometry":{"type":"Point","coordinates":[-5.9934667,37.3916005]}},{"type":"Feature","properties":{"id_hdad":24,"hermandad":"Los Javieres","calle":"Calle Orfila","osm":"Calle Orfila"},"geometry":{"type":"Point","coordinates":[-5.9937493,37.3932616]}},{"type":"Feature","properties":{"id_hdad":24,"hermandad":"Los Javieres","calle":"Plaza Fernando de Herrera","osm":"Plaza Fernando de Herrera"},"geometry":{"type":"Point","coordinates":[-5.993848,37.393767]}},{"type":"Feature","properties":{"id_hdad":24,"hermandad":"Los Javieres","calle":"Plaza Fernando de Herrera","osm":"Plaza Fernando de Herrera"},"geometry":{"type":"Point","coordinates":[-5.994158,37.394243]}},{"type":"Feature","properties":{"id_hdad":24,"hermandad":"Los Javieres","calle":"Calle Daoiz","osm":"Calle Daoiz"},"geometry":{"type":"Point","coordinates":[-5.9941921,37.394338]}},{"type":"Feature","properties":{"id_hdad":24,"hermandad":"Los Javieres","calle":"Calle García Tassara","osm":"Calle García Tassara"},"geometry":{"type":"Point","coordinates":[-5.994448,37.3945001]}},{"type":"Feature","properties":{"id_hdad":24,"hermandad":"Los Javieres","calle":"Calle Amor de Dios","osm":"Calle Amor de Dios"},"geometry":{"type":"Point","coordinates":[-5.9947526,37.3939161]}},{"type":"Feature","properties":{"id_hdad":24,"hermandad":"Los Javieres","calle":"Calle Correduría","osm":"Calle Correduría"},"geometry":{"type":"Point","coordinates":[-5.9927193,37.3974669]}},{"type":"Feature","properties":{"id_hdad":24,"hermandad":"Los Javieres","calle":"Calle Feria","osm":"Calle Feria"},"geometry":{"type":"Point","coordinates":[-5.9913199,37.3956879]}},{"type":"Feature","properties":{"id_hdad":25,"nombre":"Los Estudiantes","dia":"martes-santo"},"geometry":{"type":"LineString","coordinates":[[-5.9909424,37.38181],[-5.99281,37.38237],[-5.992595,37.3837342],[-5.9926032,37.383726],[-5.99235,37.38436],[-5.9925682,37.3848703],[-5.9931263,37.3851399],[-5.9947647,37.3851507],[-5.99555,37.385],[-5.9951972,37.385176],[-5.9953472,37.3853603],[-5.9961081,37.3862154],[-5.9972329,37.3872018],[-5.9961075,37.3871925],[-5.9961639,37.3879138],[-5.9962998,37.3880194],[-5.9960103,37.3889602],[-5.9965413,37.389543],[-5.9968379,37.390749],[-5.9962268,37.3919486],[-5.9960464,37.3931151],[-5.9953759,37.3927251],[-5.9947885,37.3908748],[-5.9939375,37.3886765],[-5.9936639,37.3834745],[-5.99235,37.38436],[-5.9926032,37.383726],[-5.992595,37.3837342],[-5.99281,37.38237],[-5.9909424,37.38181]]}},{"type":"Feature","properties":{"id_hdad":25,"hermandad":"Los Estudiantes","calle":"Calle San Fernando","osm":"Calle San Fernando"},"geometry":{"type":"Point","coordinates":[-5.9909424,37.38181]}},{"type":"Feature","properties":{"id_hdad":25,"hermandad":"Los Estudiantes","calle":"Plaza Puerta de Jerez","osm":"Plaza Puerta de Jerez"},"geometry":{"type":"Point","coordinates":[-5.99281,37.38237]}},{"type":"Feature","properties":{"id_hdad":25,"hermandad":"Los Estudiantes","calle":"Calle San Gregorio","osm":"Plaza de San Gregorio"},"geometry":{"type":"Point","coordinates":[-5.992595,37.3837342]}},{"type":"Feature","properties":{"id_hdad":25,"hermandad":"Los Estudiantes","calle":"Plaza de La Contratación","osm":"Plaza de la Contratación"},"geometry":{"type":"Point","coordinates":[-5.9926032,37.383726]}},{"type":"Feature","properties":{"id_hdad":25,"hermandad":"Los Estudiantes","calle":"Calle Miguel Mañara","osm":"Calle Miguel Mañara"},"geometry":{"type":"Point","coordinates":[-5.99235,37.38436]}},{"type":"Feature","properties":{"id_hdad":25,"hermandad":"Los Estudiantes","calle":"Plaza del Triunfo","osm":"Plaza del Triunfo"},"geometry":{"type":"Point","coordinates":[-5.9925682,37.3848703]}},{"type":"Feature","properties":{"id_hdad":25,"hermandad":"Los Estudiantes","calle":"Calle Fray Ceferino González","osm":"Calle Fray Ceferino González"},"geometry":{"type":"Point","coordinates":[-5.9931263,37.3851399]}},{"type":"Feature","properties":{"id_hdad":25,"hermandad":"Los Estudiantes","calle":"Calle Almirantazgo","osm":"Calle Almirantazgo"},"geometry":{"type":"Point","coordinates":[-5.9947647,37.3851507]}},{"type":"Feature","properties":{"id_hdad":25,"hermandad":"Los Estudiantes","calle":"Calle Arco del Postigo","osm":"Calle Arco del Postigo"},"geometry":{"type":"Point","coordinates":[-5.99555,37.385]}},{"type":"Feature","properties":{"id_hdad":25,"hermandad":"Los Estudiantes","calle":"Calle Dos de Mayo","osm":"Calle Dos de Mayo"},"geometry":{"type":"Point","coordinates":[-5.9951972,37.385176]}},{"type":"Feature","properties":{"id_hdad":25,"hermandad":"Los Estudiantes","calle":"Calle Arfe","osm":"Calle Arfe"},"geometry":{"type":"Point","coordinates":[-5.9953472,37.3853603]}},{"type":"Feature","properties":{"id_hdad":25,"hermandad":"Los Estudiantes","calle":"Calle Puerta del Arenal","osm":"Calle Puerta del Arenal"},"geometry":{"type":"Point","coordinates":[-5.9961081,37.3862154]}},{"type":"Feature","properties":{"id_hdad":25,"hermandad":"Los Estudiantes","calle":"Calle Castelar","osm":"Calle Castelar"},"geometry":{"type":"Point","coordinates":[-5.9972329,37.3872018]}},{"type":"Feature","properties":{"id_hdad":25,"hermandad":"Los Estudiantes","calle":"Calle Gamazo","osm":"Calle Gamazo"},"geometry":{"type":"Point","coordinates":[-5.9961075,37.3871925]}},{"type":"Feature","properties":{"id_hdad":25,"hermandad":"Los Estudiantes","calle":"Calle Zaragoza","osm":"Calle Zaragoza"},"geometry":{"type":"Point","coordinates":[-5.9961639,37.3879138]}},{"type":"Feature","properties":{"id_hdad":25,"hermandad":"Los Estudiantes","calle":"Calle Badajoz","osm":"Calle Badajoz"},"geometry":{"type":"Point","coordinates":[-5.9962998,37.3880194]}},{"type":"Feature","properties":{"id_hdad":25,"hermandad":"Los Estudiantes","calle":"Plaza Nueva","osm":"Plaza Nueva"},"geometry":{"type":"Point","coordinates":[-5.9960103,37.3889602]}},{"type":"Feature","properties":{"id_hdad":25,"hermandad":"Los Estudiantes","calle":"Calle Méndez Núñez","osm":"Calle Méndez Núñez"},"geometry":{"type":"Point","coordinates":[-5.9965413,37.389543]}},{"type":"Feature","properties":{"id_hdad":25,"hermandad":"Los Estudiantes","calle":"Plaza de la Magdalena","osm":"Plaza de la Magdalena"},"geometry":{"type":"Point","coordinates":[-5.9968379,37.390749]}},{"type":"Feature","properties":{"id_hdad":25,"hermandad":"Los Estudiantes","calle":"Calle O'Donnell","osm":"Calle O'Donnell"},"geometry":{"type":"Point","coordinates":[-5.9962268,37.3919486]}},{"type":"Feature","properties":{"id_hdad":25,"hermandad":"Los Estudiantes","calle":"Plaza del Duque de la Victoria","osm":"Plaza del Duque de la Victoria"},"geometry":{"type":"Point","coordinates":[-5.9960464,37.3931151]}},{"type":"Feature","properties":{"id_hdad":25,"hermandad":"Los Estudiantes","calle":"La Campana","osm":"Calle Campana"},"geometry":{"type":"Point","coordinates":[-5.9953759,37.3927251]}},{"type":"Feature","properties":{"id_hdad":25,"hermandad":"Los Estudiantes","calle":"Calle Sierpes","osm":"Calle Sierpes"},"geometry":{"type":"Point","coordinates":[-5.9947885,37.3908748]}},{"type":"Feature","properties":{"id_hdad":25,"hermandad":"Los Estudiantes","calle":"Plaza de San Francisco","osm":"Plaza de San Francisco"},"geometry":{"type":"Point","coordinates":[-5.9939375,37.3886765]}},{"type":"Feature","properties":{"id_hdad":25,"hermandad":"Los Estudiantes","calle":"Avenida de la Constitución","osm":"Avenida de la Constitución"},"geometry":{"type":"Point","coordinates":[-5.9936639,37.3834745]}},{"type":"Feature","properties":{"id_hdad":25,"hermandad":"Los Estudiantes","calle":"Calle Miguel Mañara","osm":"Calle Miguel Mañara"},"geometry":{"type":"Point","coordinates":[-5.99235,37.38436]}},{"type":"Feature","properties":{"id_hdad":25,"hermandad":"Los Estudiantes","calle":"Plaza de La Contratación","osm":"Plaza de la Contratación"},"geometry":{"type":"Point","coordinates":[-5.9926032,37.383726]}},{"type":"Feature","properties":{"id_hdad":25,"hermandad":"Los Estudiantes","calle":"Calle San Gregorio","osm":"Plaza de San Gregorio"},"geometry":{"type":"Point","coordinates":[-5.992595,37.3837342]}},{"type":"Feature","properties":{"id_hdad":25,"hermandad":"Los Estudiantes","calle":"Plaza Puerta de Jerez","osm":"Plaza Puerta de Jerez"},"geometry":{"type":"Point","coordinates":[-5.99281,37.38237]}},{"type":"Feature","properties":{"id_hdad":25,"hermandad":"Los Estudiantes","calle":"Calle San Fernando","osm":"Calle San Fernando"},"geometry":{"type":"Point","coordinates":[-5.9909424,37.38181]}},{"type":"Feature","properties":{"id_hdad":26,"nombre":"Santa Cruz","dia":"martes-santo"},"geometry":{"type":"LineString","coordinates":[[-5.9906967,37.3864624],[-5.9907288,37.3857993],[-5.9910725,37.385384],[-5.9915151,37.3852751],[-5.9930211,37.38433],[-5.9947508,37.3835139],[-5.9949,37.38437],[-5.9947647,37.3851507],[-5.99555,37.385],[-5.9951972,37.385176],[-5.9953472,37.3853603],[-5.9961081,37.3862154],[-5.9972329,37.3872018],[-5.9961075,37.3871925],[-5.9951776,37.3879472],[-5.995501,37.3879628],[-5.9960103,37.3889602],[-5.995176,37.3900449],[-5.9959,37.39062],[-5.9962268,37.3919486],[-5.9960464,37.3931151],[-5.9953759,37.3927251],[-5.9947885,37.3908748],[-5.9939375,37.3886765],[-5.9936639,37.3834745],[-5.9915151,37.3852751],[-5.9910725,37.385384],[-5.9907288,37.3857993],[-5.9906967,37.3864624]]}},{"type":"Feature","properties":{"id_hdad":26,"hermandad":"Santa Cruz","calle":"Calle Mateos Gago","osm":"Calle Mateos Gago"},"geometry":{"type":"Point","coordinates":[-5.9906967,37.3864624]}},{"type":"Feature","properties":{"id_hdad":26,"hermandad":"Santa Cruz","calle":"Calle Rodrigo Caro","osm":"Calle Rodrigo Caro"},"geometry":{"type":"Point","coordinates":[-5.9907288,37.3857993]}},{"type":"Feature","properties":{"id_hdad":26,"hermandad":"Santa Cruz","calle":"Plaza de La Alianza","osm":"Plaza de la Alianza"},"geometry":{"type":"Point","coordinates":[-5.9910725,37.385384]}},{"type":"Feature","properties":{"id_hdad":26,"hermandad":"Santa Cruz","calle":"Calle Joaquín Romero Murube","osm":"Calle Joaquín Romero Murube"},"geometry":{"type":"Point","coordinates":[-5.9915151,37.3852751]}},{"type":"Feature","properties":{"id_hdad":26,"hermandad":"Santa Cruz","calle":"Calle Santo Tomás","osm":"Calle Santo Tomás"},"geometry":{"type":"Point","coordinates":[-5.9930211,37.38433]}},{"type":"Feature","properties":{"id_hdad":26,"hermandad":"Santa Cruz","calle":"Calle Santander","osm":"Calle Santander"},"geometry":{"type":"Point","coordinates":[-5.9947508,37.3835139]}},{"type":"Feature","properties":{"id_hdad":26,"hermandad":"Santa Cruz","calle":"Calle Tomás de Ibarra","osm":"Calle Tomás de Ibarra"},"geometry":{"type":"Point","coordinates":[-5.9949,37.38437]}},{"type":"Feature","properties":{"id_hdad":26,"hermandad":"Santa Cruz","calle":"Calle Almirantazgo","osm":"Calle Almirantazgo"},"geometry":{"type":"Point","coordinates":[-5.9947647,37.3851507]}},{"type":"Feature","properties":{"id_hdad":26,"hermandad":"Santa Cruz","calle":"Calle Arco del Postigo","osm":"Calle Arco del Postigo"},"geometry":{"type":"Point","coordinates":[-5.99555,37.385]}},{"type":"Feature","properties":{"id_hdad":26,"hermandad":"Santa Cruz","calle":"Calle Dos de Mayo","osm":"Calle Dos de Mayo"},"geometry":{"type":"Point","coordinates":[-5.9951972,37.385176]}},{"type":"Feature","properties":{"id_hdad":26,"hermandad":"Santa Cruz","calle":"Calle Arfe","osm":"Calle Arfe"},"geometry":{"type":"Point","coordinates":[-5.9953472,37.3853603]}},{"type":"Feature","properties":{"id_hdad":26,"hermandad":"Santa Cruz","calle":"Calle Puerta del Arenal","osm":"Calle Puerta del Arenal"},"geometry":{"type":"Point","coordinates":[-5.9961081,37.3862154]}},{"type":"Feature","properties":{"id_hdad":26,"hermandad":"Santa Cruz","calle":"Calle Castelar","osm":"Calle Castelar"},"geometry":{"type":"Point","coordinates":[-5.9972329,37.3872018]}},{"type":"Feature","properties":{"id_hdad":26,"hermandad":"Santa Cruz","calle":"Calle Gamazo","osm":"Calle Gamazo"},"geometry":{"type":"Point","coordinates":[-5.9961075,37.3871925]}},{"type":"Feature","properties":{"id_hdad":26,"hermandad":"Santa Cruz","calle":"Calle Joaquín Guichot","osm":"Calle Joaquín Guichot"},"geometry":{"type":"Point","coordinates":[-5.9951776,37.3879472]}},{"type":"Feature","properties":{"id_hdad":26,"hermandad":"Santa Cruz","calle":"Calle Barcelona","osm":"Calle Barcelona"},"geometry":{"type":"Point","coordinates":[-5.995501,37.3879628]}},{"type":"Feature","properties":{"id_hdad":26,"hermandad":"Santa Cruz","calle":"Plaza Nueva","osm":"Plaza Nueva"},"geometry":{"type":"Point","coordinates":[-5.9960103,37.3889602]}},{"type":"Feature","properties":{"id_hdad":26,"hermandad":"Santa Cruz","calle":"Calle Tetuán","osm":"Calle Tetuán"},"geometry":{"type":"Point","coordinates":[-5.995176,37.3900449]}},{"type":"Feature","properties":{"id_hdad":26,"hermandad":"Santa Cruz","calle":"Calle Velázquez","osm":"Calle Velázquez"},"geometry":{"type":"Point","coordinates":[-5.9959,37.39062]}},{"type":"Feature","properties":{"id_hdad":26,"hermandad":"Santa Cruz","calle":"Calle O'Donnell","osm":"Calle O'Donnell"},"geometry":{"type":"Point","coordinates":[-5.9962268,37.3919486]}},{"type":"Feature","properties":{"id_hdad":26,"hermandad":"Santa Cruz","calle":"Plaza del Duque de la Victoria","osm":"Plaza del Duque de la Victoria"},"geometry":{"type":"Point","coordinates":[-5.9960464,37.3931151]}},{"type":"Feature","properties":{"id_hdad":26,"hermandad":"Santa Cruz","calle":"La Campana","osm":"Calle Campana"},"geometry":{"type":"Point","coordinates":[-5.9953759,37.3927251]}},{"type":"Feature","properties":{"id_hdad":26,"hermandad":"Santa Cruz","calle":"Calle Sierpes","osm":"Calle Sierpes"},"geometry":{"type":"Point","coordinates":[-5.9947885,37.3908748]}},{"type":"Feature","properties":{"id_hdad":26,"hermandad":"Santa Cruz","calle":"Plaza de San Francisco","osm":"Plaza de San Francisco"},"geometry":{"type":"Point","coordinates":[-5.9939375,37.3886765]}},{"type":"Feature","properties":{"id_hdad":26,"hermandad":"Santa Cruz","calle":"Avenida de la Constitución","osm":"Avenida de la Constitución"},"geometry":{"type":"Point","coordinates":[-5.9936639,37.3834745]}},{"type":"Feature","properties":{"id_hdad":26,"hermandad":"Santa Cruz","calle":"Calle Joaquín Romero Murube","osm":"Calle Joaquín Romero Murube"},"geometry":{"type":"Point","coordinates":[-5.9915151,37.3852751]}},{"type":"Feature","properties":{"id_hdad":26,"hermandad":"Santa Cruz","calle":"Plaza de La Alianza","osm":"Plaza de la Alianza"},"geometry":{"type":"Point","coordinates":[-5.9910725,37.385384]}},{"type":"Feature","properties":{"id_hdad":26,"hermandad":"Santa Cruz","calle":"Calle Rodrigo Caro","osm":"Calle Rodrigo Caro"},"geometry":{"type":"Point","coordinates":[-5.9907288,37.3857993]}},{"type":"Feature","properties":{"id_hdad":26,"hermandad":"Santa Cruz","calle":"Calle Mateos Gago","osm":"Calle Mateos Gago"},"geometry":{"type":"Point","coordinates":[-5.9906967,37.3864624]}},{"type":"Feature","properties":{"id_hdad":27,"nombre":"El Carmen Doloroso","dia":"miercoles-santo"},"geometry":{"type":"LineString","coordinates":[[-5.9913199,37.3956879],[-5.9913404,37.3990714],[-5.992726,37.3992329],[-5.993087,37.3994864],[-5.9933401,37.4003754],[-5.9952985,37.3939039],[-5.9960464,37.3931151],[-5.9953759,37.3927251],[-5.9947885,37.3908748],[-5.9939375,37.3886765],[-5.9936639,37.3834745],[-5.9924671,37.3864962],[-5.9940816,37.3866707],[-5.9932735,37.3895303],[-5.9911938,37.3885932],[-5.9924834,37.3870654],[-5.9927104,37.388333],[-5.9929995,37.3886113],[-5.9932735,37.3895303],[-5.9931868,37.3900367],[-5.9928293,37.3903725],[-5.9923836,37.3907074],[-5.9921736,37.391625],[-5.9914995,37.3927001],[-5.9908832,37.3936156],[-5.9903663,37.3942306],[-5.9904911,37.3949595],[-5.99157,37.39655],[-5.9913199,37.3956879],[-5.9918742,37.3985951],[-5.9913404,37.3990714]]}},{"type":"Feature","properties":{"id_hdad":27,"hermandad":"El Carmen Doloroso","calle":"Calle Feria","osm":"Calle Feria"},"geometry":{"type":"Point","coordinates":[-5.9913199,37.3956879]}},{"type":"Feature","properties":{"id_hdad":27,"hermandad":"El Carmen Doloroso","calle":"Calle Peris Mencheta","osm":"Calle Peris Mencheta"},"geometry":{"type":"Point","coordinates":[-5.9913404,37.3990714]}},{"type":"Feature","properties":{"id_hdad":27,"hermandad":"El Carmen Doloroso","calle":"Calle Mata","osm":"Calle Mata"},"geometry":{"type":"Point","coordinates":[-5.992726,37.3992329]}},{"type":"Feature","properties":{"id_hdad":27,"hermandad":"El Carmen Doloroso","calle":"Calle Belén","osm":"Calle Belén"},"geometry":{"type":"Point","coordinates":[-5.993087,37.3994864]}},{"type":"Feature","properties":{"id_hdad":27,"hermandad":"El Carmen Doloroso","calle":"Alameda de Hércules","osm":"Alameda de Hércules"},"geometry":{"type":"Point","coordinates":[-5.9933401,37.4003754]}},{"type":"Feature","properties":{"id_hdad":27,"hermandad":"El Carmen Doloroso","calle":"Calle Trajano","osm":"Calle Trajano"},"geometry":{"type":"Point","coordinates":[-5.9952985,37.3939039]}},{"type":"Feature","properties":{"id_hdad":27,"hermandad":"El Carmen Doloroso","calle":"Plaza del Duque de la Victoria","osm":"Plaza del Duque de la Victoria"},"geometry":{"type":"Point","coordinates":[-5.9960464,37.3931151]}},{"type":"Feature","properties":{"id_hdad":27,"hermandad":"El Carmen Doloroso","calle":"La Campana","osm":"Calle Campana"},"geometry":{"type":"Point","coordinates":[-5.9953759,37.3927251]}},{"type":"Feature","properties":{"id_hdad":27,"hermandad":"El Carmen Doloroso","calle":"Calle Sierpes","osm":"Calle Sierpes"},"geometry":{"type":"Point","coordinates":[-5.9947885,37.3908748]}},{"type":"Feature","properties":{"id_hdad":27,"hermandad":"El Carmen Doloroso","calle":"Plaza de San Francisco","osm":"Plaza de San Francisco"},"geometry":{"type":"Point","coordinates":[-5.9939375,37.3886765]}},{"type":"Feature","properties":{"id_hdad":27,"hermandad":"El Carmen Doloroso","calle":"Avenida de la Constitución","osm":"Avenida de la Constitución"},"geometry":{"type":"Point","coordinates":[-5.9936639,37.3834745]}},{"type":"Feature","properties":{"id_hdad":27,"hermandad":"El Carmen Doloroso","calle":"Calle Cardenal Carlos Amigo","osm":"Calle Cardenal Carlos Amigo"},"geometry":{"type":"Point","coordinates":[-5.9924671,37.3864962]}},{"type":"Feature","properties":{"id_hdad":27,"hermandad":"El Carmen Doloroso","calle":"Calle Alemanes","osm":"Calle Alemanes"},"geometry":{"type":"Point","coordinates":[-5.9940816,37.3866707]}},{"type":"Feature","properties":{"id_hdad":27,"hermandad":"El Carmen Doloroso","calle":"Calle Álvarez Quintero","osm":"Calle Álvarez Quintero"},"geometry":{"type":"Point","coordinates":[-5.9932735,37.3895303]}},{"type":"Feature","properties":{"id_hdad":27,"hermandad":"El Carmen Doloroso","calle":"Calle Argote de Molina","osm":"Calle Argote de Molina"},"geometry":{"type":"Point","coordinates":[-5.9911938,37.3885932]}},{"type":"Feature","properties":{"id_hdad":27,"hermandad":"El Carmen Doloroso","calle":"Calle Placentines","osm":"Calle Placentines"},"geometry":{"type":"Point","coordinates":[-5.9924834,37.3870654]}},{"type":"Feature","properties":{"id_hdad":27,"hermandad":"El Carmen Doloroso","calle":"Calle Francos","osm":"Calle Francos"},"geometry":{"type":"Point","coordinates":[-5.9927104,37.388333]}},{"type":"Feature","properties":{"id_hdad":27,"hermandad":"El Carmen Doloroso","calle":"Calle Chapineros","osm":"Calle Chapineros"},"geometry":{"type":"Point","coordinates":[-5.9929995,37.3886113]}},{"type":"Feature","properties":{"id_hdad":27,"hermandad":"El Carmen Doloroso","calle":"Calle Álvarez Quintero","osm":"Calle Álvarez Quintero"},"geometry":{"type":"Point","coordinates":[-5.9932735,37.3895303]}},{"type":"Feature","properties":{"id_hdad":27,"hermandad":"El Carmen Doloroso","calle":"Plaza del Salvador","osm":"Plaza del Salvador"},"geometry":{"type":"Point","coordinates":[-5.9931868,37.3900367]}},{"type":"Feature","properties":{"id_hdad":27,"hermandad":"El Carmen Doloroso","calle":"Calle Córdoba","osm":"Calle Córdoba"},"geometry":{"type":"Point","coordinates":[-5.9928293,37.3903725]}},{"type":"Feature","properties":{"id_hdad":27,"hermandad":"El Carmen Doloroso","calle":"Calle Lineros","osm":"Calle Lineros"},"geometry":{"type":"Point","coordinates":[-5.9923836,37.3907074]}},{"type":"Feature","properties":{"id_hdad":27,"hermandad":"El Carmen Doloroso","calle":"Calle Puente y Pellón","osm":"Calle Puente y Pellón"},"geometry":{"type":"Point","coordinates":[-5.9921736,37.391625]}},{"type":"Feature","properties":{"id_hdad":27,"hermandad":"El Carmen Doloroso","calle":"Plaza de la Encarnación","osm":"Plaza de la Encarnación"},"geometry":{"type":"Point","coordinates":[-5.9914995,37.3927001]}},{"type":"Feature","properties":{"id_hdad":27,"hermandad":"El Carmen Doloroso","calle":"Calle Alcázares","osm":"Calle Alcázares"},"geometry":{"type":"Point","coordinates":[-5.9908832,37.3936156]}},{"type":"Feature","properties":{"id_hdad":27,"hermandad":"El Carmen Doloroso","calle":"Calle Santa Ángela de la Cruz","osm":"Calle Santa Ángela de la Cruz"},"geometry":{"type":"Point","coordinates":[-5.9903663,37.3942306]}},{"type":"Feature","properties":{"id_hdad":27,"hermandad":"El Carmen Doloroso","calle":"Calle San Juan de la Palma","osm":"Calle San Juan de la Palma"},"geometry":{"type":"Point","coordinates":[-5.9904911,37.3949595]}},{"type":"Feature","properties":{"id_hdad":27,"hermandad":"El Carmen Doloroso","calle":"Calle Madre María Purísima de la Cruz","osm":"Calle Madre María Purísima de la Cruz"},"geometry":{"type":"Point","coordinates":[-5.99157,37.39655]}},{"type":"Feature","properties":{"id_hdad":27,"hermandad":"El Carmen Doloroso","calle":"Calle Feria","osm":"Calle Feria"},"geometry":{"type":"Point","coordinates":[-5.9913199,37.3956879]}},{"type":"Feature","properties":{"id_hdad":27,"hermandad":"El Carmen Doloroso","calle":"Calle Guadiana","osm":"Calle Guadiana"},"geometry":{"type":"Point","coordinates":[-5.9918742,37.3985951]}},{"type":"Feature","properties":{"id_hdad":27,"hermandad":"El Carmen Doloroso","calle":"Calle Peris Mencheta","osm":"Calle Peris Mencheta"},"geometry":{"type":"Point","coordinates":[-5.9913404,37.3990714]}},{"type":"Feature","properties":{"id_hdad":28,"nombre":"El Buen Fin","dia":"miercoles-santo"},"geometry":{"type":"LineString","coordinates":[[-5.998851,37.3976815],[-5.9986101,37.3978663],[-5.9984639,37.3979538],[-5.9971676,37.3977034],[-5.9969244,37.3973259],[-5.9966561,37.3970955],[-5.99572,37.3977],[-5.9947324,37.3986896],[-5.9960464,37.3931151],[-5.9953759,37.3927251],[-5.9947885,37.3908748],[-5.9939375,37.3886765],[-5.9936639,37.3834745],[-5.9931263,37.3851399],[-5.9947647,37.3851507],[-5.99555,37.385],[-5.9951972,37.385176],[-5.9953472,37.3853603],[-5.9961081,37.3862154],[-5.9972329,37.3872018],[-5.9979515,37.3878615],[-5.9976929,37.3878993],[-5.9961639,37.3879138],[-6.0011458,37.3924992],[-6.0008508,37.3918157],[-5.9982371,37.3907339],[-5.9996079,37.3920772],[-5.9993065,37.3926614],[-5.998851,37.3976815]]}},{"type":"Feature","properties":{"id_hdad":28,"hermandad":"El Buen Fin","calle":"Calle San Vicente","osm":"Calle San Vicente"},"geometry":{"type":"Point","coordinates":[-5.998851,37.3976815]}},{"type":"Feature","properties":{"id_hdad":28,"hermandad":"El Buen Fin","calle":"Plaza de San Antonio de Padua","osm":"Plaza San Antonio de Padua"},"geometry":{"type":"Point","coordinates":[-5.9986101,37.3978663]}},{"type":"Feature","properties":{"id_hdad":28,"hermandad":"El Buen Fin","calle":"Calle Marqués de la Mina","osm":"Calle Marqués de la Mina"},"geometry":{"type":"Point","coordinates":[-5.9984639,37.3979538]}},{"type":"Feature","properties":{"id_hdad":28,"hermandad":"El Buen Fin","calle":"Calle Alcoy","osm":"Calle Alcoy"},"geometry":{"type":"Point","coordinates":[-5.9971676,37.3977034]}},{"type":"Feature","properties":{"id_hdad":28,"hermandad":"El Buen Fin","calle":"Calle Eslava","osm":"Calle Eslava"},"geometry":{"type":"Point","coordinates":[-5.9969244,37.3973259]}},{"type":"Feature","properties":{"id_hdad":28,"hermandad":"El Buen Fin","calle":"Plaza de San Lorenzo","osm":"Plaza de San Lorenzo"},"geometry":{"type":"Point","coordinates":[-5.9966561,37.3970955]}},{"type":"Feature","properties":{"id_hdad":28,"hermandad":"El Buen Fin","calle":"Calle Conde de Barajas","osm":"Calle Conde de Barajas"},"geometry":{"type":"Point","coordinates":[-5.99572,37.3977]}},{"type":"Feature","properties":{"id_hdad":28,"hermandad":"El Buen Fin","calle":"Plaza de Jesús del Gran Poder","osm":"Calle Jesús del Gran Poder"},"geometry":{"type":"Point","coordinates":[-5.9947324,37.3986896]}},{"type":"Feature","properties":{"id_hdad":28,"hermandad":"El Buen Fin","calle":"Plaza del Duque de la Victoria","osm":"Plaza del Duque de la Victoria"},"geometry":{"type":"Point","coordinates":[-5.9960464,37.3931151]}},{"type":"Feature","properties":{"id_hdad":28,"hermandad":"El Buen Fin","calle":"La Campana","osm":"Calle Campana"},"geometry":{"type":"Point","coordinates":[-5.9953759,37.3927251]}},{"type":"Feature","properties":{"id_hdad":28,"hermandad":"El Buen Fin","calle":"Calle Sierpes","osm":"Calle Sierpes"},"geometry":{"type":"Point","coordinates":[-5.9947885,37.3908748]}},{"type":"Feature","properties":{"id_hdad":28,"hermandad":"El Buen Fin","calle":"Plaza de San Francisco","osm":"Plaza de San Francisco"},"geometry":{"type":"Point","coordinates":[-5.9939375,37.3886765]}},{"type":"Feature","properties":{"id_hdad":28,"hermandad":"El Buen Fin","calle":"Avenida de la Constitución","osm":"Avenida de la Constitución"},"geometry":{"type":"Point","coordinates":[-5.9936639,37.3834745]}},{"type":"Feature","properties":{"id_hdad":28,"hermandad":"El Buen Fin","calle":"Calle Fray Ceferino González","osm":"Calle Fray Ceferino González"},"geometry":{"type":"Point","coordinates":[-5.9931263,37.3851399]}},{"type":"Feature","properties":{"id_hdad":28,"hermandad":"El Buen Fin","calle":"Calle Almirantazgo","osm":"Calle Almirantazgo"},"geometry":{"type":"Point","coordinates":[-5.9947647,37.3851507]}},{"type":"Feature","properties":{"id_hdad":28,"hermandad":"El Buen Fin","calle":"Calle Arco del Postigo","osm":"Calle Arco del Postigo"},"geometry":{"type":"Point","coordinates":[-5.99555,37.385]}},{"type":"Feature","properties":{"id_hdad":28,"hermandad":"El Buen Fin","calle":"Calle Dos de Mayo","osm":"Calle Dos de Mayo"},"geometry":{"type":"Point","coordinates":[-5.9951972,37.385176]}},{"type":"Feature","properties":{"id_hdad":28,"hermandad":"El Buen Fin","calle":"Calle Arfe","osm":"Calle Arfe"},"geometry":{"type":"Point","coordinates":[-5.9953472,37.3853603]}},{"type":"Feature","properties":{"id_hdad":28,"hermandad":"El Buen Fin","calle":"Calle Puerta del Arenal","osm":"Calle Puerta del Arenal"},"geometry":{"type":"Point","coordinates":[-5.9961081,37.3862154]}},{"type":"Feature","properties":{"id_hdad":28,"hermandad":"El Buen Fin","calle":"Calle Castelar","osm":"Calle Castelar"},"geometry":{"type":"Point","coordinates":[-5.9972329,37.3872018]}},{"type":"Feature","properties":{"id_hdad":28,"hermandad":"El Buen Fin","calle":"Plaza de Molviedro","osm":"Plaza de Molviedro"},"geometry":{"type":"Point","coordinates":[-5.9979515,37.3878615]}},{"type":"Feature","properties":{"id_hdad":28,"hermandad":"El Buen Fin","calle":"Calle Doña Guiomar","osm":"Calle Doña Guiomar"},"geometry":{"type":"Point","coordinates":[-5.9976929,37.3878993]}},{"type":"Feature","properties":{"id_hdad":28,"hermandad":"El Buen Fin","calle":"Calle Zaragoza","osm":"Calle Zaragoza"},"geometry":{"type":"Point","coordinates":[-5.9961639,37.3879138]}},{"type":"Feature","properties":{"id_hdad":28,"hermandad":"El Buen Fin","calle":"Calle Gravina","osm":"Calle Gravina"},"geometry":{"type":"Point","coordinates":[-6.0011458,37.3924992]}},{"type":"Feature","properties":{"id_hdad":28,"hermandad":"El Buen Fin","calle":"Calle Pedro del Toro","osm":"Calle Pedro del Toro"},"geometry":{"type":"Point","coordinates":[-6.0008508,37.3918157]}},{"type":"Feature","properties":{"id_hdad":28,"hermandad":"El Buen Fin","calle":"Calle Bailén","osm":"Calle Bailén"},"geometry":{"type":"Point","coordinates":[-5.9982371,37.3907339]}},{"type":"Feature","properties":{"id_hdad":28,"hermandad":"El Buen Fin","calle":"Calle Miguel de Carvajal","osm":"Calle Miguel de Carvajal"},"geometry":{"type":"Point","coordinates":[-5.9996079,37.3920772]}},{"type":"Feature","properties":{"id_hdad":28,"hermandad":"El Buen Fin","calle":"Plaza del Museo","osm":"Plaza del Museo"},"geometry":{"type":"Point","coordinates":[-5.9993065,37.3926614]}},{"type":"Feature","properties":{"id_hdad":28,"hermandad":"El Buen Fin","calle":"Calle San Vicente","osm":"Calle San Vicente"},"geometry":{"type":"Point","coordinates":[-5.998851,37.3976815]}},{"type":"Feature","properties":{"id_hdad":29,"nombre":"La Sed","dia":"miercoles-santo"},"geometry":{"type":"LineString","coordinates":[[-5.9832049,37.3846456],[-5.9813869,37.3856549],[-5.9822102,37.3881016],[-5.9828,37.3892],[-5.985012,37.3926216],[-5.9873832,37.3924611],[-5.9882675,37.3929088],[-5.9890313,37.3927037],[-5.9896917,37.3925047],[-5.9908796,37.3926098],[-5.9914995,37.3927001],[-5.9929812,37.3928036],[-5.9937493,37.3932616],[-5.9945728,37.3937054],[-5.9952985,37.3939039],[-5.9960464,37.3931151],[-5.9953759,37.3927251],[-5.9947885,37.3908748],[-5.9939375,37.3886765],[-5.9936639,37.3834745],[-5.9924671,37.3864962],[-5.9940816,37.3866707],[-5.9932735,37.3895303],[-5.9911938,37.3885932],[-5.9924834,37.3870654],[-5.9927104,37.388333],[-5.991085,37.3897911],[-5.990668,37.3899828],[-5.9899739,37.3900219],[-5.9877519,37.3898791],[-5.9870332,37.3896374],[-5.9852809,37.3896553],[-5.9828,37.3892],[-5.9822102,37.3881016],[-5.9666399,37.3858399],[-5.9689634,37.38463],[-5.9832049,37.3846456]]}},{"type":"Feature","properties":{"id_hdad":29,"hermandad":"La Sed","calle":"Avenida de Eduardo Dato","osm":"Avenida de Eduardo Dato"},"geometry":{"type":"Point","coordinates":[-5.9832049,37.3846456]}},{"type":"Feature","properties":{"id_hdad":29,"hermandad":"La Sed","calle":"Calle Jiménez Aranda","osm":"Calle Jiménez Aranda"},"geometry":{"type":"Point","coordinates":[-5.9813869,37.3856549]}},{"type":"Feature","properties":{"id_hdad":29,"hermandad":"La Sed","calle":"Calle Luis Montoto","osm":"Calle Luis Montoto"},"geometry":{"type":"Point","coordinates":[-5.9822102,37.3881016]}},{"type":"Feature","properties":{"id_hdad":29,"hermandad":"La Sed","calle":"Calle Puerta de Carmona","osm":"Calle Puerta de Carmona"},"geometry":{"type":"Point","coordinates":[-5.9828,37.3892]}},{"type":"Feature","properties":{"id_hdad":29,"hermandad":"La Sed","calle":"Calle Muro de los Navarros","osm":"Calle Muro de los Navarros"},"geometry":{"type":"Point","coordinates":[-5.985012,37.3926216]}},{"type":"Feature","properties":{"id_hdad":29,"hermandad":"La Sed","calle":"Calle Santiago","osm":"Calle Santiago"},"geometry":{"type":"Point","coordinates":[-5.9873832,37.3924611]}},{"type":"Feature","properties":{"id_hdad":29,"hermandad":"La Sed","calle":"Calle Juan de Mesa","osm":"Calle Juan de Mesa"},"geometry":{"type":"Point","coordinates":[-5.9882675,37.3929088]}},{"type":"Feature","properties":{"id_hdad":29,"hermandad":"La Sed","calle":"Calle Almirante Apodaca","osm":"Calle Almirante Apodaca"},"geometry":{"type":"Point","coordinates":[-5.9890313,37.3927037]}},{"type":"Feature","properties":{"id_hdad":29,"hermandad":"La Sed","calle":"Plaza de San Pedro","osm":"Plaza de San Pedro"},"geometry":{"type":"Point","coordinates":[-5.9896917,37.3925047]}},{"type":"Feature","properties":{"id_hdad":29,"hermandad":"La Sed","calle":"Calle Imagen","osm":"Calle Imagen"},"geometry":{"type":"Point","coordinates":[-5.9908796,37.3926098]}},{"type":"Feature","properties":{"id_hdad":29,"hermandad":"La Sed","calle":"Plaza de la Encarnación","osm":"Plaza de la Encarnación"},"geometry":{"type":"Point","coordinates":[-5.9914995,37.3927001]}},{"type":"Feature","properties":{"id_hdad":29,"hermandad":"La Sed","calle":"Calle Laraña","osm":"Calle Laraña"},"geometry":{"type":"Point","coordinates":[-5.9929812,37.3928036]}},{"type":"Feature","properties":{"id_hdad":29,"hermandad":"La Sed","calle":"Calle Orfila","osm":"Calle Orfila"},"geometry":{"type":"Point","coordinates":[-5.9937493,37.3932616]}},{"type":"Feature","properties":{"id_hdad":29,"hermandad":"La Sed","calle":"Calle Javier Lasso de la Vega","osm":"Calle Javier Lasso de la Vega"},"geometry":{"type":"Point","coordinates":[-5.9945728,37.3937054]}},{"type":"Feature","properties":{"id_hdad":29,"hermandad":"La Sed","calle":"Calle Trajano","osm":"Calle Trajano"},"geometry":{"type":"Point","coordinates":[-5.9952985,37.3939039]}},{"type":"Feature","properties":{"id_hdad":29,"hermandad":"La Sed","calle":"Plaza del Duque de la Victoria","osm":"Plaza del Duque de la Victoria"},"geometry":{"type":"Point","coordinates":[-5.9960464,37.3931151]}},{"type":"Feature","properties":{"id_hdad":29,"hermandad":"La Sed","calle":"La Campana","osm":"Calle Campana"},"geometry":{"type":"Point","coordinates":[-5.9953759,37.3927251]}},{"type":"Feature","properties":{"id_hdad":29,"hermandad":"La Sed","calle":"Calle Sierpes","osm":"Calle Sierpes"},"geometry":{"type":"Point","coordinates":[-5.9947885,37.3908748]}},{"type":"Feature","properties":{"id_hdad":29,"hermandad":"La Sed","calle":"Plaza de San Francisco","osm":"Plaza de San Francisco"},"geometry":{"type":"Point","coordinates":[-5.9939375,37.3886765]}},{"type":"Feature","properties":{"id_hdad":29,"hermandad":"La Sed","calle":"Avenida de la Constitución","osm":"Avenida de la Constitución"},"geometry":{"type":"Point","coordinates":[-5.9936639,37.3834745]}},{"type":"Feature","properties":{"id_hdad":29,"hermandad":"La Sed","calle":"Calle Cardenal Carlos Amigo","osm":"Calle Cardenal Carlos Amigo"},"geometry":{"type":"Point","coordinates":[-5.9924671,37.3864962]}},{"type":"Feature","properties":{"id_hdad":29,"hermandad":"La Sed","calle":"Calle Alemanes","osm":"Calle Alemanes"},"geometry":{"type":"Point","coordinates":[-5.9940816,37.3866707]}},{"type":"Feature","properties":{"id_hdad":29,"hermandad":"La Sed","calle":"Calle Álvarez Quintero","osm":"Calle Álvarez Quintero"},"geometry":{"type":"Point","coordinates":[-5.9932735,37.3895303]}},{"type":"Feature","properties":{"id_hdad":29,"hermandad":"La Sed","calle":"Calle Argote de Molina","osm":"Calle Argote de Molina"},"geometry":{"type":"Point","coordinates":[-5.9911938,37.3885932]}},{"type":"Feature","properties":{"id_hdad":29,"hermandad":"La Sed","calle":"Calle Placentines","osm":"Calle Placentines"},"geometry":{"type":"Point","coordinates":[-5.9924834,37.3870654]}},{"type":"Feature","properties":{"id_hdad":29,"hermandad":"La Sed","calle":"Calle Francos","osm":"Calle Francos"},"geometry":{"type":"Point","coordinates":[-5.9927104,37.388333]}},{"type":"Feature","properties":{"id_hdad":29,"hermandad":"La Sed","calle":"Cuesta del Rosario","osm":"Calle Cuesta del Rosario"},"geometry":{"type":"Point","coordinates":[-5.991085,37.3897911]}},{"type":"Feature","properties":{"id_hdad":29,"hermandad":"La Sed","calle":"Calle Jesús de las Tres Caídas","osm":"Calle Jesús de las Tres Caídas"},"geometry":{"type":"Point","coordinates":[-5.990668,37.3899828]}},{"type":"Feature","properties":{"id_hdad":29,"hermandad":"La Sed","calle":"Calle Alfalfa","osm":"Calle Alfalfa"},"geometry":{"type":"Point","coordinates":[-5.9899739,37.3900219]}},{"type":"Feature","properties":{"id_hdad":29,"hermandad":"La Sed","calle":"Calle Águilas","osm":"Calle Águilas"},"geometry":{"type":"Point","coordinates":[-5.9877519,37.3898791]}},{"type":"Feature","properties":{"id_hdad":29,"hermandad":"La Sed","calle":"Plaza de Pilatos","osm":"Plaza de Pilatos"},"geometry":{"type":"Point","coordinates":[-5.9870332,37.3896374]}},{"type":"Feature","properties":{"id_hdad":29,"hermandad":"La Sed","calle":"Calle San Esteban","osm":"Calle San Esteban"},"geometry":{"type":"Point","coordinates":[-5.9852809,37.3896553]}},{"type":"Feature","properties":{"id_hdad":29,"hermandad":"La Sed","calle":"Calle Puerta de Carmona","osm":"Calle Puerta de Carmona"},"geometry":{"type":"Point","coordinates":[-5.9828,37.3892]}},{"type":"Feature","properties":{"id_hdad":29,"hermandad":"La Sed","calle":"Calle Luis Montoto","osm":"Calle Luis Montoto"},"geometry":{"type":"Point","coordinates":[-5.9822102,37.3881016]}},{"type":"Feature","properties":{"id_hdad":29,"hermandad":"La Sed","calle":"Calle Rico Cejudo","osm":"Calle Rico Cejudo"},"geometry":{"type":"Point","coordinates":[-5.9666399,37.3858399]}},{"type":"Feature","properties":{"id_hdad":29,"hermandad":"La Sed","calle":"Calle Goya","osm":"Calle Goya"},"geometry":{"type":"Point","coordinates":[-5.9689634,37.38463]}},{"type":"Feature","properties":{"id_hdad":29,"hermandad":"La Sed","calle":"Avenida de Eduardo Dato","osm":"Avenida de Eduardo Dato"},"geometry":{"type":"Point","coordinates":[-5.9832049,37.3846456]}},{"type":"Feature","properties":{"id_hdad":30,"nombre":"San Bernardo","dia":"miercoles-santo"},"geometry":{"type":"LineString","coordinates":[[-5.9830968,37.3830492],[-5.9832049,37.3846456],[-5.9848106,37.3851731],[-5.98656,37.38584],[-5.9873182,37.3863439],[-5.988888,37.3880126],[-5.98986,37.38929],[-5.9898886,37.3890253],[-5.99003,37.3895097],[-5.9901165,37.3898365],[-5.9899739,37.3900219],[-5.9899739,37.3900219],[-5.9912273,37.3900874],[-5.9914973,37.3899764],[-5.991085,37.3897911],[-5.992781,37.389701],[-5.9931868,37.3900367],[-5.9934667,37.3916005],[-5.9937493,37.3932616],[-5.9945728,37.3937054],[-5.9952985,37.3939039],[-5.9960464,37.3931151],[-5.9953759,37.3927251],[-5.9947885,37.3908748],[-5.9939375,37.3886765],[-5.9936639,37.3834745],[-5.9915151,37.3852751],[-5.9910725,37.385384],[-5.9907288,37.3857993],[-5.9906967,37.3864624],[-5.9890441,37.3869718],[-5.9891064,37.3875948],[-5.988888,37.3880126],[-5.9873182,37.3863439],[-5.98656,37.38584],[-5.9848106,37.3851731],[-5.9832049,37.3846456],[-5.9830968,37.3830492]]}},{"type":"Feature","properties":{"id_hdad":30,"hermandad":"San Bernardo","calle":"Calle San Bernardo","osm":"Calle San Bernardo"},"geometry":{"type":"Point","coordinates":[-5.9830968,37.3830492]}},{"type":"Feature","properties":{"id_hdad":30,"hermandad":"San Bernardo","calle":"Avenida de Eduardo Dato","osm":"Avenida de Eduardo Dato"},"geometry":{"type":"Point","coordinates":[-5.9832049,37.3846456]}},{"type":"Feature","properties":{"id_hdad":30,"hermandad":"San Bernardo","calle":"Calle Demetrio de los Ríos","osm":"Calle Demetrio de los Ríos"},"geometry":{"type":"Point","coordinates":[-5.9848106,37.3851731]}},{"type":"Feature","properties":{"id_hdad":30,"hermandad":"San Bernardo","calle":"Calle Puerta de la Carne","osm":"Calle Puerta de la Carne"},"geometry":{"type":"Point","coordinates":[-5.98656,37.38584]}},{"type":"Feature","properties":{"id_hdad":30,"hermandad":"San Bernardo","calle":"Calle Santa María la Blanca","osm":"Calle Santa María la Blanca"},"geometry":{"type":"Point","coordinates":[-5.9873182,37.3863439]}},{"type":"Feature","properties":{"id_hdad":30,"hermandad":"San Bernardo","calle":"Calle San José","osm":"Calle San José"},"geometry":{"type":"Point","coordinates":[-5.988888,37.3880126]}},{"type":"Feature","properties":{"id_hdad":30,"hermandad":"San Bernardo","calle":"Plaza Nuestro Padre Jesús de la Salud","osm":"Plaza Nuestro Padre Jesús de la Salud"},"geometry":{"type":"Point","coordinates":[-5.98986,37.38929]}},{"type":"Feature","properties":{"id_hdad":30,"hermandad":"San Bernardo","calle":"Calle Muñoz y Pabón","osm":"Calle Muñoz y Pabón"},"geometry":{"type":"Point","coordinates":[-5.9898886,37.3890253]}},{"type":"Feature","properties":{"id_hdad":30,"hermandad":"San Bernardo","calle":"Calle Cabeza del Rey Don Pedro","osm":"Calle Cabeza del Rey Don Pedro"},"geometry":{"type":"Point","coordinates":[-5.99003,37.3895097]}},{"type":"Feature","properties":{"id_hdad":30,"hermandad":"San Bernardo","calle":"Calle Candilejo","osm":"Calle Candilejo"},"geometry":{"type":"Point","coordinates":[-5.9901165,37.3898365]}},{"type":"Feature","properties":{"id_hdad":30,"hermandad":"San Bernardo","calle":"Calle Alfalfa","osm":"Calle Alfalfa"},"geometry":{"type":"Point","coordinates":[-5.9899739,37.3900219]}},{"type":"Feature","properties":{"id_hdad":30,"hermandad":"San Bernardo","calle":"Plaza de La Alfalfa","osm":"Calle Alfalfa"},"geometry":{"type":"Point","coordinates":[-5.9899739,37.3900219]}},{"type":"Feature","properties":{"id_hdad":30,"hermandad":"San Bernardo","calle":"Calle Ángel María Camacho","osm":"Calle Ángel María Camacho"},"geometry":{"type":"Point","coordinates":[-5.9912273,37.3900874]}},{"type":"Feature","properties":{"id_hdad":30,"hermandad":"San Bernardo","calle":"Plaza de la Pescadería","osm":"Plaza de la Pescadería"},"geometry":{"type":"Point","coordinates":[-5.9914973,37.3899764]}},{"type":"Feature","properties":{"id_hdad":30,"hermandad":"San Bernardo","calle":"Cuesta del Rosario","osm":"Calle Cuesta del Rosario"},"geometry":{"type":"Point","coordinates":[-5.991085,37.3897911]}},{"type":"Feature","properties":{"id_hdad":30,"hermandad":"San Bernardo","calle":"Calle Villegas","osm":"Calle Villegas"},"geometry":{"type":"Point","coordinates":[-5.992781,37.389701]}},{"type":"Feature","properties":{"id_hdad":30,"hermandad":"San Bernardo","calle":"Plaza del Salvador","osm":"Plaza del Salvador"},"geometry":{"type":"Point","coordinates":[-5.9931868,37.3900367]}},{"type":"Feature","properties":{"id_hdad":30,"hermandad":"San Bernardo","calle":"Calle Cuna","osm":"Calle Cuna"},"geometry":{"type":"Point","coordinates":[-5.9934667,37.3916005]}},{"type":"Feature","properties":{"id_hdad":30,"hermandad":"San Bernardo","calle":"Calle Orfila","osm":"Calle Orfila"},"geometry":{"type":"Point","coordinates":[-5.9937493,37.3932616]}},{"type":"Feature","properties":{"id_hdad":30,"hermandad":"San Bernardo","calle":"Calle Javier Lasso de la Vega","osm":"Calle Javier Lasso de la Vega"},"geometry":{"type":"Point","coordinates":[-5.9945728,37.3937054]}},{"type":"Feature","properties":{"id_hdad":30,"hermandad":"San Bernardo","calle":"Calle Trajano","osm":"Calle Trajano"},"geometry":{"type":"Point","coordinates":[-5.9952985,37.3939039]}},{"type":"Feature","properties":{"id_hdad":30,"hermandad":"San Bernardo","calle":"Plaza del Duque de la Victoria","osm":"Plaza del Duque de la Victoria"},"geometry":{"type":"Point","coordinates":[-5.9960464,37.3931151]}},{"type":"Feature","properties":{"id_hdad":30,"hermandad":"San Bernardo","calle":"La Campana","osm":"Calle Campana"},"geometry":{"type":"Point","coordinates":[-5.9953759,37.3927251]}},{"type":"Feature","properties":{"id_hdad":30,"hermandad":"San Bernardo","calle":"Calle Sierpes","osm":"Calle Sierpes"},"geometry":{"type":"Point","coordinates":[-5.9947885,37.3908748]}},{"type":"Feature","properties":{"id_hdad":30,"hermandad":"San Bernardo","calle":"Plaza de San Francisco","osm":"Plaza de San Francisco"},"geometry":{"type":"Point","coordinates":[-5.9939375,37.3886765]}},{"type":"Feature","properties":{"id_hdad":30,"hermandad":"San Bernardo","calle":"Avenida de la Constitución","osm":"Avenida de la Constitución"},"geometry":{"type":"Point","coordinates":[-5.9936639,37.3834745]}},{"type":"Feature","properties":{"id_hdad":30,"hermandad":"San Bernardo","calle":"Calle Joaquín Romero Murube","osm":"Calle Joaquín Romero Murube"},"geometry":{"type":"Point","coordinates":[-5.9915151,37.3852751]}},{"type":"Feature","properties":{"id_hdad":30,"hermandad":"San Bernardo","calle":"Plaza de La Alianza","osm":"Plaza de la Alianza"},"geometry":{"type":"Point","coordinates":[-5.9910725,37.385384]}},{"type":"Feature","properties":{"id_hdad":30,"hermandad":"San Bernardo","calle":"Calle Rodrigo Caro","osm":"Calle Rodrigo Caro"},"geometry":{"type":"Point","coordinates":[-5.9907288,37.3857993]}},{"type":"Feature","properties":{"id_hdad":30,"hermandad":"San Bernardo","calle":"Calle Mateos Gago","osm":"Calle Mateos Gago"},"geometry":{"type":"Point","coordinates":[-5.9906967,37.3864624]}},{"type":"Feature","properties":{"id_hdad":30,"hermandad":"San Bernardo","calle":"Calle Fabiola","osm":"Calle Fabiola"},"geometry":{"type":"Point","coordinates":[-5.9890441,37.3869718]}},{"type":"Feature","properties":{"id_hdad":30,"hermandad":"San Bernardo","calle":"Calle Madre de Dios","osm":"Calle Madre de Dios"},"geometry":{"type":"Point","coordinates":[-5.9891064,37.3875948]}},{"type":"Feature","properties":{"id_hdad":30,"hermandad":"San Bernardo","calle":"Calle San José","osm":"Calle San José"},"geometry":{"type":"Point","coordinates":[-5.988888,37.3880126]}},{"type":"Feature","properties":{"id_hdad":30,"hermandad":"San Bernardo","calle":"Calle Santa María la Blanca","osm":"Calle Santa María la Blanca"},"geometry":{"type":"Point","coordinates":[-5.9873182,37.3863439]}},{"type":"Feature","properties":{"id_hdad":30,"hermandad":"San Bernardo","calle":"Calle Puerta de la Carne","osm":"Calle Puerta de la Carne"},"geometry":{"type":"Point","coordinates":[-5.98656,37.38584]}},{"type":"Feature","properties":{"id_hdad":30,"hermandad":"San Bernardo","calle":"Calle Demetrio de los Ríos","osm":"Calle Demetrio de los Ríos"},"geometry":{"type":"Point","coordinates":[-5.9848106,37.3851731]}},{"type":"Feature","properties":{"id_hdad":30,"hermandad":"San Bernardo","calle":"Avenida de Eduardo Dato","osm":"Avenida de Eduardo Dato"},"geometry":{"type":"Point","coordinates":[-5.9832049,37.3846456]}},{"type":"Feature","properties":{"id_hdad":30,"hermandad":"San Bernardo","calle":"Calle San Bernardo","osm":"Calle San Bernardo"},"geometry":{"type":"Point","coordinates":[-5.9830968,37.3830492]}},{"type":"Feature","properties":{"id_hdad":31,"nombre":"La Lanzada","dia":"miercoles-santo"},"geometry":{"type":"LineString","coordinates":[[-5.9927646,37.3961458],[-5.9924262,37.3961959],[-5.9922441,37.3959471],[-5.9931091,37.3970862],[-5.9920354,37.3974732],[-5.9927193,37.3974669],[-5.9947526,37.3939161],[-5.9933401,37.4003754],[-5.9952985,37.3939039],[-5.9952339,37.396462],[-5.9947324,37.3986896],[-5.9960464,37.3931151],[-5.9953759,37.3927251],[-5.9947885,37.3908748],[-5.9939375,37.3886765],[-5.9936639,37.3834745],[-5.9924671,37.3864962],[-5.9940816,37.3866707],[-5.9932735,37.3895303],[-5.9911938,37.3885932],[-5.9924834,37.3870654],[-5.9927104,37.388333],[-5.9929995,37.3886113],[-5.9932735,37.3895303],[-5.9931868,37.3900367],[-5.9934667,37.3916005],[-5.9937493,37.3932616],[-5.993848,37.393767],[-5.994158,37.394243],[-5.9941921,37.394338],[-5.9940296,37.39453],[-5.9934936,37.3952807],[-5.9927646,37.3961458]]}},{"type":"Feature","properties":{"id_hdad":31,"hermandad":"La Lanzada","calle":"Plaza de San Martín","osm":"Plaza de San Martín"},"geometry":{"type":"Point","coordinates":[-5.9927646,37.3961458]}},{"type":"Feature","properties":{"id_hdad":31,"hermandad":"La Lanzada","calle":"Calle Saavedras","osm":"Calle Saavedras"},"geometry":{"type":"Point","coordinates":[-5.9924262,37.3961959]}},{"type":"Feature","properties":{"id_hdad":31,"hermandad":"La Lanzada","calle":"Calle Alberto Lista","osm":"Calle Alberto Lista"},"geometry":{"type":"Point","coordinates":[-5.9922441,37.3959471]}},{"type":"Feature","properties":{"id_hdad":31,"hermandad":"La Lanzada","calle":"Calle Conde de Torrejón","osm":"Calle Conde de Torrejón"},"geometry":{"type":"Point","coordinates":[-5.9931091,37.3970862]}},{"type":"Feature","properties":{"id_hdad":31,"hermandad":"La Lanzada","calle":"Calle Marco Sancho","osm":"Calle Marco Sancho"},"geometry":{"type":"Point","coordinates":[-5.9920354,37.3974732]}},{"type":"Feature","properties":{"id_hdad":31,"hermandad":"La Lanzada","calle":"Calle Correduría","osm":"Calle Correduría"},"geometry":{"type":"Point","coordinates":[-5.9927193,37.3974669]}},{"type":"Feature","properties":{"id_hdad":31,"hermandad":"La Lanzada","calle":"Calle Amor de Dios","osm":"Calle Amor de Dios"},"geometry":{"type":"Point","coordinates":[-5.9947526,37.3939161]}},{"type":"Feature","properties":{"id_hdad":31,"hermandad":"La Lanzada","calle":"Alameda de Hércules","osm":"Alameda de Hércules"},"geometry":{"type":"Point","coordinates":[-5.9933401,37.4003754]}},{"type":"Feature","properties":{"id_hdad":31,"hermandad":"La Lanzada","calle":"Calle Trajano","osm":"Calle Trajano"},"geometry":{"type":"Point","coordinates":[-5.9952985,37.3939039]}},{"type":"Feature","properties":{"id_hdad":31,"hermandad":"La Lanzada","calle":"Calle Santa Bárbara","osm":"Calle Santa Bárbara"},"geometry":{"type":"Point","coordinates":[-5.9952339,37.396462]}},{"type":"Feature","properties":{"id_hdad":31,"hermandad":"La Lanzada","calle":"Plaza de Jesús del Gran Poder","osm":"Calle Jesús del Gran Poder"},"geometry":{"type":"Point","coordinates":[-5.9947324,37.3986896]}},{"type":"Feature","properties":{"id_hdad":31,"hermandad":"La Lanzada","calle":"Plaza del Duque de la Victoria","osm":"Plaza del Duque de la Victoria"},"geometry":{"type":"Point","coordinates":[-5.9960464,37.3931151]}},{"type":"Feature","properties":{"id_hdad":31,"hermandad":"La Lanzada","calle":"La Campana","osm":"Calle Campana"},"geometry":{"type":"Point","coordinates":[-5.9953759,37.3927251]}},{"type":"Feature","properties":{"id_hdad":31,"hermandad":"La Lanzada","calle":"Calle Sierpes","osm":"Calle Sierpes"},"geometry":{"type":"Point","coordinates":[-5.9947885,37.3908748]}},{"type":"Feature","properties":{"id_hdad":31,"hermandad":"La Lanzada","calle":"Plaza de San Francisco","osm":"Plaza de San Francisco"},"geometry":{"type":"Point","coordinates":[-5.9939375,37.3886765]}},{"type":"Feature","properties":{"id_hdad":31,"hermandad":"La Lanzada","calle":"Avenida de la Constitución","osm":"Avenida de la Constitución"},"geometry":{"type":"Point","coordinates":[-5.9936639,37.3834745]}},{"type":"Feature","properties":{"id_hdad":31,"hermandad":"La Lanzada","calle":"Calle Cardenal Carlos Amigo","osm":"Calle Cardenal Carlos Amigo"},"geometry":{"type":"Point","coordinates":[-5.9924671,37.3864962]}},{"type":"Feature","properties":{"id_hdad":31,"hermandad":"La Lanzada","calle":"Calle Alemanes","osm":"Calle Alemanes"},"geometry":{"type":"Point","coordinates":[-5.9940816,37.3866707]}},{"type":"Feature","properties":{"id_hdad":31,"hermandad":"La Lanzada","calle":"Calle Álvarez Quintero","osm":"Calle Álvarez Quintero"},"geometry":{"type":"Point","coordinates":[-5.9932735,37.3895303]}},{"type":"Feature","properties":{"id_hdad":31,"hermandad":"La Lanzada","calle":"Calle Argote de Molina","osm":"Calle Argote de Molina"},"geometry":{"type":"Point","coordinates":[-5.9911938,37.3885932]}},{"type":"Feature","properties":{"id_hdad":31,"hermandad":"La Lanzada","calle":"Calle Placentines","osm":"Calle Placentines"},"geometry":{"type":"Point","coordinates":[-5.9924834,37.3870654]}},{"type":"Feature","properties":{"id_hdad":31,"hermandad":"La Lanzada","calle":"Calle Francos","osm":"Calle Francos"},"geometry":{"type":"Point","coordinates":[-5.9927104,37.388333]}},{"type":"Feature","properties":{"id_hdad":31,"hermandad":"La Lanzada","calle":"Calle Chapineros","osm":"Calle Chapineros"},"geometry":{"type":"Point","coordinates":[-5.9929995,37.3886113]}},{"type":"Feature","properties":{"id_hdad":31,"hermandad":"La Lanzada","calle":"Calle Álvarez Quintero","osm":"Calle Álvarez Quintero"},"geometry":{"type":"Point","coordinates":[-5.9932735,37.3895303]}},{"type":"Feature","properties":{"id_hdad":31,"hermandad":"La Lanzada","calle":"Plaza del Salvador","osm":"Plaza del Salvador"},"geometry":{"type":"Point","coordinates":[-5.9931868,37.3900367]}},{"type":"Feature","properties":{"id_hdad":31,"hermandad":"La Lanzada","calle":"Calle Cuna","osm":"Calle Cuna"},"geometry":{"type":"Point","coordinates":[-5.9934667,37.3916005]}},{"type":"Feature","properties":{"id_hdad":31,"hermandad":"La Lanzada","calle":"Calle Orfila","osm":"Calle Orfila"},"geometry":{"type":"Point","coordinates":[-5.9937493,37.3932616]}},{"type":"Feature","properties":{"id_hdad":31,"hermandad":"La Lanzada","calle":"Plaza Fernando de Herrera","osm":"Plaza Fernando de Herrera"},"geometry":{"type":"Point","coordinates":[-5.993848,37.393767]}},{"type":"Feature","properties":{"id_hdad":31,"hermandad":"La Lanzada","calle":"Plaza Fernando de Herrera","osm":"Plaza Fernando de Herrera"},"geometry":{"type":"Point","coordinates":[-5.994158,37.394243]}},{"type":"Feature","properties":{"id_hdad":31,"hermandad":"La Lanzada","calle":"Calle Daoiz","osm":"Calle Daoiz"},"geometry":{"type":"Point","coordinates":[-5.9941921,37.394338]}},{"type":"Feature","properties":{"id_hdad":31,"hermandad":"La Lanzada","calle":"Calle San Andrés","osm":"Calle San Andrés"},"geometry":{"type":"Point","coordinates":[-5.9940296,37.39453]}},{"type":"Feature","properties":{"id_hdad":31,"hermandad":"La Lanzada","calle":"Calle Cervantes","osm":"Calle Cervantes"},"geometry":{"type":"Point","coordinates":[-5.9934936,37.3952807]}},{"type":"Feature","properties":{"id_hdad":31,"hermandad":"La Lanzada","calle":"Plaza de San Martín","osm":"Plaza de San Martín"},"geometry":{"type":"Point","coordinates":[-5.9927646,37.3961458]}},{"type":"Feature","properties":{"id_hdad":32,"nombre":"El Baratillo","dia":"miercoles-santo"},"geometry":{"type":"LineString","coordinates":[[-5.9984,37.3868],[-6.0002454,37.3882667],[-6.0000899,37.3887251],[-5.9995369,37.3892515],[-5.9974,37.3894],[-5.9968379,37.390749],[-5.9965413,37.389543],[-5.9960103,37.3889602],[-5.995176,37.3900449],[-5.9959,37.39062],[-5.9962268,37.3919486],[-5.9960464,37.3931151],[-5.9953759,37.3927251],[-5.9947885,37.3908748],[-5.9939375,37.3886765],[-5.9936639,37.3834745],[-5.9930211,37.38433],[-5.9940317,37.3838262],[-5.9944255,37.3837791],[-5.9949,37.38437],[-5.9947647,37.3851507],[-5.99555,37.385],[-5.9951972,37.385176],[-5.9953472,37.3853603],[-5.9984,37.3868]]}},{"type":"Feature","properties":{"id_hdad":32,"hermandad":"El Baratillo","calle":"Calle Adriano","osm":"Calle Adriano"},"geometry":{"type":"Point","coordinates":[-5.9984,37.3868]}},{"type":"Feature","properties":{"id_hdad":32,"hermandad":"El Baratillo","calle":"Calle Pastor y Landero","osm":"Calle Pastor y Landero"},"geometry":{"type":"Point","coordinates":[-6.0002454,37.3882667]}},{"type":"Feature","properties":{"id_hdad":32,"hermandad":"El Baratillo","calle":"Calle Reyes Católicos","osm":"Calle Reyes Católicos"},"geometry":{"type":"Point","coordinates":[-6.0000899,37.3887251]}},{"type":"Feature","properties":{"id_hdad":32,"hermandad":"El Baratillo","calle":"Calle Puerta de Triana","osm":"Calle Puerta de Triana"},"geometry":{"type":"Point","coordinates":[-5.9995369,37.3892515]}},{"type":"Feature","properties":{"id_hdad":32,"hermandad":"El Baratillo","calle":"Calle San Pablo","osm":"Calle San Pablo"},"geometry":{"type":"Point","coordinates":[-5.9974,37.3894]}},{"type":"Feature","properties":{"id_hdad":32,"hermandad":"El Baratillo","calle":"Plaza de la Magdalena","osm":"Plaza de la Magdalena"},"geometry":{"type":"Point","coordinates":[-5.9968379,37.390749]}},{"type":"Feature","properties":{"id_hdad":32,"hermandad":"El Baratillo","calle":"Calle Méndez Núñez","osm":"Calle Méndez Núñez"},"geometry":{"type":"Point","coordinates":[-5.9965413,37.389543]}},{"type":"Feature","properties":{"id_hdad":32,"hermandad":"El Baratillo","calle":"Plaza Nueva","osm":"Plaza Nueva"},"geometry":{"type":"Point","coordinates":[-5.9960103,37.3889602]}},{"type":"Feature","properties":{"id_hdad":32,"hermandad":"El Baratillo","calle":"Calle Tetuán","osm":"Calle Tetuán"},"geometry":{"type":"Point","coordinates":[-5.995176,37.3900449]}},{"type":"Feature","properties":{"id_hdad":32,"hermandad":"El Baratillo","calle":"Calle Velázquez","osm":"Calle Velázquez"},"geometry":{"type":"Point","coordinates":[-5.9959,37.39062]}},{"type":"Feature","properties":{"id_hdad":32,"hermandad":"El Baratillo","calle":"Calle O'Donnell","osm":"Calle O'Donnell"},"geometry":{"type":"Point","coordinates":[-5.9962268,37.3919486]}},{"type":"Feature","properties":{"id_hdad":32,"hermandad":"El Baratillo","calle":"Plaza del Duque de la Victoria","osm":"Plaza del Duque de la Victoria"},"geometry":{"type":"Point","coordinates":[-5.9960464,37.3931151]}},{"type":"Feature","properties":{"id_hdad":32,"hermandad":"El Baratillo","calle":"La Campana","osm":"Calle Campana"},"geometry":{"type":"Point","coordinates":[-5.9953759,37.3927251]}},{"type":"Feature","properties":{"id_hdad":32,"hermandad":"El Baratillo","calle":"Calle Sierpes","osm":"Calle Sierpes"},"geometry":{"type":"Point","coordinates":[-5.9947885,37.3908748]}},{"type":"Feature","properties":{"id_hdad":32,"hermandad":"El Baratillo","calle":"Plaza de San Francisco","osm":"Plaza de San Francisco"},"geometry":{"type":"Point","coordinates":[-5.9939375,37.3886765]}},{"type":"Feature","properties":{"id_hdad":32,"hermandad":"El Baratillo","calle":"Avenida de la Constitución","osm":"Avenida de la Constitución"},"geometry":{"type":"Point","coordinates":[-5.9936639,37.3834745]}},{"type":"Feature","properties":{"id_hdad":32,"hermandad":"El Baratillo","calle":"Calle Santo Tomás","osm":"Calle Santo Tomás"},"geometry":{"type":"Point","coordinates":[-5.9930211,37.38433]}},{"type":"Feature","properties":{"id_hdad":32,"hermandad":"El Baratillo","calle":"Calle Adolfo Rodríguez Jurado","osm":"Calle Adolfo Rodríguez Jurado"},"geometry":{"type":"Point","coordinates":[-5.9940317,37.3838262]}},{"type":"Feature","properties":{"id_hdad":32,"hermandad":"El Baratillo","calle":"Plaza Ministro Indalecio Prieto","osm":"Plaza Ministro Indalecio Prieto"},"geometry":{"type":"Point","coordinates":[-5.9944255,37.3837791]}},{"type":"Feature","properties":{"id_hdad":32,"hermandad":"El Baratillo","calle":"Calle Tomás de Ibarra","osm":"Calle Tomás de Ibarra"},"geometry":{"type":"Point","coordinates":[-5.9949,37.38437]}},{"type":"Feature","properties":{"id_hdad":32,"hermandad":"El Baratillo","calle":"Calle Almirantazgo","osm":"Calle Almirantazgo"},"geometry":{"type":"Point","coordinates":[-5.9947647,37.3851507]}},{"type":"Feature","properties":{"id_hdad":32,"hermandad":"El Baratillo","calle":"Calle Arco del Postigo","osm":"Calle Arco del Postigo"},"geometry":{"type":"Point","coordinates":[-5.99555,37.385]}},{"type":"Feature","properties":{"id_hdad":32,"hermandad":"El Baratillo","calle":"Calle Dos de Mayo","osm":"Calle Dos de Mayo"},"geometry":{"type":"Point","coordinates":[-5.9951972,37.385176]}},{"type":"Feature","properties":{"id_hdad":32,"hermandad":"El Baratillo","calle":"Calle Arfe","osm":"Calle Arfe"},"geometry":{"type":"Point","coordinates":[-5.9953472,37.3853603]}},{"type":"Feature","properties":{"id_hdad":32,"hermandad":"El Baratillo","calle":"Calle Adriano","osm":"Calle Adriano"},"geometry":{"type":"Point","coordinates":[-5.9984,37.3868]}},{"type":"Feature","properties":{"id_hdad":33,"nombre":"Los Panaderos","dia":"miercoles-santo"},"geometry":{"type":"LineString","coordinates":[[-5.9937493,37.3932616],[-5.993848,37.393767],[-5.994158,37.394243],[-5.9941921,37.394338],[-5.994448,37.3945001],[-5.9947526,37.3939161],[-5.995328,37.3943919],[-5.9952985,37.3939039],[-5.9960464,37.3931151],[-5.9953759,37.3927251],[-5.9947885,37.3908748],[-5.9939375,37.3886765],[-5.9936639,37.3834745],[-5.9924671,37.3864962],[-5.9940816,37.3866707],[-5.9932735,37.3895303],[-5.9911938,37.3885932],[-5.9924834,37.3870654],[-5.9927104,37.388333],[-5.9929995,37.3886113],[-5.9932735,37.3895303],[-5.9931868,37.3900367],[-5.9934667,37.3916005],[-5.9937493,37.3932616]]}},{"type":"Feature","properties":{"id_hdad":33,"hermandad":"Los Panaderos","calle":"Calle Orfila","osm":"Calle Orfila"},"geometry":{"type":"Point","coordinates":[-5.9937493,37.3932616]}},{"type":"Feature","properties":{"id_hdad":33,"hermandad":"Los Panaderos","calle":"Plaza Fernando de Herrera","osm":"Plaza Fernando de Herrera"},"geometry":{"type":"Point","coordinates":[-5.993848,37.393767]}},{"type":"Feature","properties":{"id_hdad":33,"hermandad":"Los Panaderos","calle":"Plaza Fernando de Herrera","osm":"Plaza Fernando de Herrera"},"geometry":{"type":"Point","coordinates":[-5.994158,37.394243]}},{"type":"Feature","properties":{"id_hdad":33,"hermandad":"Los Panaderos","calle":"Calle Daoiz","osm":"Calle Daoiz"},"geometry":{"type":"Point","coordinates":[-5.9941921,37.394338]}},{"type":"Feature","properties":{"id_hdad":33,"hermandad":"Los Panaderos","calle":"Calle García Tassara","osm":"Calle García Tassara"},"geometry":{"type":"Point","coordinates":[-5.994448,37.3945001]}},{"type":"Feature","properties":{"id_hdad":33,"hermandad":"Los Panaderos","calle":"Calle Amor de Dios","osm":"Calle Amor de Dios"},"geometry":{"type":"Point","coordinates":[-5.9947526,37.3939161]}},{"type":"Feature","properties":{"id_hdad":33,"hermandad":"Los Panaderos","calle":"Calle San Miguel","osm":"Calle San Miguel"},"geometry":{"type":"Point","coordinates":[-5.995328,37.3943919]}},{"type":"Feature","properties":{"id_hdad":33,"hermandad":"Los Panaderos","calle":"Calle Trajano","osm":"Calle Trajano"},"geometry":{"type":"Point","coordinates":[-5.9952985,37.3939039]}},{"type":"Feature","properties":{"id_hdad":33,"hermandad":"Los Panaderos","calle":"Plaza del Duque de la Victoria","osm":"Plaza del Duque de la Victoria"},"geometry":{"type":"Point","coordinates":[-5.9960464,37.3931151]}},{"type":"Feature","properties":{"id_hdad":33,"hermandad":"Los Panaderos","calle":"La Campana","osm":"Calle Campana"},"geometry":{"type":"Point","coordinates":[-5.9953759,37.3927251]}},{"type":"Feature","properties":{"id_hdad":33,"hermandad":"Los Panaderos","calle":"Calle Sierpes","osm":"Calle Sierpes"},"geometry":{"type":"Point","coordinates":[-5.9947885,37.3908748]}},{"type":"Feature","properties":{"id_hdad":33,"hermandad":"Los Panaderos","calle":"Plaza de San Francisco","osm":"Plaza de San Francisco"},"geometry":{"type":"Point","coordinates":[-5.9939375,37.3886765]}},{"type":"Feature","properties":{"id_hdad":33,"hermandad":"Los Panaderos","calle":"Avenida de la Constitución","osm":"Avenida de la Constitución"},"geometry":{"type":"Point","coordinates":[-5.9936639,37.3834745]}},{"type":"Feature","properties":{"id_hdad":33,"hermandad":"Los Panaderos","calle":"Calle Cardenal Carlos Amigo","osm":"Calle Cardenal Carlos Amigo"},"geometry":{"type":"Point","coordinates":[-5.9924671,37.3864962]}},{"type":"Feature","properties":{"id_hdad":33,"hermandad":"Los Panaderos","calle":"Calle Alemanes","osm":"Calle Alemanes"},"geometry":{"type":"Point","coordinates":[-5.9940816,37.3866707]}},{"type":"Feature","properties":{"id_hdad":33,"hermandad":"Los Panaderos","calle":"Calle Álvarez Quintero","osm":"Calle Álvarez Quintero"},"geometry":{"type":"Point","coordinates":[-5.9932735,37.3895303]}},{"type":"Feature","properties":{"id_hdad":33,"hermandad":"Los Panaderos","calle":"Calle Argote de Molina","osm":"Calle Argote de Molina"},"geometry":{"type":"Point","coordinates":[-5.9911938,37.3885932]}},{"type":"Feature","properties":{"id_hdad":33,"hermandad":"Los Panaderos","calle":"Calle Placentines","osm":"Calle Placentines"},"geometry":{"type":"Point","coordinates":[-5.9924834,37.3870654]}},{"type":"Feature","properties":{"id_hdad":33,"hermandad":"Los Panaderos","calle":"Calle Francos","osm":"Calle Francos"},"geometry":{"type":"Point","coordinates":[-5.9927104,37.388333]}},{"type":"Feature","properties":{"id_hdad":33,"hermandad":"Los Panaderos","calle":"Calle Chapineros","osm":"Calle Chapineros"},"geometry":{"type":"Point","coordinates":[-5.9929995,37.3886113]}},{"type":"Feature","properties":{"id_hdad":33,"hermandad":"Los Panaderos","calle":"Calle Álvarez Quintero","osm":"Calle Álvarez Quintero"},"geometry":{"type":"Point","coordinates":[-5.9932735,37.3895303]}},{"type":"Feature","properties":{"id_hdad":33,"hermandad":"Los Panaderos","calle":"Plaza del Salvador","osm":"Plaza del Salvador"},"geometry":{"type":"Point","coordinates":[-5.9931868,37.3900367]}},{"type":"Feature","properties":{"id_hdad":33,"hermandad":"Los Panaderos","calle":"Calle Cuna","osm":"Calle Cuna"},"geometry":{"type":"Point","coordinates":[-5.9934667,37.3916005]}},{"type":"Feature","properties":{"id_hdad":33,"hermandad":"Los Panaderos","calle":"Calle Orfila","osm":"Calle Orfila"},"geometry":{"type":"Point","coordinates":[-5.9937493,37.3932616]}},{"type":"Feature","properties":{"id_hdad":34,"nombre":"Cristo de Burgos","dia":"miercoles-santo"},"geometry":{"type":"LineString","coordinates":[[-5.9896917,37.3925047],[-5.9908796,37.3926098],[-5.9914995,37.3927001],[-5.9929812,37.3928036],[-5.9937493,37.3932616],[-5.9945728,37.3937054],[-5.9952985,37.3939039],[-5.9960464,37.3931151],[-5.9953759,37.3927251],[-5.9947885,37.3908748],[-5.9939375,37.3886765],[-5.9936639,37.3834745],[-5.9924671,37.3864962],[-5.9940816,37.3866707],[-5.9932735,37.3895303],[-5.9911938,37.3885932],[-5.9924834,37.3870654],[-5.9927104,37.388333],[-5.9923502,37.3900637],[-5.9917031,37.3904021],[-5.9899739,37.3900219],[-5.9907336,37.3905881],[-5.99075,37.3908772],[-5.9901652,37.391109],[-5.9895944,37.3919974],[-5.9896917,37.3925047]]}},{"type":"Feature","properties":{"id_hdad":34,"hermandad":"Cristo de Burgos","calle":"Plaza de San Pedro","osm":"Plaza de San Pedro"},"geometry":{"type":"Point","coordinates":[-5.9896917,37.3925047]}},{"type":"Feature","properties":{"id_hdad":34,"hermandad":"Cristo de Burgos","calle":"Calle Imagen","osm":"Calle Imagen"},"geometry":{"type":"Point","coordinates":[-5.9908796,37.3926098]}},{"type":"Feature","properties":{"id_hdad":34,"hermandad":"Cristo de Burgos","calle":"Plaza de la Encarnación","osm":"Plaza de la Encarnación"},"geometry":{"type":"Point","coordinates":[-5.9914995,37.3927001]}},{"type":"Feature","properties":{"id_hdad":34,"hermandad":"Cristo de Burgos","calle":"Calle Laraña","osm":"Calle Laraña"},"geometry":{"type":"Point","coordinates":[-5.9929812,37.3928036]}},{"type":"Feature","properties":{"id_hdad":34,"hermandad":"Cristo de Burgos","calle":"Calle Orfila","osm":"Calle Orfila"},"geometry":{"type":"Point","coordinates":[-5.9937493,37.3932616]}},{"type":"Feature","properties":{"id_hdad":34,"hermandad":"Cristo de Burgos","calle":"Calle Javier Lasso de la Vega","osm":"Calle Javier Lasso de la Vega"},"geometry":{"type":"Point","coordinates":[-5.9945728,37.3937054]}},{"type":"Feature","properties":{"id_hdad":34,"hermandad":"Cristo de Burgos","calle":"Calle Trajano","osm":"Calle Trajano"},"geometry":{"type":"Point","coordinates":[-5.9952985,37.3939039]}},{"type":"Feature","properties":{"id_hdad":34,"hermandad":"Cristo de Burgos","calle":"Plaza del Duque de la Victoria","osm":"Plaza del Duque de la Victoria"},"geometry":{"type":"Point","coordinates":[-5.9960464,37.3931151]}},{"type":"Feature","properties":{"id_hdad":34,"hermandad":"Cristo de Burgos","calle":"La Campana","osm":"Calle Campana"},"geometry":{"type":"Point","coordinates":[-5.9953759,37.3927251]}},{"type":"Feature","properties":{"id_hdad":34,"hermandad":"Cristo de Burgos","calle":"Calle Sierpes","osm":"Calle Sierpes"},"geometry":{"type":"Point","coordinates":[-5.9947885,37.3908748]}},{"type":"Feature","properties":{"id_hdad":34,"hermandad":"Cristo de Burgos","calle":"Plaza de San Francisco","osm":"Plaza de San Francisco"},"geometry":{"type":"Point","coordinates":[-5.9939375,37.3886765]}},{"type":"Feature","properties":{"id_hdad":34,"hermandad":"Cristo de Burgos","calle":"Avenida de la Constitución","osm":"Avenida de la Constitución"},"geometry":{"type":"Point","coordinates":[-5.9936639,37.3834745]}},{"type":"Feature","properties":{"id_hdad":34,"hermandad":"Cristo de Burgos","calle":"Calle Cardenal Carlos Amigo","osm":"Calle Cardenal Carlos Amigo"},"geometry":{"type":"Point","coordinates":[-5.9924671,37.3864962]}},{"type":"Feature","properties":{"id_hdad":34,"hermandad":"Cristo de Burgos","calle":"Calle Alemanes","osm":"Calle Alemanes"},"geometry":{"type":"Point","coordinates":[-5.9940816,37.3866707]}},{"type":"Feature","properties":{"id_hdad":34,"hermandad":"Cristo de Burgos","calle":"Calle Álvarez Quintero","osm":"Calle Álvarez Quintero"},"geometry":{"type":"Point","coordinates":[-5.9932735,37.3895303]}},{"type":"Feature","properties":{"id_hdad":34,"hermandad":"Cristo de Burgos","calle":"Calle Argote de Molina","osm":"Calle Argote de Molina"},"geometry":{"type":"Point","coordinates":[-5.9911938,37.3885932]}},{"type":"Feature","properties":{"id_hdad":34,"hermandad":"Cristo de Burgos","calle":"Calle Placentines","osm":"Calle Placentines"},"geometry":{"type":"Point","coordinates":[-5.9924834,37.3870654]}},{"type":"Feature","properties":{"id_hdad":34,"hermandad":"Cristo de Burgos","calle":"Calle Francos","osm":"Calle Francos"},"geometry":{"type":"Point","coordinates":[-5.9927104,37.388333]}},{"type":"Feature","properties":{"id_hdad":34,"hermandad":"Cristo de Burgos","calle":"Plaza de Jesús de la Pasión","osm":"Plaza de Jesus de la Pasión"},"geometry":{"type":"Point","coordinates":[-5.9923502,37.3900637]}},{"type":"Feature","properties":{"id_hdad":34,"hermandad":"Cristo de Burgos","calle":"Calle Alcaicería de la Loza","osm":"Calle Alcaicería de la Loza"},"geometry":{"type":"Point","coordinates":[-5.9917031,37.3904021]}},{"type":"Feature","properties":{"id_hdad":34,"hermandad":"Cristo de Burgos","calle":"Plaza de La Alfalfa","osm":"Calle Alfalfa"},"geometry":{"type":"Point","coordinates":[-5.9899739,37.3900219]}},{"type":"Feature","properties":{"id_hdad":34,"hermandad":"Cristo de Burgos","calle":"Calle San Juan","osm":"Calle San Juan"},"geometry":{"type":"Point","coordinates":[-5.9907336,37.3905881]}},{"type":"Feature","properties":{"id_hdad":34,"hermandad":"Cristo de Burgos","calle":"Calle Boteros","osm":"Calle Boteros"},"geometry":{"type":"Point","coordinates":[-5.99075,37.3908772]}},{"type":"Feature","properties":{"id_hdad":34,"hermandad":"Cristo de Burgos","calle":"Calle Sales y Ferré","osm":"Calle Sales y Ferré"},"geometry":{"type":"Point","coordinates":[-5.9901652,37.391109]}},{"type":"Feature","properties":{"id_hdad":34,"hermandad":"Cristo de Burgos","calle":"Plaza del Cristo de Burgos","osm":"Plaza del Cristo de Burgos"},"geometry":{"type":"Point","coordinates":[-5.9895944,37.3919974]}},{"type":"Feature","properties":{"id_hdad":34,"hermandad":"Cristo de Burgos","calle":"Plaza de San Pedro","osm":"Plaza de San Pedro"},"geometry":{"type":"Point","coordinates":[-5.9896917,37.3925047]}},{"type":"Feature","properties":{"id_hdad":35,"nombre":"Siete Palabras","dia":"miercoles-santo"},"geometry":{"type":"LineString","coordinates":[[-5.9989654,37.3941809],[-5.9984807,37.3935516],[-5.9978968,37.3951943],[-5.9966468,37.3948202],[-5.9967933,37.3945045],[-5.9963843,37.3942981],[-5.9947324,37.3986896],[-5.9960464,37.3931151],[-5.9953759,37.3927251],[-5.9947885,37.3908748],[-5.9939375,37.3886765],[-5.9936639,37.3834745],[-5.9924671,37.3864962],[-5.9940816,37.3866707],[-5.9936149,37.38779],[-5.9939375,37.3886765],[-5.9960103,37.3889602],[-5.995176,37.3900449],[-5.9959,37.39062],[-5.9962268,37.3919486],[-5.9953759,37.3927251],[-5.9965356,37.3927513],[-5.9976096,37.3933619],[-5.9979445,37.3939831],[-5.9989654,37.3941809]]}},{"type":"Feature","properties":{"id_hdad":35,"hermandad":"Siete Palabras","calle":"Calle Cardenal Cisneros","osm":"Calle Cardenal Cisneros"},"geometry":{"type":"Point","coordinates":[-5.9989654,37.3941809]}},{"type":"Feature","properties":{"id_hdad":35,"hermandad":"Siete Palabras","calle":"Calle Jesús de la Vera-Cruz","osm":"Calle Jesús de la Vera-Cruz"},"geometry":{"type":"Point","coordinates":[-5.9984807,37.3935516]}},{"type":"Feature","properties":{"id_hdad":35,"hermandad":"Siete Palabras","calle":"Calle Baños","osm":"Calle Baños"},"geometry":{"type":"Point","coordinates":[-5.9978968,37.3951943]}},{"type":"Feature","properties":{"id_hdad":35,"hermandad":"Siete Palabras","calle":"Plaza de la Gavidia","osm":"Plaza de la Gavidia"},"geometry":{"type":"Point","coordinates":[-5.9966468,37.3948202]}},{"type":"Feature","properties":{"id_hdad":35,"hermandad":"Siete Palabras","calle":"Plaza de La Concordia","osm":"Plaza de la Concordia"},"geometry":{"type":"Point","coordinates":[-5.9967933,37.3945045]}},{"type":"Feature","properties":{"id_hdad":35,"hermandad":"Siete Palabras","calle":"Calle Las Cortes","osm":"Calle Las Cortes"},"geometry":{"type":"Point","coordinates":[-5.9963843,37.3942981]}},{"type":"Feature","properties":{"id_hdad":35,"hermandad":"Siete Palabras","calle":"Plaza de Jesús del Gran Poder","osm":"Calle Jesús del Gran Poder"},"geometry":{"type":"Point","coordinates":[-5.9947324,37.3986896]}},{"type":"Feature","properties":{"id_hdad":35,"hermandad":"Siete Palabras","calle":"Plaza del Duque de la Victoria","osm":"Plaza del Duque de la Victoria"},"geometry":{"type":"Point","coordinates":[-5.9960464,37.3931151]}},{"type":"Feature","properties":{"id_hdad":35,"hermandad":"Siete Palabras","calle":"La Campana","osm":"Calle Campana"},"geometry":{"type":"Point","coordinates":[-5.9953759,37.3927251]}},{"type":"Feature","properties":{"id_hdad":35,"hermandad":"Siete Palabras","calle":"Calle Sierpes","osm":"Calle Sierpes"},"geometry":{"type":"Point","coordinates":[-5.9947885,37.3908748]}},{"type":"Feature","properties":{"id_hdad":35,"hermandad":"Siete Palabras","calle":"Plaza de San Francisco","osm":"Plaza de San Francisco"},"geometry":{"type":"Point","coordinates":[-5.9939375,37.3886765]}},{"type":"Feature","properties":{"id_hdad":35,"hermandad":"Siete Palabras","calle":"Avenida de la Constitución","osm":"Avenida de la Constitución"},"geometry":{"type":"Point","coordinates":[-5.9936639,37.3834745]}},{"type":"Feature","properties":{"id_hdad":35,"hermandad":"Siete Palabras","calle":"Calle Cardenal Carlos Amigo","osm":"Calle Cardenal Carlos Amigo"},"geometry":{"type":"Point","coordinates":[-5.9924671,37.3864962]}},{"type":"Feature","properties":{"id_hdad":35,"hermandad":"Siete Palabras","calle":"Calle Alemanes","osm":"Calle Alemanes"},"geometry":{"type":"Point","coordinates":[-5.9940816,37.3866707]}},{"type":"Feature","properties":{"id_hdad":35,"hermandad":"Siete Palabras","calle":"Calle Hernando Colón","osm":"Calle Hernando Colón"},"geometry":{"type":"Point","coordinates":[-5.9936149,37.38779]}},{"type":"Feature","properties":{"id_hdad":35,"hermandad":"Siete Palabras","calle":"Plaza de San Francisco","osm":"Plaza de San Francisco"},"geometry":{"type":"Point","coordinates":[-5.9939375,37.3886765]}},{"type":"Feature","properties":{"id_hdad":35,"hermandad":"Siete Palabras","calle":"Plaza Nueva","osm":"Plaza Nueva"},"geometry":{"type":"Point","coordinates":[-5.9960103,37.3889602]}},{"type":"Feature","properties":{"id_hdad":35,"hermandad":"Siete Palabras","calle":"Calle Tetuán","osm":"Calle Tetuán"},"geometry":{"type":"Point","coordinates":[-5.995176,37.3900449]}},{"type":"Feature","properties":{"id_hdad":35,"hermandad":"Siete Palabras","calle":"Calle Velázquez","osm":"Calle Velázquez"},"geometry":{"type":"Point","coordinates":[-5.9959,37.39062]}},{"type":"Feature","properties":{"id_hdad":35,"hermandad":"Siete Palabras","calle":"Calle O'Donnell","osm":"Calle O'Donnell"},"geometry":{"type":"Point","coordinates":[-5.9962268,37.3919486]}},{"type":"Feature","properties":{"id_hdad":35,"hermandad":"Siete Palabras","calle":"La Campana","osm":"Calle Campana"},"geometry":{"type":"Point","coordinates":[-5.9953759,37.3927251]}},{"type":"Feature","properties":{"id_hdad":35,"hermandad":"Siete Palabras","calle":"Calle Alfonso XII","osm":"Calle Alfonso XII"},"geometry":{"type":"Point","coordinates":[-5.9965356,37.3927513]}},{"type":"Feature","properties":{"id_hdad":35,"hermandad":"Siete Palabras","calle":"Calle Santa Vicenta María","osm":"Calle Santa Vicenta María"},"geometry":{"type":"Point","coordinates":[-5.9976096,37.3933619]}},{"type":"Feature","properties":{"id_hdad":35,"hermandad":"Siete Palabras","calle":"Calle Virgen de los Buenos Libros","osm":"Calle Virgen de los Buenos Libros"},"geometry":{"type":"Point","coordinates":[-5.9979445,37.3939831]}},{"type":"Feature","properties":{"id_hdad":35,"hermandad":"Siete Palabras","calle":"Calle Cardenal Cisneros","osm":"Calle Cardenal Cisneros"},"geometry":{"type":"Point","coordinates":[-5.9989654,37.3941809]}},{"type":"Feature","properties":{"id_hdad":36,"nombre":"Los Negritos","dia":"jueves-santo"},"geometry":{"type":"LineString","coordinates":[[-5.9840695,37.3917064],[-5.9828,37.3892],[-5.9852809,37.3896553],[-5.9870332,37.3896374],[-5.9877519,37.3898791],[-5.9899739,37.3900219],[-5.990668,37.3899828],[-5.991085,37.3897911],[-5.992781,37.389701],[-5.9931868,37.3900367],[-5.9937797,37.3901395],[-5.9947086,37.3899991],[-5.995176,37.3900449],[-5.9959,37.39062],[-5.9962268,37.3919486],[-5.9960464,37.3931151],[-5.9953759,37.3927251],[-5.9947885,37.3908748],[-5.9939375,37.3886765],[-5.9936639,37.3834745],[-5.9924671,37.3864962],[-5.9940816,37.3866707],[-5.9932735,37.3895303],[-5.9911938,37.3885932],[-5.9924834,37.3870654],[-5.9927104,37.388333],[-5.991085,37.3897911],[-5.9914973,37.3899764],[-5.9912273,37.3900874],[-5.9899739,37.3900219],[-5.9899739,37.3900219],[-5.9877519,37.3898791],[-5.9870332,37.3896374],[-5.9852809,37.3896553],[-5.9828,37.3892],[-5.985012,37.3926216],[-5.9847954,37.3905838],[-5.9840695,37.3917064]]}},{"type":"Feature","properties":{"id_hdad":36,"hermandad":"Los Negritos","calle":"Calle Recaredo","osm":"Calle Recaredo"},"geometry":{"type":"Point","coordinates":[-5.9840695,37.3917064]}},{"type":"Feature","properties":{"id_hdad":36,"hermandad":"Los Negritos","calle":"Calle Puerta de Carmona","osm":"Calle Puerta de Carmona"},"geometry":{"type":"Point","coordinates":[-5.9828,37.3892]}},{"type":"Feature","properties":{"id_hdad":36,"hermandad":"Los Negritos","calle":"Calle San Esteban","osm":"Calle San Esteban"},"geometry":{"type":"Point","coordinates":[-5.9852809,37.3896553]}},{"type":"Feature","properties":{"id_hdad":36,"hermandad":"Los Negritos","calle":"Plaza de Pilatos","osm":"Plaza de Pilatos"},"geometry":{"type":"Point","coordinates":[-5.9870332,37.3896374]}},{"type":"Feature","properties":{"id_hdad":36,"hermandad":"Los Negritos","calle":"Calle Águilas","osm":"Calle Águilas"},"geometry":{"type":"Point","coordinates":[-5.9877519,37.3898791]}},{"type":"Feature","properties":{"id_hdad":36,"hermandad":"Los Negritos","calle":"Calle Alfalfa","osm":"Calle Alfalfa"},"geometry":{"type":"Point","coordinates":[-5.9899739,37.3900219]}},{"type":"Feature","properties":{"id_hdad":36,"hermandad":"Los Negritos","calle":"Calle Jesús de las Tres Caídas","osm":"Calle Jesús de las Tres Caídas"},"geometry":{"type":"Point","coordinates":[-5.990668,37.3899828]}},{"type":"Feature","properties":{"id_hdad":36,"hermandad":"Los Negritos","calle":"Cuesta del Rosario","osm":"Calle Cuesta del Rosario"},"geometry":{"type":"Point","coordinates":[-5.991085,37.3897911]}},{"type":"Feature","properties":{"id_hdad":36,"hermandad":"Los Negritos","calle":"Calle Villegas","osm":"Calle Villegas"},"geometry":{"type":"Point","coordinates":[-5.992781,37.389701]}},{"type":"Feature","properties":{"id_hdad":36,"hermandad":"Los Negritos","calle":"Plaza del Salvador","osm":"Plaza del Salvador"},"geometry":{"type":"Point","coordinates":[-5.9931868,37.3900367]}},{"type":"Feature","properties":{"id_hdad":36,"hermandad":"Los Negritos","calle":"Calle Sagasta","osm":"Calle Sagasta"},"geometry":{"type":"Point","coordinates":[-5.9937797,37.3901395]}},{"type":"Feature","properties":{"id_hdad":36,"hermandad":"Los Negritos","calle":"Calle Jovellanos","osm":"Calle Jovellanos"},"geometry":{"type":"Point","coordinates":[-5.9947086,37.3899991]}},{"type":"Feature","properties":{"id_hdad":36,"hermandad":"Los Negritos","calle":"Calle Tetuán","osm":"Calle Tetuán"},"geometry":{"type":"Point","coordinates":[-5.995176,37.3900449]}},{"type":"Feature","properties":{"id_hdad":36,"hermandad":"Los Negritos","calle":"Calle Velázquez","osm":"Calle Velázquez"},"geometry":{"type":"Point","coordinates":[-5.9959,37.39062]}},{"type":"Feature","properties":{"id_hdad":36,"hermandad":"Los Negritos","calle":"Calle O'Donnell","osm":"Calle O'Donnell"},"geometry":{"type":"Point","coordinates":[-5.9962268,37.3919486]}},{"type":"Feature","properties":{"id_hdad":36,"hermandad":"Los Negritos","calle":"Plaza del Duque de la Victoria","osm":"Plaza del Duque de la Victoria"},"geometry":{"type":"Point","coordinates":[-5.9960464,37.3931151]}},{"type":"Feature","properties":{"id_hdad":36,"hermandad":"Los Negritos","calle":"La Campana","osm":"Calle Campana"},"geometry":{"type":"Point","coordinates":[-5.9953759,37.3927251]}},{"type":"Feature","properties":{"id_hdad":36,"hermandad":"Los Negritos","calle":"Calle Sierpes","osm":"Calle Sierpes"},"geometry":{"type":"Point","coordinates":[-5.9947885,37.3908748]}},{"type":"Feature","properties":{"id_hdad":36,"hermandad":"Los Negritos","calle":"Plaza de San Francisco","osm":"Plaza de San Francisco"},"geometry":{"type":"Point","coordinates":[-5.9939375,37.3886765]}},{"type":"Feature","properties":{"id_hdad":36,"hermandad":"Los Negritos","calle":"Avenida de la Constitución","osm":"Avenida de la Constitución"},"geometry":{"type":"Point","coordinates":[-5.9936639,37.3834745]}},{"type":"Feature","properties":{"id_hdad":36,"hermandad":"Los Negritos","calle":"Calle Cardenal Carlos Amigo","osm":"Calle Cardenal Carlos Amigo"},"geometry":{"type":"Point","coordinates":[-5.9924671,37.3864962]}},{"type":"Feature","properties":{"id_hdad":36,"hermandad":"Los Negritos","calle":"Calle Alemanes","osm":"Calle Alemanes"},"geometry":{"type":"Point","coordinates":[-5.9940816,37.3866707]}},{"type":"Feature","properties":{"id_hdad":36,"hermandad":"Los Negritos","calle":"Calle Álvarez Quintero","osm":"Calle Álvarez Quintero"},"geometry":{"type":"Point","coordinates":[-5.9932735,37.3895303]}},{"type":"Feature","properties":{"id_hdad":36,"hermandad":"Los Negritos","calle":"Calle Argote de Molina","osm":"Calle Argote de Molina"},"geometry":{"type":"Point","coordinates":[-5.9911938,37.3885932]}},{"type":"Feature","properties":{"id_hdad":36,"hermandad":"Los Negritos","calle":"Calle Placentines","osm":"Calle Placentines"},"geometry":{"type":"Point","coordinates":[-5.9924834,37.3870654]}},{"type":"Feature","properties":{"id_hdad":36,"hermandad":"Los Negritos","calle":"Calle Francos","osm":"Calle Francos"},"geometry":{"type":"Point","coordinates":[-5.9927104,37.388333]}},{"type":"Feature","properties":{"id_hdad":36,"hermandad":"Los Negritos","calle":"Cuesta del Rosario","osm":"Calle Cuesta del Rosario"},"geometry":{"type":"Point","coordinates":[-5.991085,37.3897911]}},{"type":"Feature","properties":{"id_hdad":36,"hermandad":"Los Negritos","calle":"Plaza de la Pescadería","osm":"Plaza de la Pescadería"},"geometry":{"type":"Point","coordinates":[-5.9914973,37.3899764]}},{"type":"Feature","properties":{"id_hdad":36,"hermandad":"Los Negritos","calle":"Calle Ángel María Camacho","osm":"Calle Ángel María Camacho"},"geometry":{"type":"Point","coordinates":[-5.9912273,37.3900874]}},{"type":"Feature","properties":{"id_hdad":36,"hermandad":"Los Negritos","calle":"Plaza de La Alfalfa","osm":"Calle Alfalfa"},"geometry":{"type":"Point","coordinates":[-5.9899739,37.3900219]}},{"type":"Feature","properties":{"id_hdad":36,"hermandad":"Los Negritos","calle":"Calle Alfalfa","osm":"Calle Alfalfa"},"geometry":{"type":"Point","coordinates":[-5.9899739,37.3900219]}},{"type":"Feature","properties":{"id_hdad":36,"hermandad":"Los Negritos","calle":"Calle Águilas","osm":"Calle Águilas"},"geometry":{"type":"Point","coordinates":[-5.9877519,37.3898791]}},{"type":"Feature","properties":{"id_hdad":36,"hermandad":"Los Negritos","calle":"Plaza de Pilatos","osm":"Plaza de Pilatos"},"geometry":{"type":"Point","coordinates":[-5.9870332,37.3896374]}},{"type":"Feature","properties":{"id_hdad":36,"hermandad":"Los Negritos","calle":"Calle San Esteban","osm":"Calle San Esteban"},"geometry":{"type":"Point","coordinates":[-5.9852809,37.3896553]}},{"type":"Feature","properties":{"id_hdad":36,"hermandad":"Los Negritos","calle":"Calle Puerta de Carmona","osm":"Calle Puerta de Carmona"},"geometry":{"type":"Point","coordinates":[-5.9828,37.3892]}},{"type":"Feature","properties":{"id_hdad":36,"hermandad":"Los Negritos","calle":"Calle Muro de los Navarros","osm":"Calle Muro de los Navarros"},"geometry":{"type":"Point","coordinates":[-5.985012,37.3926216]}},{"type":"Feature","properties":{"id_hdad":36,"hermandad":"Los Negritos","calle":"Calle Guadalupe","osm":"Calle Guadalupe"},"geometry":{"type":"Point","coordinates":[-5.9847954,37.3905838]}},{"type":"Feature","properties":{"id_hdad":36,"hermandad":"Los Negritos","calle":"Calle Recaredo","osm":"Calle Recaredo"},"geometry":{"type":"Point","coordinates":[-5.9840695,37.3917064]}},{"type":"Feature","properties":{"id_hdad":37,"nombre":"La Exaltación","dia":"jueves-santo"},"geometry":{"type":"LineString","coordinates":[[-5.9880782,37.3932862],[-5.9897494,37.3945143],[-5.9903663,37.3942306],[-5.9908832,37.3936156],[-5.9914995,37.3927001],[-5.9929812,37.3928036],[-5.9937493,37.3932616],[-5.9945728,37.3937054],[-5.9952985,37.3939039],[-5.9960464,37.3931151],[-5.9953759,37.3927251],[-5.9947885,37.3908748],[-5.9939375,37.3886765],[-5.9936639,37.3834745],[-5.9924671,37.3864962],[-5.9940816,37.3866707],[-5.9932735,37.3895303],[-5.9911938,37.3885932],[-5.9924834,37.3870654],[-5.9927104,37.388333],[-5.9929995,37.3886113],[-5.9932735,37.3895303],[-5.992781,37.389701],[-5.991085,37.3897911],[-5.9914973,37.3899764],[-5.9912273,37.3900874],[-5.9899739,37.3900219],[-5.9903819,37.3904418],[-5.99075,37.3908772],[-5.9901652,37.391109],[-5.9895944,37.3919974],[-5.9890313,37.3927037],[-5.9886539,37.3921907],[-5.9880782,37.3932862]]}},{"type":"Feature","properties":{"id_hdad":37,"hermandad":"La Exaltación","calle":"Calle Santa Catalina","osm":"Calle Santa Catalina"},"geometry":{"type":"Point","coordinates":[-5.9880782,37.3932862]}},{"type":"Feature","properties":{"id_hdad":37,"hermandad":"La Exaltación","calle":"Calle Gerona","osm":"Calle Gerona"},"geometry":{"type":"Point","coordinates":[-5.9897494,37.3945143]}},{"type":"Feature","properties":{"id_hdad":37,"hermandad":"La Exaltación","calle":"Calle Santa Ángela de la Cruz","osm":"Calle Santa Ángela de la Cruz"},"geometry":{"type":"Point","coordinates":[-5.9903663,37.3942306]}},{"type":"Feature","properties":{"id_hdad":37,"hermandad":"La Exaltación","calle":"Calle Alcázares","osm":"Calle Alcázares"},"geometry":{"type":"Point","coordinates":[-5.9908832,37.3936156]}},{"type":"Feature","properties":{"id_hdad":37,"hermandad":"La Exaltación","calle":"Plaza de la Encarnación","osm":"Plaza de la Encarnación"},"geometry":{"type":"Point","coordinates":[-5.9914995,37.3927001]}},{"type":"Feature","properties":{"id_hdad":37,"hermandad":"La Exaltación","calle":"Calle Laraña","osm":"Calle Laraña"},"geometry":{"type":"Point","coordinates":[-5.9929812,37.3928036]}},{"type":"Feature","properties":{"id_hdad":37,"hermandad":"La Exaltación","calle":"Calle Orfila","osm":"Calle Orfila"},"geometry":{"type":"Point","coordinates":[-5.9937493,37.3932616]}},{"type":"Feature","properties":{"id_hdad":37,"hermandad":"La Exaltación","calle":"Calle Javier Lasso de la Vega","osm":"Calle Javier Lasso de la Vega"},"geometry":{"type":"Point","coordinates":[-5.9945728,37.3937054]}},{"type":"Feature","properties":{"id_hdad":37,"hermandad":"La Exaltación","calle":"Calle Trajano","osm":"Calle Trajano"},"geometry":{"type":"Point","coordinates":[-5.9952985,37.3939039]}},{"type":"Feature","properties":{"id_hdad":37,"hermandad":"La Exaltación","calle":"Plaza del Duque de la Victoria","osm":"Plaza del Duque de la Victoria"},"geometry":{"type":"Point","coordinates":[-5.9960464,37.3931151]}},{"type":"Feature","properties":{"id_hdad":37,"hermandad":"La Exaltación","calle":"La Campana","osm":"Calle Campana"},"geometry":{"type":"Point","coordinates":[-5.9953759,37.3927251]}},{"type":"Feature","properties":{"id_hdad":37,"hermandad":"La Exaltación","calle":"Calle Sierpes","osm":"Calle Sierpes"},"geometry":{"type":"Point","coordinates":[-5.9947885,37.3908748]}},{"type":"Feature","properties":{"id_hdad":37,"hermandad":"La Exaltación","calle":"Plaza de San Francisco","osm":"Plaza de San Francisco"},"geometry":{"type":"Point","coordinates":[-5.9939375,37.3886765]}},{"type":"Feature","properties":{"id_hdad":37,"hermandad":"La Exaltación","calle":"Avenida de la Constitución","osm":"Avenida de la Constitución"},"geometry":{"type":"Point","coordinates":[-5.9936639,37.3834745]}},{"type":"Feature","properties":{"id_hdad":37,"hermandad":"La Exaltación","calle":"Calle Cardenal Carlos Amigo","osm":"Calle Cardenal Carlos Amigo"},"geometry":{"type":"Point","coordinates":[-5.9924671,37.3864962]}},{"type":"Feature","properties":{"id_hdad":37,"hermandad":"La Exaltación","calle":"Calle Alemanes","osm":"Calle Alemanes"},"geometry":{"type":"Point","coordinates":[-5.9940816,37.3866707]}},{"type":"Feature","properties":{"id_hdad":37,"hermandad":"La Exaltación","calle":"Calle Álvarez Quintero","osm":"Calle Álvarez Quintero"},"geometry":{"type":"Point","coordinates":[-5.9932735,37.3895303]}},{"type":"Feature","properties":{"id_hdad":37,"hermandad":"La Exaltación","calle":"Calle Argote de Molina","osm":"Calle Argote de Molina"},"geometry":{"type":"Point","coordinates":[-5.9911938,37.3885932]}},{"type":"Feature","properties":{"id_hdad":37,"hermandad":"La Exaltación","calle":"Calle Placentines","osm":"Calle Placentines"},"geometry":{"type":"Point","coordinates":[-5.9924834,37.3870654]}},{"type":"Feature","properties":{"id_hdad":37,"hermandad":"La Exaltación","calle":"Calle Francos","osm":"Calle Francos"},"geometry":{"type":"Point","coordinates":[-5.9927104,37.388333]}},{"type":"Feature","properties":{"id_hdad":37,"hermandad":"La Exaltación","calle":"Calle Chapineros","osm":"Calle Chapineros"},"geometry":{"type":"Point","coordinates":[-5.9929995,37.3886113]}},{"type":"Feature","properties":{"id_hdad":37,"hermandad":"La Exaltación","calle":"Calle Álvarez Quintero","osm":"Calle Álvarez Quintero"},"geometry":{"type":"Point","coordinates":[-5.9932735,37.3895303]}},{"type":"Feature","properties":{"id_hdad":37,"hermandad":"La Exaltación","calle":"Calle Villegas","osm":"Calle Villegas"},"geometry":{"type":"Point","coordinates":[-5.992781,37.389701]}},{"type":"Feature","properties":{"id_hdad":37,"hermandad":"La Exaltación","calle":"Cuesta del Rosario","osm":"Calle Cuesta del Rosario"},"geometry":{"type":"Point","coordinates":[-5.991085,37.3897911]}},{"type":"Feature","properties":{"id_hdad":37,"hermandad":"La Exaltación","calle":"Plaza de la Pescadería","osm":"Plaza de la Pescadería"},"geometry":{"type":"Point","coordinates":[-5.9914973,37.3899764]}},{"type":"Feature","properties":{"id_hdad":37,"hermandad":"La Exaltación","calle":"Calle Ángel María Camacho","osm":"Calle Ángel María Camacho"},"geometry":{"type":"Point","coordinates":[-5.9912273,37.3900874]}},{"type":"Feature","properties":{"id_hdad":37,"hermandad":"La Exaltación","calle":"Plaza de La Alfalfa","osm":"Calle Alfalfa"},"geometry":{"type":"Point","coordinates":[-5.9899739,37.3900219]}},{"type":"Feature","properties":{"id_hdad":37,"hermandad":"La Exaltación","calle":"Calle Odreros","osm":"Calle Odreros"},"geometry":{"type":"Point","coordinates":[-5.9903819,37.3904418]}},{"type":"Feature","properties":{"id_hdad":37,"hermandad":"La Exaltación","calle":"Calle Boteros","osm":"Calle Boteros"},"geometry":{"type":"Point","coordinates":[-5.99075,37.3908772]}},{"type":"Feature","properties":{"id_hdad":37,"hermandad":"La Exaltación","calle":"Calle Sales y Ferré","osm":"Calle Sales y Ferré"},"geometry":{"type":"Point","coordinates":[-5.9901652,37.391109]}},{"type":"Feature","properties":{"id_hdad":37,"hermandad":"La Exaltación","calle":"Plaza del Cristo de Burgos","osm":"Plaza del Cristo de Burgos"},"geometry":{"type":"Point","coordinates":[-5.9895944,37.3919974]}},{"type":"Feature","properties":{"id_hdad":37,"hermandad":"La Exaltación","calle":"Calle Almirante Apodaca","osm":"Calle Almirante Apodaca"},"geometry":{"type":"Point","coordinates":[-5.9890313,37.3927037]}},{"type":"Feature","properties":{"id_hdad":37,"hermandad":"La Exaltación","calle":"Calle Alhóndiga","osm":"Calle Alhóndiga"},"geometry":{"type":"Point","coordinates":[-5.9886539,37.3921907]}},{"type":"Feature","properties":{"id_hdad":37,"hermandad":"La Exaltación","calle":"Calle Santa Catalina","osm":"Calle Santa Catalina"},"geometry":{"type":"Point","coordinates":[-5.9880782,37.3932862]}},{"type":"Feature","properties":{"id_hdad":38,"nombre":"Las Cigarreras","dia":"jueves-santo"},"geometry":{"type":"LineString","coordinates":[[-5.9856437,37.3951595],[-5.9880871,37.393607],[-5.988081,37.393645],[-5.9886539,37.3921907],[-5.9890313,37.3927037],[-5.9896917,37.3925047],[-5.9908796,37.3926098],[-5.9914995,37.3927001],[-5.9929812,37.3928036],[-5.9937493,37.3932616],[-5.9945728,37.3937054],[-5.9952985,37.3939039],[-5.9960464,37.3931151],[-5.9953759,37.3927251],[-5.9947885,37.3908748],[-5.9939375,37.3886765],[-5.9936639,37.3834745],[-5.99235,37.38436],[-5.9926032,37.383726],[-5.992595,37.3837342],[-5.99281,37.38237],[-5.9909424,37.38181],[-5.9882289,37.38344],[-5.9870272,37.3856852],[-5.9873182,37.3863439],[-5.988888,37.3880126],[-5.98986,37.38929],[-5.9898886,37.3890253],[-5.99003,37.3895097],[-5.9901165,37.3898365],[-5.9899739,37.3900219],[-5.9903819,37.3904418],[-5.99075,37.3908772],[-5.9901652,37.391109],[-5.9895944,37.3919974],[-5.988238,37.3948513],[-5.9881136,37.3941815],[-5.9880871,37.393607],[-5.9856437,37.3951595]]}},{"type":"Feature","properties":{"id_hdad":38,"hermandad":"Las Cigarreras","calle":"Calle Sol","osm":"Calle Sol"},"geometry":{"type":"Point","coordinates":[-5.9856437,37.3951595]}},{"type":"Feature","properties":{"id_hdad":38,"hermandad":"Las Cigarreras","calle":"Plaza de Los Terceros","osm":"Plaza de los Terceros"},"geometry":{"type":"Point","coordinates":[-5.9880871,37.393607]}},{"type":"Feature","properties":{"id_hdad":38,"hermandad":"Las Cigarreras","calle":"Calle Capataz Manuel Santiago","osm":"Calle Capataz Manuel Santiago"},"geometry":{"type":"Point","coordinates":[-5.988081,37.393645]}},{"type":"Feature","properties":{"id_hdad":38,"hermandad":"Las Cigarreras","calle":"Calle Alhóndiga","osm":"Calle Alhóndiga"},"geometry":{"type":"Point","coordinates":[-5.9886539,37.3921907]}},{"type":"Feature","properties":{"id_hdad":38,"hermandad":"Las Cigarreras","calle":"Calle Almirante Apodaca","osm":"Calle Almirante Apodaca"},"geometry":{"type":"Point","coordinates":[-5.9890313,37.3927037]}},{"type":"Feature","properties":{"id_hdad":38,"hermandad":"Las Cigarreras","calle":"Plaza de San Pedro","osm":"Plaza de San Pedro"},"geometry":{"type":"Point","coordinates":[-5.9896917,37.3925047]}},{"type":"Feature","properties":{"id_hdad":38,"hermandad":"Las Cigarreras","calle":"Calle Imagen","osm":"Calle Imagen"},"geometry":{"type":"Point","coordinates":[-5.9908796,37.3926098]}},{"type":"Feature","properties":{"id_hdad":38,"hermandad":"Las Cigarreras","calle":"Plaza de la Encarnación","osm":"Plaza de la Encarnación"},"geometry":{"type":"Point","coordinates":[-5.9914995,37.3927001]}},{"type":"Feature","properties":{"id_hdad":38,"hermandad":"Las Cigarreras","calle":"Calle Laraña","osm":"Calle Laraña"},"geometry":{"type":"Point","coordinates":[-5.9929812,37.3928036]}},{"type":"Feature","properties":{"id_hdad":38,"hermandad":"Las Cigarreras","calle":"Calle Orfila","osm":"Calle Orfila"},"geometry":{"type":"Point","coordinates":[-5.9937493,37.3932616]}},{"type":"Feature","properties":{"id_hdad":38,"hermandad":"Las Cigarreras","calle":"Calle Javier Lasso de la Vega","osm":"Calle Javier Lasso de la Vega"},"geometry":{"type":"Point","coordinates":[-5.9945728,37.3937054]}},{"type":"Feature","properties":{"id_hdad":38,"hermandad":"Las Cigarreras","calle":"Calle Trajano","osm":"Calle Trajano"},"geometry":{"type":"Point","coordinates":[-5.9952985,37.3939039]}},{"type":"Feature","properties":{"id_hdad":38,"hermandad":"Las Cigarreras","calle":"Plaza del Duque de la Victoria","osm":"Plaza del Duque de la Victoria"},"geometry":{"type":"Point","coordinates":[-5.9960464,37.3931151]}},{"type":"Feature","properties":{"id_hdad":38,"hermandad":"Las Cigarreras","calle":"La Campana","osm":"Calle Campana"},"geometry":{"type":"Point","coordinates":[-5.9953759,37.3927251]}},{"type":"Feature","properties":{"id_hdad":38,"hermandad":"Las Cigarreras","calle":"Calle Sierpes","osm":"Calle Sierpes"},"geometry":{"type":"Point","coordinates":[-5.9947885,37.3908748]}},{"type":"Feature","properties":{"id_hdad":38,"hermandad":"Las Cigarreras","calle":"Plaza de San Francisco","osm":"Plaza de San Francisco"},"geometry":{"type":"Point","coordinates":[-5.9939375,37.3886765]}},{"type":"Feature","properties":{"id_hdad":38,"hermandad":"Las Cigarreras","calle":"Avenida de la Constitución","osm":"Avenida de la Constitución"},"geometry":{"type":"Point","coordinates":[-5.9936639,37.3834745]}},{"type":"Feature","properties":{"id_hdad":38,"hermandad":"Las Cigarreras","calle":"Calle Miguel Mañara","osm":"Calle Miguel Mañara"},"geometry":{"type":"Point","coordinates":[-5.99235,37.38436]}},{"type":"Feature","properties":{"id_hdad":38,"hermandad":"Las Cigarreras","calle":"Plaza de La Contratación","osm":"Plaza de la Contratación"},"geometry":{"type":"Point","coordinates":[-5.9926032,37.383726]}},{"type":"Feature","properties":{"id_hdad":38,"hermandad":"Las Cigarreras","calle":"Calle San Gregorio","osm":"Plaza de San Gregorio"},"geometry":{"type":"Point","coordinates":[-5.992595,37.3837342]}},{"type":"Feature","properties":{"id_hdad":38,"hermandad":"Las Cigarreras","calle":"Plaza Puerta de Jerez","osm":"Plaza Puerta de Jerez"},"geometry":{"type":"Point","coordinates":[-5.99281,37.38237]}},{"type":"Feature","properties":{"id_hdad":38,"hermandad":"Las Cigarreras","calle":"Calle San Fernando","osm":"Calle San Fernando"},"geometry":{"type":"Point","coordinates":[-5.9909424,37.38181]}},{"type":"Feature","properties":{"id_hdad":38,"hermandad":"Las Cigarreras","calle":"Calle Paseo de Catalina de Ribera","osm":"Paseo de Catalina de Ribera"},"geometry":{"type":"Point","coordinates":[-5.9882289,37.38344]}},{"type":"Feature","properties":{"id_hdad":38,"hermandad":"Las Cigarreras","calle":"Calle Cano y Cueto","osm":"Calle Cano y Cueto"},"geometry":{"type":"Point","coordinates":[-5.9870272,37.3856852]}},{"type":"Feature","properties":{"id_hdad":38,"hermandad":"Las Cigarreras","calle":"Calle Santa María la Blanca","osm":"Calle Santa María la Blanca"},"geometry":{"type":"Point","coordinates":[-5.9873182,37.3863439]}},{"type":"Feature","properties":{"id_hdad":38,"hermandad":"Las Cigarreras","calle":"Calle San José","osm":"Calle San José"},"geometry":{"type":"Point","coordinates":[-5.988888,37.3880126]}},{"type":"Feature","properties":{"id_hdad":38,"hermandad":"Las Cigarreras","calle":"Plaza Nuestro Padre Jesús de la Salud","osm":"Plaza Nuestro Padre Jesús de la Salud"},"geometry":{"type":"Point","coordinates":[-5.98986,37.38929]}},{"type":"Feature","properties":{"id_hdad":38,"hermandad":"Las Cigarreras","calle":"Calle Muñoz y Pabón","osm":"Calle Muñoz y Pabón"},"geometry":{"type":"Point","coordinates":[-5.9898886,37.3890253]}},{"type":"Feature","properties":{"id_hdad":38,"hermandad":"Las Cigarreras","calle":"Calle Cabeza del Rey Don Pedro","osm":"Calle Cabeza del Rey Don Pedro"},"geometry":{"type":"Point","coordinates":[-5.99003,37.3895097]}},{"type":"Feature","properties":{"id_hdad":38,"hermandad":"Las Cigarreras","calle":"Calle Candilejo","osm":"Calle Candilejo"},"geometry":{"type":"Point","coordinates":[-5.9901165,37.3898365]}},{"type":"Feature","properties":{"id_hdad":38,"hermandad":"Las Cigarreras","calle":"Calle Alfalfa","osm":"Calle Alfalfa"},"geometry":{"type":"Point","coordinates":[-5.9899739,37.3900219]}},{"type":"Feature","properties":{"id_hdad":38,"hermandad":"Las Cigarreras","calle":"Calle Odreros","osm":"Calle Odreros"},"geometry":{"type":"Point","coordinates":[-5.9903819,37.3904418]}},{"type":"Feature","properties":{"id_hdad":38,"hermandad":"Las Cigarreras","calle":"Calle Boteros","osm":"Calle Boteros"},"geometry":{"type":"Point","coordinates":[-5.99075,37.3908772]}},{"type":"Feature","properties":{"id_hdad":38,"hermandad":"Las Cigarreras","calle":"Calle Sales y Ferré","osm":"Calle Sales y Ferré"},"geometry":{"type":"Point","coordinates":[-5.9901652,37.391109]}},{"type":"Feature","properties":{"id_hdad":38,"hermandad":"Las Cigarreras","calle":"Plaza del Cristo de Burgos","osm":"Plaza del Cristo de Burgos"},"geometry":{"type":"Point","coordinates":[-5.9895944,37.3919974]}},{"type":"Feature","properties":{"id_hdad":38,"hermandad":"Las Cigarreras","calle":"Calle Doña María Coronel","osm":"Calle Doña María Coronel"},"geometry":{"type":"Point","coordinates":[-5.988238,37.3948513]}},{"type":"Feature","properties":{"id_hdad":38,"hermandad":"Las Cigarreras","calle":"Calle Bustos Tavera","osm":"Calle Bustos Tavera"},"geometry":{"type":"Point","coordinates":[-5.9881136,37.3941815]}},{"type":"Feature","properties":{"id_hdad":38,"hermandad":"Las Cigarreras","calle":"Plaza de Los Terceros","osm":"Plaza de los Terceros"},"geometry":{"type":"Point","coordinates":[-5.9880871,37.393607]}},{"type":"Feature","properties":{"id_hdad":38,"hermandad":"Las Cigarreras","calle":"Calle Sol","osm":"Calle Sol"},"geometry":{"type":"Point","coordinates":[-5.9856437,37.3951595]}},{"type":"Feature","properties":{"id_hdad":39,"nombre":"Montesión","dia":"jueves-santo"},"geometry":{"type":"LineString","coordinates":[[-5.9913199,37.3956879],[-5.9927193,37.3974669],[-5.9947526,37.3939161],[-5.9933401,37.4003754],[-5.9952985,37.3939039],[-5.9960464,37.3931151],[-5.9953759,37.3927251],[-5.9947885,37.3908748],[-5.9939375,37.3886765],[-5.9936639,37.3834745],[-5.9924671,37.3864962],[-5.9940816,37.3866707],[-5.9932735,37.3895303],[-5.9911938,37.3885932],[-5.9924834,37.3870654],[-5.9927104,37.388333],[-5.9929995,37.3886113],[-5.9932735,37.3895303],[-5.9931868,37.3900367],[-5.9934667,37.3916005],[-5.9929812,37.3928036],[-5.9914995,37.3927001],[-5.9908832,37.3936156],[-5.9903663,37.3942306],[-5.9904911,37.3949595],[-5.99157,37.39655],[-5.9913199,37.3956879]]}},{"type":"Feature","properties":{"id_hdad":39,"hermandad":"Montesión","calle":"Calle Feria","osm":"Calle Feria"},"geometry":{"type":"Point","coordinates":[-5.9913199,37.3956879]}},{"type":"Feature","properties":{"id_hdad":39,"hermandad":"Montesión","calle":"Calle Correduría","osm":"Calle Correduría"},"geometry":{"type":"Point","coordinates":[-5.9927193,37.3974669]}},{"type":"Feature","properties":{"id_hdad":39,"hermandad":"Montesión","calle":"Calle Amor de Dios","osm":"Calle Amor de Dios"},"geometry":{"type":"Point","coordinates":[-5.9947526,37.3939161]}},{"type":"Feature","properties":{"id_hdad":39,"hermandad":"Montesión","calle":"Alameda de Hércules","osm":"Alameda de Hércules"},"geometry":{"type":"Point","coordinates":[-5.9933401,37.4003754]}},{"type":"Feature","properties":{"id_hdad":39,"hermandad":"Montesión","calle":"Calle Trajano","osm":"Calle Trajano"},"geometry":{"type":"Point","coordinates":[-5.9952985,37.3939039]}},{"type":"Feature","properties":{"id_hdad":39,"hermandad":"Montesión","calle":"Plaza del Duque de la Victoria","osm":"Plaza del Duque de la Victoria"},"geometry":{"type":"Point","coordinates":[-5.9960464,37.3931151]}},{"type":"Feature","properties":{"id_hdad":39,"hermandad":"Montesión","calle":"La Campana","osm":"Calle Campana"},"geometry":{"type":"Point","coordinates":[-5.9953759,37.3927251]}},{"type":"Feature","properties":{"id_hdad":39,"hermandad":"Montesión","calle":"Calle Sierpes","osm":"Calle Sierpes"},"geometry":{"type":"Point","coordinates":[-5.9947885,37.3908748]}},{"type":"Feature","properties":{"id_hdad":39,"hermandad":"Montesión","calle":"Plaza de San Francisco","osm":"Plaza de San Francisco"},"geometry":{"type":"Point","coordinates":[-5.9939375,37.3886765]}},{"type":"Feature","properties":{"id_hdad":39,"hermandad":"Montesión","calle":"Avenida de la Constitución","osm":"Avenida de la Constitución"},"geometry":{"type":"Point","coordinates":[-5.9936639,37.3834745]}},{"type":"Feature","properties":{"id_hdad":39,"hermandad":"Montesión","calle":"Calle Cardenal Carlos Amigo","osm":"Calle Cardenal Carlos Amigo"},"geometry":{"type":"Point","coordinates":[-5.9924671,37.3864962]}},{"type":"Feature","properties":{"id_hdad":39,"hermandad":"Montesión","calle":"Calle Alemanes","osm":"Calle Alemanes"},"geometry":{"type":"Point","coordinates":[-5.9940816,37.3866707]}},{"type":"Feature","properties":{"id_hdad":39,"hermandad":"Montesión","calle":"Calle Álvarez Quintero","osm":"Calle Álvarez Quintero"},"geometry":{"type":"Point","coordinates":[-5.9932735,37.3895303]}},{"type":"Feature","properties":{"id_hdad":39,"hermandad":"Montesión","calle":"Calle Argote de Molina","osm":"Calle Argote de Molina"},"geometry":{"type":"Point","coordinates":[-5.9911938,37.3885932]}},{"type":"Feature","properties":{"id_hdad":39,"hermandad":"Montesión","calle":"Calle Placentines","osm":"Calle Placentines"},"geometry":{"type":"Point","coordinates":[-5.9924834,37.3870654]}},{"type":"Feature","properties":{"id_hdad":39,"hermandad":"Montesión","calle":"Calle Francos","osm":"Calle Francos"},"geometry":{"type":"Point","coordinates":[-5.9927104,37.388333]}},{"type":"Feature","properties":{"id_hdad":39,"hermandad":"Montesión","calle":"Calle Chapineros","osm":"Calle Chapineros"},"geometry":{"type":"Point","coordinates":[-5.9929995,37.3886113]}},{"type":"Feature","properties":{"id_hdad":39,"hermandad":"Montesión","calle":"Calle Álvarez Quintero","osm":"Calle Álvarez Quintero"},"geometry":{"type":"Point","coordinates":[-5.9932735,37.3895303]}},{"type":"Feature","properties":{"id_hdad":39,"hermandad":"Montesión","calle":"Plaza del Salvador","osm":"Plaza del Salvador"},"geometry":{"type":"Point","coordinates":[-5.9931868,37.3900367]}},{"type":"Feature","properties":{"id_hdad":39,"hermandad":"Montesión","calle":"Calle Cuna","osm":"Calle Cuna"},"geometry":{"type":"Point","coordinates":[-5.9934667,37.3916005]}},{"type":"Feature","properties":{"id_hdad":39,"hermandad":"Montesión","calle":"Calle Laraña","osm":"Calle Laraña"},"geometry":{"type":"Point","coordinates":[-5.9929812,37.3928036]}},{"type":"Feature","properties":{"id_hdad":39,"hermandad":"Montesión","calle":"Plaza de la Encarnación","osm":"Plaza de la Encarnación"},"geometry":{"type":"Point","coordinates":[-5.9914995,37.3927001]}},{"type":"Feature","properties":{"id_hdad":39,"hermandad":"Montesión","calle":"Calle Alcázares","osm":"Calle Alcázares"},"geometry":{"type":"Point","coordinates":[-5.9908832,37.3936156]}},{"type":"Feature","properties":{"id_hdad":39,"hermandad":"Montesión","calle":"Calle Santa Ángela de la Cruz","osm":"Calle Santa Ángela de la Cruz"},"geometry":{"type":"Point","coordinates":[-5.9903663,37.3942306]}},{"type":"Feature","properties":{"id_hdad":39,"hermandad":"Montesión","calle":"Calle San Juan de la Palma","osm":"Calle San Juan de la Palma"},"geometry":{"type":"Point","coordinates":[-5.9904911,37.3949595]}},{"type":"Feature","properties":{"id_hdad":39,"hermandad":"Montesión","calle":"Calle Madre María Purísima de la Cruz","osm":"Calle Madre María Purísima de la Cruz"},"geometry":{"type":"Point","coordinates":[-5.99157,37.39655]}},{"type":"Feature","properties":{"id_hdad":39,"hermandad":"Montesión","calle":"Calle Feria","osm":"Calle Feria"},"geometry":{"type":"Point","coordinates":[-5.9913199,37.3956879]}},{"type":"Feature","properties":{"id_hdad":40,"nombre":"La Quinta Angustia","dia":"jueves-santo"},"geometry":{"type":"LineString","coordinates":[[-5.9974,37.3894],[-5.9968379,37.390749],[-5.9956153,37.3909244],[-5.9959,37.39062],[-5.9962268,37.3919486],[-5.9960464,37.3931151],[-5.9953759,37.3927251],[-5.9947885,37.3908748],[-5.9939375,37.3886765],[-5.9936639,37.3834745],[-5.9931263,37.3851399],[-5.9947647,37.3851507],[-5.99555,37.385],[-5.9951972,37.385176],[-5.9953472,37.3853603],[-5.9961081,37.3862154],[-5.9972329,37.3872018],[-5.9979515,37.3878615],[-5.9976929,37.3878993],[-5.9961639,37.3879138],[-5.9974,37.3894]]}},{"type":"Feature","properties":{"id_hdad":40,"hermandad":"La Quinta Angustia","calle":"Calle San Pablo","osm":"Calle San Pablo"},"geometry":{"type":"Point","coordinates":[-5.9974,37.3894]}},{"type":"Feature","properties":{"id_hdad":40,"hermandad":"La Quinta Angustia","calle":"Plaza de la Magdalena","osm":"Plaza de la Magdalena"},"geometry":{"type":"Point","coordinates":[-5.9968379,37.390749]}},{"type":"Feature","properties":{"id_hdad":40,"hermandad":"La Quinta Angustia","calle":"Calle Rioja","osm":"Calle Rioja"},"geometry":{"type":"Point","coordinates":[-5.9956153,37.3909244]}},{"type":"Feature","properties":{"id_hdad":40,"hermandad":"La Quinta Angustia","calle":"Calle Velázquez","osm":"Calle Velázquez"},"geometry":{"type":"Point","coordinates":[-5.9959,37.39062]}},{"type":"Feature","properties":{"id_hdad":40,"hermandad":"La Quinta Angustia","calle":"Calle O'Donnell","osm":"Calle O'Donnell"},"geometry":{"type":"Point","coordinates":[-5.9962268,37.3919486]}},{"type":"Feature","properties":{"id_hdad":40,"hermandad":"La Quinta Angustia","calle":"Plaza del Duque de la Victoria","osm":"Plaza del Duque de la Victoria"},"geometry":{"type":"Point","coordinates":[-5.9960464,37.3931151]}},{"type":"Feature","properties":{"id_hdad":40,"hermandad":"La Quinta Angustia","calle":"La Campana","osm":"Calle Campana"},"geometry":{"type":"Point","coordinates":[-5.9953759,37.3927251]}},{"type":"Feature","properties":{"id_hdad":40,"hermandad":"La Quinta Angustia","calle":"Calle Sierpes","osm":"Calle Sierpes"},"geometry":{"type":"Point","coordinates":[-5.9947885,37.3908748]}},{"type":"Feature","properties":{"id_hdad":40,"hermandad":"La Quinta Angustia","calle":"Plaza de San Francisco","osm":"Plaza de San Francisco"},"geometry":{"type":"Point","coordinates":[-5.9939375,37.3886765]}},{"type":"Feature","properties":{"id_hdad":40,"hermandad":"La Quinta Angustia","calle":"Avenida de la Constitución","osm":"Avenida de la Constitución"},"geometry":{"type":"Point","coordinates":[-5.9936639,37.3834745]}},{"type":"Feature","properties":{"id_hdad":40,"hermandad":"La Quinta Angustia","calle":"Calle Fray Ceferino González","osm":"Calle Fray Ceferino González"},"geometry":{"type":"Point","coordinates":[-5.9931263,37.3851399]}},{"type":"Feature","properties":{"id_hdad":40,"hermandad":"La Quinta Angustia","calle":"Calle Almirantazgo","osm":"Calle Almirantazgo"},"geometry":{"type":"Point","coordinates":[-5.9947647,37.3851507]}},{"type":"Feature","properties":{"id_hdad":40,"hermandad":"La Quinta Angustia","calle":"Calle Arco del Postigo","osm":"Calle Arco del Postigo"},"geometry":{"type":"Point","coordinates":[-5.99555,37.385]}},{"type":"Feature","properties":{"id_hdad":40,"hermandad":"La Quinta Angustia","calle":"Calle Dos de Mayo","osm":"Calle Dos de Mayo"},"geometry":{"type":"Point","coordinates":[-5.9951972,37.385176]}},{"type":"Feature","properties":{"id_hdad":40,"hermandad":"La Quinta Angustia","calle":"Calle Arfe","osm":"Calle Arfe"},"geometry":{"type":"Point","coordinates":[-5.9953472,37.3853603]}},{"type":"Feature","properties":{"id_hdad":40,"hermandad":"La Quinta Angustia","calle":"Calle Puerta del Arenal","osm":"Calle Puerta del Arenal"},"geometry":{"type":"Point","coordinates":[-5.9961081,37.3862154]}},{"type":"Feature","properties":{"id_hdad":40,"hermandad":"La Quinta Angustia","calle":"Calle Castelar","osm":"Calle Castelar"},"geometry":{"type":"Point","coordinates":[-5.9972329,37.3872018]}},{"type":"Feature","properties":{"id_hdad":40,"hermandad":"La Quinta Angustia","calle":"Plaza de Molviedro","osm":"Plaza de Molviedro"},"geometry":{"type":"Point","coordinates":[-5.9979515,37.3878615]}},{"type":"Feature","properties":{"id_hdad":40,"hermandad":"La Quinta Angustia","calle":"Calle Doña Guiomar","osm":"Calle Doña Guiomar"},"geometry":{"type":"Point","coordinates":[-5.9976929,37.3878993]}},{"type":"Feature","properties":{"id_hdad":40,"hermandad":"La Quinta Angustia","calle":"Calle Zaragoza","osm":"Calle Zaragoza"},"geometry":{"type":"Point","coordinates":[-5.9961639,37.3879138]}},{"type":"Feature","properties":{"id_hdad":40,"hermandad":"La Quinta Angustia","calle":"Calle San Pablo","osm":"Calle San Pablo"},"geometry":{"type":"Point","coordinates":[-5.9974,37.3894]}},{"type":"Feature","properties":{"id_hdad":41,"nombre":"El Valle","dia":"jueves-santo"},"geometry":{"type":"LineString","coordinates":[[-5.9929812,37.3928036],[-5.9937493,37.3932616],[-5.993848,37.393767],[-5.994158,37.394243],[-5.9941921,37.394338],[-5.994448,37.3945001],[-5.9947526,37.3939161],[-5.995328,37.3943919],[-5.9947324,37.3986896],[-5.9960464,37.3931151],[-5.9953759,37.3927251],[-5.9947885,37.3908748],[-5.9939375,37.3886765],[-5.9936639,37.3834745],[-5.9924671,37.3864962],[-5.9940816,37.3866707],[-5.9932735,37.3895303],[-5.9911938,37.3885932],[-5.9924834,37.3870654],[-5.9927104,37.388333],[-5.9929995,37.3886113],[-5.9932735,37.3895303],[-5.9931868,37.3900367],[-5.9934667,37.3916005],[-5.9929812,37.3928036]]}},{"type":"Feature","properties":{"id_hdad":41,"hermandad":"El Valle","calle":"Calle Laraña","osm":"Calle Laraña"},"geometry":{"type":"Point","coordinates":[-5.9929812,37.3928036]}},{"type":"Feature","properties":{"id_hdad":41,"hermandad":"El Valle","calle":"Calle Orfila","osm":"Calle Orfila"},"geometry":{"type":"Point","coordinates":[-5.9937493,37.3932616]}},{"type":"Feature","properties":{"id_hdad":41,"hermandad":"El Valle","calle":"Plaza Fernando de Herrera","osm":"Plaza Fernando de Herrera"},"geometry":{"type":"Point","coordinates":[-5.993848,37.393767]}},{"type":"Feature","properties":{"id_hdad":41,"hermandad":"El Valle","calle":"Plaza Fernando de Herrera","osm":"Plaza Fernando de Herrera"},"geometry":{"type":"Point","coordinates":[-5.994158,37.394243]}},{"type":"Feature","properties":{"id_hdad":41,"hermandad":"El Valle","calle":"Calle Daoiz","osm":"Calle Daoiz"},"geometry":{"type":"Point","coordinates":[-5.9941921,37.394338]}},{"type":"Feature","properties":{"id_hdad":41,"hermandad":"El Valle","calle":"Calle García Tassara","osm":"Calle García Tassara"},"geometry":{"type":"Point","coordinates":[-5.994448,37.3945001]}},{"type":"Feature","properties":{"id_hdad":41,"hermandad":"El Valle","calle":"Calle Amor de Dios","osm":"Calle Amor de Dios"},"geometry":{"type":"Point","coordinates":[-5.9947526,37.3939161]}},{"type":"Feature","properties":{"id_hdad":41,"hermandad":"El Valle","calle":"Calle San Miguel","osm":"Calle San Miguel"},"geometry":{"type":"Point","coordinates":[-5.995328,37.3943919]}},{"type":"Feature","properties":{"id_hdad":41,"hermandad":"El Valle","calle":"Plaza de Jesús del Gran Poder","osm":"Calle Jesús del Gran Poder"},"geometry":{"type":"Point","coordinates":[-5.9947324,37.3986896]}},{"type":"Feature","properties":{"id_hdad":41,"hermandad":"El Valle","calle":"Plaza del Duque de la Victoria","osm":"Plaza del Duque de la Victoria"},"geometry":{"type":"Point","coordinates":[-5.9960464,37.3931151]}},{"type":"Feature","properties":{"id_hdad":41,"hermandad":"El Valle","calle":"La Campana","osm":"Calle Campana"},"geometry":{"type":"Point","coordinates":[-5.9953759,37.3927251]}},{"type":"Feature","properties":{"id_hdad":41,"hermandad":"El Valle","calle":"Calle Sierpes","osm":"Calle Sierpes"},"geometry":{"type":"Point","coordinates":[-5.9947885,37.3908748]}},{"type":"Feature","properties":{"id_hdad":41,"hermandad":"El Valle","calle":"Plaza de San Francisco","osm":"Plaza de San Francisco"},"geometry":{"type":"Point","coordinates":[-5.9939375,37.3886765]}},{"type":"Feature","properties":{"id_hdad":41,"hermandad":"El Valle","calle":"Avenida de la Constitución","osm":"Avenida de la Constitución"},"geometry":{"type":"Point","coordinates":[-5.9936639,37.3834745]}},{"type":"Feature","properties":{"id_hdad":41,"hermandad":"El Valle","calle":"Calle Cardenal Carlos Amigo","osm":"Calle Cardenal Carlos Amigo"},"geometry":{"type":"Point","coordinates":[-5.9924671,37.3864962]}},{"type":"Feature","properties":{"id_hdad":41,"hermandad":"El Valle","calle":"Calle Alemanes","osm":"Calle Alemanes"},"geometry":{"type":"Point","coordinates":[-5.9940816,37.3866707]}},{"type":"Feature","properties":{"id_hdad":41,"hermandad":"El Valle","calle":"Calle Álvarez Quintero","osm":"Calle Álvarez Quintero"},"geometry":{"type":"Point","coordinates":[-5.9932735,37.3895303]}},{"type":"Feature","properties":{"id_hdad":41,"hermandad":"El Valle","calle":"Calle Argote de Molina","osm":"Calle Argote de Molina"},"geometry":{"type":"Point","coordinates":[-5.9911938,37.3885932]}},{"type":"Feature","properties":{"id_hdad":41,"hermandad":"El Valle","calle":"Calle Placentines","osm":"Calle Placentines"},"geometry":{"type":"Point","coordinates":[-5.9924834,37.3870654]}},{"type":"Feature","properties":{"id_hdad":41,"hermandad":"El Valle","calle":"Calle Francos","osm":"Calle Francos"},"geometry":{"type":"Point","coordinates":[-5.9927104,37.388333]}},{"type":"Feature","properties":{"id_hdad":41,"hermandad":"El Valle","calle":"Calle Chapineros","osm":"Calle Chapineros"},"geometry":{"type":"Point","coordinates":[-5.9929995,37.3886113]}},{"type":"Feature","properties":{"id_hdad":41,"hermandad":"El Valle","calle":"Calle Álvarez Quintero","osm":"Calle Álvarez Quintero"},"geometry":{"type":"Point","coordinates":[-5.9932735,37.3895303]}},{"type":"Feature","properties":{"id_hdad":41,"hermandad":"El Valle","calle":"Plaza del Salvador","osm":"Plaza del Salvador"},"geometry":{"type":"Point","coordinates":[-5.9931868,37.3900367]}},{"type":"Feature","properties":{"id_hdad":41,"hermandad":"El Valle","calle":"Calle Cuna","osm":"Calle Cuna"},"geometry":{"type":"Point","coordinates":[-5.9934667,37.3916005]}},{"type":"Feature","properties":{"id_hdad":41,"hermandad":"El Valle","calle":"Calle Laraña","osm":"Calle Laraña"},"geometry":{"type":"Point","coordinates":[-5.9929812,37.3928036]}},{"type":"Feature","properties":{"id_hdad":42,"nombre":"Pasión","dia":"jueves-santo"},"geometry":{"type":"LineString","coordinates":[[-5.9931868,37.3900367],[-5.9934667,37.3916005],[-5.9937493,37.3932616],[-5.9945728,37.3937054],[-5.9947526,37.3939161],[-5.995328,37.3943919],[-5.9952985,37.3939039],[-5.9960464,37.3931151],[-5.9953759,37.3927251],[-5.9947885,37.3908748],[-5.9939375,37.3886765],[-5.9936639,37.3834745],[-5.9924671,37.3864962],[-5.9940816,37.3866707],[-5.9932735,37.3895303],[-5.9911938,37.3885932],[-5.9924834,37.3870654],[-5.9927104,37.388333],[-5.992781,37.389701],[-5.9931868,37.3900367]]}},{"type":"Feature","properties":{"id_hdad":42,"hermandad":"Pasión","calle":"Plaza del Salvador","osm":"Plaza del Salvador"},"geometry":{"type":"Point","coordinates":[-5.9931868,37.3900367]}},{"type":"Feature","properties":{"id_hdad":42,"hermandad":"Pasión","calle":"Calle Cuna","osm":"Calle Cuna"},"geometry":{"type":"Point","coordinates":[-5.9934667,37.3916005]}},{"type":"Feature","properties":{"id_hdad":42,"hermandad":"Pasión","calle":"Calle Orfila","osm":"Calle Orfila"},"geometry":{"type":"Point","coordinates":[-5.9937493,37.3932616]}},{"type":"Feature","properties":{"id_hdad":42,"hermandad":"Pasión","calle":"Calle Javier Lasso de la Vega","osm":"Calle Javier Lasso de la Vega"},"geometry":{"type":"Point","coordinates":[-5.9945728,37.3937054]}},{"type":"Feature","properties":{"id_hdad":42,"hermandad":"Pasión","calle":"Calle Amor de Dios","osm":"Calle Amor de Dios"},"geometry":{"type":"Point","coordinates":[-5.9947526,37.3939161]}},{"type":"Feature","properties":{"id_hdad":42,"hermandad":"Pasión","calle":"Calle San Miguel","osm":"Calle San Miguel"},"geometry":{"type":"Point","coordinates":[-5.995328,37.3943919]}},{"type":"Feature","properties":{"id_hdad":42,"hermandad":"Pasión","calle":"Calle Trajano","osm":"Calle Trajano"},"geometry":{"type":"Point","coordinates":[-5.9952985,37.3939039]}},{"type":"Feature","properties":{"id_hdad":42,"hermandad":"Pasión","calle":"Plaza del Duque de la Victoria","osm":"Plaza del Duque de la Victoria"},"geometry":{"type":"Point","coordinates":[-5.9960464,37.3931151]}},{"type":"Feature","properties":{"id_hdad":42,"hermandad":"Pasión","calle":"La Campana","osm":"Calle Campana"},"geometry":{"type":"Point","coordinates":[-5.9953759,37.3927251]}},{"type":"Feature","properties":{"id_hdad":42,"hermandad":"Pasión","calle":"Calle Sierpes","osm":"Calle Sierpes"},"geometry":{"type":"Point","coordinates":[-5.9947885,37.3908748]}},{"type":"Feature","properties":{"id_hdad":42,"hermandad":"Pasión","calle":"Plaza de San Francisco","osm":"Plaza de San Francisco"},"geometry":{"type":"Point","coordinates":[-5.9939375,37.3886765]}},{"type":"Feature","properties":{"id_hdad":42,"hermandad":"Pasión","calle":"Avenida de la Constitución","osm":"Avenida de la Constitución"},"geometry":{"type":"Point","coordinates":[-5.9936639,37.3834745]}},{"type":"Feature","properties":{"id_hdad":42,"hermandad":"Pasión","calle":"Calle Cardenal Carlos Amigo","osm":"Calle Cardenal Carlos Amigo"},"geometry":{"type":"Point","coordinates":[-5.9924671,37.3864962]}},{"type":"Feature","properties":{"id_hdad":42,"hermandad":"Pasión","calle":"Calle Alemanes","osm":"Calle Alemanes"},"geometry":{"type":"Point","coordinates":[-5.9940816,37.3866707]}},{"type":"Feature","properties":{"id_hdad":42,"hermandad":"Pasión","calle":"Calle Álvarez Quintero","osm":"Calle Álvarez Quintero"},"geometry":{"type":"Point","coordinates":[-5.9932735,37.3895303]}},{"type":"Feature","properties":{"id_hdad":42,"hermandad":"Pasión","calle":"Calle Argote de Molina","osm":"Calle Argote de Molina"},"geometry":{"type":"Point","coordinates":[-5.9911938,37.3885932]}},{"type":"Feature","properties":{"id_hdad":42,"hermandad":"Pasión","calle":"Calle Placentines","osm":"Calle Placentines"},"geometry":{"type":"Point","coordinates":[-5.9924834,37.3870654]}},{"type":"Feature","properties":{"id_hdad":42,"hermandad":"Pasión","calle":"Calle Francos","osm":"Calle Francos"},"geometry":{"type":"Point","coordinates":[-5.9927104,37.388333]}},{"type":"Feature","properties":{"id_hdad":42,"hermandad":"Pasión","calle":"Calle Villegas","osm":"Calle Villegas"},"geometry":{"type":"Point","coordinates":[-5.992781,37.389701]}},{"type":"Feature","properties":{"id_hdad":42,"hermandad":"Pasión","calle":"Plaza del Salvador","osm":"Plaza del Salvador"},"geometry":{"type":"Point","coordinates":[-5.9931868,37.3900367]}},{"type":"Feature","properties":{"id_hdad":43,"nombre":"El Silencio","dia":"madruga"},"geometry":{"type":"LineString","coordinates":[[-5.9969273,37.3925174],[-5.9965356,37.3927513],[-5.9960464,37.3931151],[-5.9953759,37.3927251],[-5.9947885,37.3908748],[-5.9939375,37.3886765],[-5.9936639,37.3834745],[-5.9924671,37.3864962],[-5.9940816,37.3866707],[-5.9932735,37.3895303],[-5.9911938,37.3885932],[-5.9924834,37.3870654],[-5.9927104,37.388333],[-5.992781,37.389701],[-5.9931868,37.3900367],[-5.9934667,37.3916005],[-5.9937493,37.3932616],[-5.993848,37.393767],[-5.994158,37.394243],[-5.9941921,37.394338],[-5.994448,37.3945001],[-5.9947526,37.3939161],[-5.995328,37.3943919],[-5.9947324,37.3986896],[-5.9965356,37.3927513],[-5.9969273,37.3925174]]}},{"type":"Feature","properties":{"id_hdad":43,"hermandad":"El Silencio","calle":"Calle El Silencio","osm":"Calle de \"El Silencio\""},"geometry":{"type":"Point","coordinates":[-5.9969273,37.3925174]}},{"type":"Feature","properties":{"id_hdad":43,"hermandad":"El Silencio","calle":"Calle Alfonso XII","osm":"Calle Alfonso XII"},"geometry":{"type":"Point","coordinates":[-5.9965356,37.3927513]}},{"type":"Feature","properties":{"id_hdad":43,"hermandad":"El Silencio","calle":"Plaza del Duque de la Victoria","osm":"Plaza del Duque de la Victoria"},"geometry":{"type":"Point","coordinates":[-5.9960464,37.3931151]}},{"type":"Feature","properties":{"id_hdad":43,"hermandad":"El Silencio","calle":"La Campana","osm":"Calle Campana"},"geometry":{"type":"Point","coordinates":[-5.9953759,37.3927251]}},{"type":"Feature","properties":{"id_hdad":43,"hermandad":"El Silencio","calle":"Calle Sierpes","osm":"Calle Sierpes"},"geometry":{"type":"Point","coordinates":[-5.9947885,37.3908748]}},{"type":"Feature","properties":{"id_hdad":43,"hermandad":"El Silencio","calle":"Plaza de San Francisco","osm":"Plaza de San Francisco"},"geometry":{"type":"Point","coordinates":[-5.9939375,37.3886765]}},{"type":"Feature","properties":{"id_hdad":43,"hermandad":"El Silencio","calle":"Avenida de la Constitución","osm":"Avenida de la Constitución"},"geometry":{"type":"Point","coordinates":[-5.9936639,37.3834745]}},{"type":"Feature","properties":{"id_hdad":43,"hermandad":"El Silencio","calle":"Calle Cardenal Carlos Amigo","osm":"Calle Cardenal Carlos Amigo"},"geometry":{"type":"Point","coordinates":[-5.9924671,37.3864962]}},{"type":"Feature","properties":{"id_hdad":43,"hermandad":"El Silencio","calle":"Calle Alemanes","osm":"Calle Alemanes"},"geometry":{"type":"Point","coordinates":[-5.9940816,37.3866707]}},{"type":"Feature","properties":{"id_hdad":43,"hermandad":"El Silencio","calle":"Calle Álvarez Quintero","osm":"Calle Álvarez Quintero"},"geometry":{"type":"Point","coordinates":[-5.9932735,37.3895303]}},{"type":"Feature","properties":{"id_hdad":43,"hermandad":"El Silencio","calle":"Calle Argote de Molina","osm":"Calle Argote de Molina"},"geometry":{"type":"Point","coordinates":[-5.9911938,37.3885932]}},{"type":"Feature","properties":{"id_hdad":43,"hermandad":"El Silencio","calle":"Calle Placentines","osm":"Calle Placentines"},"geometry":{"type":"Point","coordinates":[-5.9924834,37.3870654]}},{"type":"Feature","properties":{"id_hdad":43,"hermandad":"El Silencio","calle":"Calle Francos","osm":"Calle Francos"},"geometry":{"type":"Point","coordinates":[-5.9927104,37.388333]}},{"type":"Feature","properties":{"id_hdad":43,"hermandad":"El Silencio","calle":"Calle Villegas","osm":"Calle Villegas"},"geometry":{"type":"Point","coordinates":[-5.992781,37.389701]}},{"type":"Feature","properties":{"id_hdad":43,"hermandad":"El Silencio","calle":"Plaza del Salvador","osm":"Plaza del Salvador"},"geometry":{"type":"Point","coordinates":[-5.9931868,37.3900367]}},{"type":"Feature","properties":{"id_hdad":43,"hermandad":"El Silencio","calle":"Calle Cuna","osm":"Calle Cuna"},"geometry":{"type":"Point","coordinates":[-5.9934667,37.3916005]}},{"type":"Feature","properties":{"id_hdad":43,"hermandad":"El Silencio","calle":"Calle Orfila","osm":"Calle Orfila"},"geometry":{"type":"Point","coordinates":[-5.9937493,37.3932616]}},{"type":"Feature","properties":{"id_hdad":43,"hermandad":"El Silencio","calle":"Plaza Fernando de Herrera","osm":"Plaza Fernando de Herrera"},"geometry":{"type":"Point","coordinates":[-5.993848,37.393767]}},{"type":"Feature","properties":{"id_hdad":43,"hermandad":"El Silencio","calle":"Plaza Fernando de Herrera","osm":"Plaza Fernando de Herrera"},"geometry":{"type":"Point","coordinates":[-5.994158,37.394243]}},{"type":"Feature","properties":{"id_hdad":43,"hermandad":"El Silencio","calle":"Calle Daoiz","osm":"Calle Daoiz"},"geometry":{"type":"Point","coordinates":[-5.9941921,37.394338]}},{"type":"Feature","properties":{"id_hdad":43,"hermandad":"El Silencio","calle":"Calle García Tassara","osm":"Calle García Tassara"},"geometry":{"type":"Point","coordinates":[-5.994448,37.3945001]}},{"type":"Feature","properties":{"id_hdad":43,"hermandad":"El Silencio","calle":"Calle Amor de Dios","osm":"Calle Amor de Dios"},"geometry":{"type":"Point","coordinates":[-5.9947526,37.3939161]}},{"type":"Feature","properties":{"id_hdad":43,"hermandad":"El Silencio","calle":"Calle San Miguel","osm":"Calle San Miguel"},"geometry":{"type":"Point","coordinates":[-5.995328,37.3943919]}},{"type":"Feature","properties":{"id_hdad":43,"hermandad":"El Silencio","calle":"Plaza de Jesús del Gran Poder","osm":"Calle Jesús del Gran Poder"},"geometry":{"type":"Point","coordinates":[-5.9947324,37.3986896]}},{"type":"Feature","properties":{"id_hdad":43,"hermandad":"El Silencio","calle":"Calle Alfonso XII","osm":"Calle Alfonso XII"},"geometry":{"type":"Point","coordinates":[-5.9965356,37.3927513]}},{"type":"Feature","properties":{"id_hdad":43,"hermandad":"El Silencio","calle":"Calle El Silencio","osm":"Calle de \"El Silencio\""},"geometry":{"type":"Point","coordinates":[-5.9969273,37.3925174]}},{"type":"Feature","properties":{"id_hdad":44,"nombre":"El Gran Poder","dia":"madruga"},"geometry":{"type":"LineString","coordinates":[[-5.9966561,37.3970955],[-5.99572,37.3977],[-5.9947324,37.3986896],[-5.9960464,37.3931151],[-5.9953759,37.3927251],[-5.9947885,37.3908748],[-5.9939375,37.3886765],[-5.9936639,37.3834745],[-5.9931263,37.3851399],[-5.9947647,37.3851507],[-5.99555,37.385],[-5.9951972,37.385176],[-5.9953472,37.3853603],[-5.9984,37.3868],[-5.9980965,37.3868746],[-5.9994501,37.3889748],[-5.9995369,37.3892515],[-6.0011458,37.3924992],[-6.0008508,37.3918157],[-5.9982371,37.3907339],[-5.9996079,37.3920772],[-5.9993065,37.3926614],[-5.998851,37.3976815],[-5.9989654,37.3941809],[-5.9984807,37.3935516],[-5.9978968,37.3951943],[-5.9966468,37.3948202],[-5.9969224,37.3965357],[-5.9966561,37.3970955]]}},{"type":"Feature","properties":{"id_hdad":44,"hermandad":"El Gran Poder","calle":"Plaza de San Lorenzo","osm":"Plaza de San Lorenzo"},"geometry":{"type":"Point","coordinates":[-5.9966561,37.3970955]}},{"type":"Feature","properties":{"id_hdad":44,"hermandad":"El Gran Poder","calle":"Calle Conde de Barajas","osm":"Calle Conde de Barajas"},"geometry":{"type":"Point","coordinates":[-5.99572,37.3977]}},{"type":"Feature","properties":{"id_hdad":44,"hermandad":"El Gran Poder","calle":"Plaza de Jesús del Gran Poder","osm":"Calle Jesús del Gran Poder"},"geometry":{"type":"Point","coordinates":[-5.9947324,37.3986896]}},{"type":"Feature","properties":{"id_hdad":44,"hermandad":"El Gran Poder","calle":"Plaza del Duque de la Victoria","osm":"Plaza del Duque de la Victoria"},"geometry":{"type":"Point","coordinates":[-5.9960464,37.3931151]}},{"type":"Feature","properties":{"id_hdad":44,"hermandad":"El Gran Poder","calle":"La Campana","osm":"Calle Campana"},"geometry":{"type":"Point","coordinates":[-5.9953759,37.3927251]}},{"type":"Feature","properties":{"id_hdad":44,"hermandad":"El Gran Poder","calle":"Calle Sierpes","osm":"Calle Sierpes"},"geometry":{"type":"Point","coordinates":[-5.9947885,37.3908748]}},{"type":"Feature","properties":{"id_hdad":44,"hermandad":"El Gran Poder","calle":"Plaza de San Francisco","osm":"Plaza de San Francisco"},"geometry":{"type":"Point","coordinates":[-5.9939375,37.3886765]}},{"type":"Feature","properties":{"id_hdad":44,"hermandad":"El Gran Poder","calle":"Avenida de la Constitución","osm":"Avenida de la Constitución"},"geometry":{"type":"Point","coordinates":[-5.9936639,37.3834745]}},{"type":"Feature","properties":{"id_hdad":44,"hermandad":"El Gran Poder","calle":"Calle Fray Ceferino González","osm":"Calle Fray Ceferino González"},"geometry":{"type":"Point","coordinates":[-5.9931263,37.3851399]}},{"type":"Feature","properties":{"id_hdad":44,"hermandad":"El Gran Poder","calle":"Calle Almirantazgo","osm":"Calle Almirantazgo"},"geometry":{"type":"Point","coordinates":[-5.9947647,37.3851507]}},{"type":"Feature","properties":{"id_hdad":44,"hermandad":"El Gran Poder","calle":"Calle Arco del Postigo","osm":"Calle Arco del Postigo"},"geometry":{"type":"Point","coordinates":[-5.99555,37.385]}},{"type":"Feature","properties":{"id_hdad":44,"hermandad":"El Gran Poder","calle":"Calle Dos de Mayo","osm":"Calle Dos de Mayo"},"geometry":{"type":"Point","coordinates":[-5.9951972,37.385176]}},{"type":"Feature","properties":{"id_hdad":44,"hermandad":"El Gran Poder","calle":"Calle Arfe","osm":"Calle Arfe"},"geometry":{"type":"Point","coordinates":[-5.9953472,37.3853603]}},{"type":"Feature","properties":{"id_hdad":44,"hermandad":"El Gran Poder","calle":"Calle Adriano","osm":"Calle Adriano"},"geometry":{"type":"Point","coordinates":[-5.9984,37.3868]}},{"type":"Feature","properties":{"id_hdad":44,"hermandad":"El Gran Poder","calle":"Calle López de Arenas","osm":"Calle López de Arenas"},"geometry":{"type":"Point","coordinates":[-5.9980965,37.3868746]}},{"type":"Feature","properties":{"id_hdad":44,"hermandad":"El Gran Poder","calle":"Calle Santas Patronas","osm":"Calle Santas Patronas"},"geometry":{"type":"Point","coordinates":[-5.9994501,37.3889748]}},{"type":"Feature","properties":{"id_hdad":44,"hermandad":"El Gran Poder","calle":"Calle Puerta de Triana","osm":"Calle Puerta de Triana"},"geometry":{"type":"Point","coordinates":[-5.9995369,37.3892515]}},{"type":"Feature","properties":{"id_hdad":44,"hermandad":"El Gran Poder","calle":"Calle Gravina","osm":"Calle Gravina"},"geometry":{"type":"Point","coordinates":[-6.0011458,37.3924992]}},{"type":"Feature","properties":{"id_hdad":44,"hermandad":"El Gran Poder","calle":"Calle Pedro del Toro","osm":"Calle Pedro del Toro"},"geometry":{"type":"Point","coordinates":[-6.0008508,37.3918157]}},{"type":"Feature","properties":{"id_hdad":44,"hermandad":"El Gran Poder","calle":"Calle Bailén","osm":"Calle Bailén"},"geometry":{"type":"Point","coordinates":[-5.9982371,37.3907339]}},{"type":"Feature","properties":{"id_hdad":44,"hermandad":"El Gran Poder","calle":"Calle Miguel de Carvajal","osm":"Calle Miguel de Carvajal"},"geometry":{"type":"Point","coordinates":[-5.9996079,37.3920772]}},{"type":"Feature","properties":{"id_hdad":44,"hermandad":"El Gran Poder","calle":"Plaza del Museo","osm":"Plaza del Museo"},"geometry":{"type":"Point","coordinates":[-5.9993065,37.3926614]}},{"type":"Feature","properties":{"id_hdad":44,"hermandad":"El Gran Poder","calle":"Calle San Vicente","osm":"Calle San Vicente"},"geometry":{"type":"Point","coordinates":[-5.998851,37.3976815]}},{"type":"Feature","properties":{"id_hdad":44,"hermandad":"El Gran Poder","calle":"Calle Cardenal Cisneros","osm":"Calle Cardenal Cisneros"},"geometry":{"type":"Point","coordinates":[-5.9989654,37.3941809]}},{"type":"Feature","properties":{"id_hdad":44,"hermandad":"El Gran Poder","calle":"Calle Jesús de la Vera-Cruz","osm":"Calle Jesús de la Vera-Cruz"},"geometry":{"type":"Point","coordinates":[-5.9984807,37.3935516]}},{"type":"Feature","properties":{"id_hdad":44,"hermandad":"El Gran Poder","calle":"Calle Baños","osm":"Calle Baños"},"geometry":{"type":"Point","coordinates":[-5.9978968,37.3951943]}},{"type":"Feature","properties":{"id_hdad":44,"hermandad":"El Gran Poder","calle":"Plaza de la Gavidia","osm":"Plaza de la Gavidia"},"geometry":{"type":"Point","coordinates":[-5.9966468,37.3948202]}},{"type":"Feature","properties":{"id_hdad":44,"hermandad":"El Gran Poder","calle":"Calle Cardenal Spínola","osm":"Calle Cardenal Spinola"},"geometry":{"type":"Point","coordinates":[-5.9969224,37.3965357]}},{"type":"Feature","properties":{"id_hdad":44,"hermandad":"El Gran Poder","calle":"Plaza de San Lorenzo","osm":"Plaza de San Lorenzo"},"geometry":{"type":"Point","coordinates":[-5.9966561,37.3970955]}},{"type":"Feature","properties":{"id_hdad":45,"nombre":"La Macarena","dia":"madruga"},"geometry":{"type":"LineString","coordinates":[[-5.9904787,37.4031758],[-5.9913199,37.3956879],[-5.9928464,37.4002735],[-5.9933401,37.4003754],[-5.9952985,37.3939039],[-5.9960464,37.3931151],[-5.9953759,37.3927251],[-5.9947885,37.3908748],[-5.9939375,37.3886765],[-5.9936639,37.3834745],[-5.9924671,37.3864962],[-5.9940816,37.3866707],[-5.9932735,37.3895303],[-5.9911938,37.3885932],[-5.9924834,37.3870654],[-5.9927104,37.388333],[-5.9929995,37.3886113],[-5.9932735,37.3895303],[-5.992781,37.389701],[-5.991085,37.3897911],[-5.990668,37.3899828],[-5.9903819,37.3904418],[-5.99075,37.3908772],[-5.9901652,37.391109],[-5.9895944,37.3919974],[-5.9896917,37.3925047],[-5.9903663,37.3942306],[-5.9904911,37.3949595],[-5.99157,37.39655],[-5.9913199,37.3956879],[-5.9928464,37.4002735],[-5.9901856,37.4007084],[-5.9897374,37.4023803],[-5.9909509,37.4027819],[-5.9904787,37.4031758]]}},{"type":"Feature","properties":{"id_hdad":45,"hermandad":"La Macarena","calle":"Calle Resolana","osm":"Calle Resolana"},"geometry":{"type":"Point","coordinates":[-5.9904787,37.4031758]}},{"type":"Feature","properties":{"id_hdad":45,"hermandad":"La Macarena","calle":"Calle Feria","osm":"Calle Feria"},"geometry":{"type":"Point","coordinates":[-5.9913199,37.3956879]}},{"type":"Feature","properties":{"id_hdad":45,"hermandad":"La Macarena","calle":"Calle Relator","osm":"Calle Relator"},"geometry":{"type":"Point","coordinates":[-5.9928464,37.4002735]}},{"type":"Feature","properties":{"id_hdad":45,"hermandad":"La Macarena","calle":"Alameda de Hércules","osm":"Alameda de Hércules"},"geometry":{"type":"Point","coordinates":[-5.9933401,37.4003754]}},{"type":"Feature","properties":{"id_hdad":45,"hermandad":"La Macarena","calle":"Calle Trajano","osm":"Calle Trajano"},"geometry":{"type":"Point","coordinates":[-5.9952985,37.3939039]}},{"type":"Feature","properties":{"id_hdad":45,"hermandad":"La Macarena","calle":"Plaza del Duque de la Victoria","osm":"Plaza del Duque de la Victoria"},"geometry":{"type":"Point","coordinates":[-5.9960464,37.3931151]}},{"type":"Feature","properties":{"id_hdad":45,"hermandad":"La Macarena","calle":"La Campana","osm":"Calle Campana"},"geometry":{"type":"Point","coordinates":[-5.9953759,37.3927251]}},{"type":"Feature","properties":{"id_hdad":45,"hermandad":"La Macarena","calle":"Calle Sierpes","osm":"Calle Sierpes"},"geometry":{"type":"Point","coordinates":[-5.9947885,37.3908748]}},{"type":"Feature","properties":{"id_hdad":45,"hermandad":"La Macarena","calle":"Plaza de San Francisco","osm":"Plaza de San Francisco"},"geometry":{"type":"Point","coordinates":[-5.9939375,37.3886765]}},{"type":"Feature","properties":{"id_hdad":45,"hermandad":"La Macarena","calle":"Avenida de la Constitución","osm":"Avenida de la Constitución"},"geometry":{"type":"Point","coordinates":[-5.9936639,37.3834745]}},{"type":"Feature","properties":{"id_hdad":45,"hermandad":"La Macarena","calle":"Calle Cardenal Carlos Amigo","osm":"Calle Cardenal Carlos Amigo"},"geometry":{"type":"Point","coordinates":[-5.9924671,37.3864962]}},{"type":"Feature","properties":{"id_hdad":45,"hermandad":"La Macarena","calle":"Calle Alemanes","osm":"Calle Alemanes"},"geometry":{"type":"Point","coordinates":[-5.9940816,37.3866707]}},{"type":"Feature","properties":{"id_hdad":45,"hermandad":"La Macarena","calle":"Calle Álvarez Quintero","osm":"Calle Álvarez Quintero"},"geometry":{"type":"Point","coordinates":[-5.9932735,37.3895303]}},{"type":"Feature","properties":{"id_hdad":45,"hermandad":"La Macarena","calle":"Calle Argote de Molina","osm":"Calle Argote de Molina"},"geometry":{"type":"Point","coordinates":[-5.9911938,37.3885932]}},{"type":"Feature","properties":{"id_hdad":45,"hermandad":"La Macarena","calle":"Calle Placentines","osm":"Calle Placentines"},"geometry":{"type":"Point","coordinates":[-5.9924834,37.3870654]}},{"type":"Feature","properties":{"id_hdad":45,"hermandad":"La Macarena","calle":"Calle Francos","osm":"Calle Francos"},"geometry":{"type":"Point","coordinates":[-5.9927104,37.388333]}},{"type":"Feature","properties":{"id_hdad":45,"hermandad":"La Macarena","calle":"Calle Chapineros","osm":"Calle Chapineros"},"geometry":{"type":"Point","coordinates":[-5.9929995,37.3886113]}},{"type":"Feature","properties":{"id_hdad":45,"hermandad":"La Macarena","calle":"Calle Álvarez Quintero","osm":"Calle Álvarez Quintero"},"geometry":{"type":"Point","coordinates":[-5.9932735,37.3895303]}},{"type":"Feature","properties":{"id_hdad":45,"hermandad":"La Macarena","calle":"Calle Villegas","osm":"Calle Villegas"},"geometry":{"type":"Point","coordinates":[-5.992781,37.389701]}},{"type":"Feature","properties":{"id_hdad":45,"hermandad":"La Macarena","calle":"Cuesta del Rosario","osm":"Calle Cuesta del Rosario"},"geometry":{"type":"Point","coordinates":[-5.991085,37.3897911]}},{"type":"Feature","properties":{"id_hdad":45,"hermandad":"La Macarena","calle":"Calle Jesús de las Tres Caídas","osm":"Calle Jesús de las Tres Caídas"},"geometry":{"type":"Point","coordinates":[-5.990668,37.3899828]}},{"type":"Feature","properties":{"id_hdad":45,"hermandad":"La Macarena","calle":"Calle Odreros","osm":"Calle Odreros"},"geometry":{"type":"Point","coordinates":[-5.9903819,37.3904418]}},{"type":"Feature","properties":{"id_hdad":45,"hermandad":"La Macarena","calle":"Calle Boteros","osm":"Calle Boteros"},"geometry":{"type":"Point","coordinates":[-5.99075,37.3908772]}},{"type":"Feature","properties":{"id_hdad":45,"hermandad":"La Macarena","calle":"Calle Sales y Ferré","osm":"Calle Sales y Ferré"},"geometry":{"type":"Point","coordinates":[-5.9901652,37.391109]}},{"type":"Feature","properties":{"id_hdad":45,"hermandad":"La Macarena","calle":"Plaza del Cristo de Burgos","osm":"Plaza del Cristo de Burgos"},"geometry":{"type":"Point","coordinates":[-5.9895944,37.3919974]}},{"type":"Feature","properties":{"id_hdad":45,"hermandad":"La Macarena","calle":"Plaza de San Pedro","osm":"Plaza de San Pedro"},"geometry":{"type":"Point","coordinates":[-5.9896917,37.3925047]}},{"type":"Feature","properties":{"id_hdad":45,"hermandad":"La Macarena","calle":"Calle Santa Ángela de la Cruz","osm":"Calle Santa Ángela de la Cruz"},"geometry":{"type":"Point","coordinates":[-5.9903663,37.3942306]}},{"type":"Feature","properties":{"id_hdad":45,"hermandad":"La Macarena","calle":"Calle San Juan de la Palma","osm":"Calle San Juan de la Palma"},"geometry":{"type":"Point","coordinates":[-5.9904911,37.3949595]}},{"type":"Feature","properties":{"id_hdad":45,"hermandad":"La Macarena","calle":"Calle Madre María Purísima de la Cruz","osm":"Calle Madre María Purísima de la Cruz"},"geometry":{"type":"Point","coordinates":[-5.99157,37.39655]}},{"type":"Feature","properties":{"id_hdad":45,"hermandad":"La Macarena","calle":"Calle Feria","osm":"Calle Feria"},"geometry":{"type":"Point","coordinates":[-5.9913199,37.3956879]}},{"type":"Feature","properties":{"id_hdad":45,"hermandad":"La Macarena","calle":"Calle Relator","osm":"Calle Relator"},"geometry":{"type":"Point","coordinates":[-5.9928464,37.4002735]}},{"type":"Feature","properties":{"id_hdad":45,"hermandad":"La Macarena","calle":"Calle Parras","osm":"Calle Parras"},"geometry":{"type":"Point","coordinates":[-5.9901856,37.4007084]}},{"type":"Feature","properties":{"id_hdad":45,"hermandad":"La Macarena","calle":"Calle Escoberos","osm":"Calle Escoberos"},"geometry":{"type":"Point","coordinates":[-5.9897374,37.4023803]}},{"type":"Feature","properties":{"id_hdad":45,"hermandad":"La Macarena","calle":"Calle Fray Luis Sotelo","osm":"Calle Fray Luis Sotelo"},"geometry":{"type":"Point","coordinates":[-5.9909509,37.4027819]}},{"type":"Feature","properties":{"id_hdad":45,"hermandad":"La Macarena","calle":"Calle Resolana","osm":"Calle Resolana"},"geometry":{"type":"Point","coordinates":[-5.9904787,37.4031758]}},{"type":"Feature","properties":{"id_hdad":46,"nombre":"El Calvario","dia":"madruga"},"geometry":{"type":"LineString","coordinates":[[-5.9974,37.3894],[-5.9975101,37.3908111],[-5.9968379,37.390749],[-5.9962268,37.3919486],[-5.9960464,37.3931151],[-5.9953759,37.3927251],[-5.9947885,37.3908748],[-5.9939375,37.3886765],[-5.9936639,37.3834745],[-5.9931263,37.3851399],[-5.9947647,37.3851507],[-5.99555,37.385],[-5.9951972,37.385176],[-5.9953472,37.3853603],[-5.9961081,37.3862154],[-5.9972329,37.3872018],[-5.9979515,37.3878615],[-5.9976929,37.3878993],[-5.9961639,37.3879138],[-5.9974,37.3894]]}},{"type":"Feature","properties":{"id_hdad":46,"hermandad":"El Calvario","calle":"Calle San Pablo","osm":"Calle San Pablo"},"geometry":{"type":"Point","coordinates":[-5.9974,37.3894]}},{"type":"Feature","properties":{"id_hdad":46,"hermandad":"El Calvario","calle":"Calle Murillo","osm":"Calle Murillo"},"geometry":{"type":"Point","coordinates":[-5.9975101,37.3908111]}},{"type":"Feature","properties":{"id_hdad":46,"hermandad":"El Calvario","calle":"Plaza de la Magdalena","osm":"Plaza de la Magdalena"},"geometry":{"type":"Point","coordinates":[-5.9968379,37.390749]}},{"type":"Feature","properties":{"id_hdad":46,"hermandad":"El Calvario","calle":"Calle O'Donnell","osm":"Calle O'Donnell"},"geometry":{"type":"Point","coordinates":[-5.9962268,37.3919486]}},{"type":"Feature","properties":{"id_hdad":46,"hermandad":"El Calvario","calle":"Plaza del Duque de la Victoria","osm":"Plaza del Duque de la Victoria"},"geometry":{"type":"Point","coordinates":[-5.9960464,37.3931151]}},{"type":"Feature","properties":{"id_hdad":46,"hermandad":"El Calvario","calle":"La Campana","osm":"Calle Campana"},"geometry":{"type":"Point","coordinates":[-5.9953759,37.3927251]}},{"type":"Feature","properties":{"id_hdad":46,"hermandad":"El Calvario","calle":"Calle Sierpes","osm":"Calle Sierpes"},"geometry":{"type":"Point","coordinates":[-5.9947885,37.3908748]}},{"type":"Feature","properties":{"id_hdad":46,"hermandad":"El Calvario","calle":"Plaza de San Francisco","osm":"Plaza de San Francisco"},"geometry":{"type":"Point","coordinates":[-5.9939375,37.3886765]}},{"type":"Feature","properties":{"id_hdad":46,"hermandad":"El Calvario","calle":"Avenida de la Constitución","osm":"Avenida de la Constitución"},"geometry":{"type":"Point","coordinates":[-5.9936639,37.3834745]}},{"type":"Feature","properties":{"id_hdad":46,"hermandad":"El Calvario","calle":"Calle Fray Ceferino González","osm":"Calle Fray Ceferino González"},"geometry":{"type":"Point","coordinates":[-5.9931263,37.3851399]}},{"type":"Feature","properties":{"id_hdad":46,"hermandad":"El Calvario","calle":"Calle Almirantazgo","osm":"Calle Almirantazgo"},"geometry":{"type":"Point","coordinates":[-5.9947647,37.3851507]}},{"type":"Feature","properties":{"id_hdad":46,"hermandad":"El Calvario","calle":"Calle Arco del Postigo","osm":"Calle Arco del Postigo"},"geometry":{"type":"Point","coordinates":[-5.99555,37.385]}},{"type":"Feature","properties":{"id_hdad":46,"hermandad":"El Calvario","calle":"Calle Dos de Mayo","osm":"Calle Dos de Mayo"},"geometry":{"type":"Point","coordinates":[-5.9951972,37.385176]}},{"type":"Feature","properties":{"id_hdad":46,"hermandad":"El Calvario","calle":"Calle Arfe","osm":"Calle Arfe"},"geometry":{"type":"Point","coordinates":[-5.9953472,37.3853603]}},{"type":"Feature","properties":{"id_hdad":46,"hermandad":"El Calvario","calle":"Calle Puerta del Arenal","osm":"Calle Puerta del Arenal"},"geometry":{"type":"Point","coordinates":[-5.9961081,37.3862154]}},{"type":"Feature","properties":{"id_hdad":46,"hermandad":"El Calvario","calle":"Calle Castelar","osm":"Calle Castelar"},"geometry":{"type":"Point","coordinates":[-5.9972329,37.3872018]}},{"type":"Feature","properties":{"id_hdad":46,"hermandad":"El Calvario","calle":"Plaza de Molviedro","osm":"Plaza de Molviedro"},"geometry":{"type":"Point","coordinates":[-5.9979515,37.3878615]}},{"type":"Feature","properties":{"id_hdad":46,"hermandad":"El Calvario","calle":"Calle Doña Guiomar","osm":"Calle Doña Guiomar"},"geometry":{"type":"Point","coordinates":[-5.9976929,37.3878993]}},{"type":"Feature","properties":{"id_hdad":46,"hermandad":"El Calvario","calle":"Calle Zaragoza","osm":"Calle Zaragoza"},"geometry":{"type":"Point","coordinates":[-5.9961639,37.3879138]}},{"type":"Feature","properties":{"id_hdad":46,"hermandad":"El Calvario","calle":"Calle San Pablo","osm":"Calle San Pablo"},"geometry":{"type":"Point","coordinates":[-5.9974,37.3894]}},{"type":"Feature","properties":{"id_hdad":47,"nombre":"Esperanza de Triana","dia":"madruga"},"geometry":{"type":"LineString","coordinates":[[-6.0032777,37.3850702],[-6.0030664,37.3853948],[-6.0023919,37.3863288],[-6.0000899,37.3887251],[-5.9995369,37.3892515],[-5.9961639,37.3879138],[-5.9968262,37.3885158],[-5.9960103,37.3889602],[-5.995176,37.3900449],[-5.9959,37.39062],[-5.9962268,37.3919486],[-5.9960464,37.3931151],[-5.9953759,37.3927251],[-5.9947885,37.3908748],[-5.9939375,37.3886765],[-5.9936639,37.3834745],[-5.9931263,37.3851399],[-5.9947647,37.3851507],[-5.99555,37.385],[-5.9951972,37.385176],[-5.9953472,37.3853603],[-5.9984,37.3868],[-6.0002454,37.3882667],[-6.0000899,37.3887251],[-6.0023919,37.3863288],[-6.0030664,37.3853948],[-6.0050771,37.3837205],[-6.002469,37.3820965],[-6.002,37.382],[-6.0009057,37.3824978],[-6.0032777,37.3850702]]}},{"type":"Feature","properties":{"id_hdad":47,"hermandad":"Esperanza de Triana","calle":"Calle Pureza","osm":"Calle Pureza"},"geometry":{"type":"Point","coordinates":[-6.0032777,37.3850702]}},{"type":"Feature","properties":{"id_hdad":47,"hermandad":"Esperanza de Triana","calle":"Plaza del Altozano","osm":"Plaza del Altozano"},"geometry":{"type":"Point","coordinates":[-6.0030664,37.3853948]}},{"type":"Feature","properties":{"id_hdad":47,"hermandad":"Esperanza de Triana","calle":"Puente de Isabel II","osm":"Puente de Isabel II"},"geometry":{"type":"Point","coordinates":[-6.0023919,37.3863288]}},{"type":"Feature","properties":{"id_hdad":47,"hermandad":"Esperanza de Triana","calle":"Calle Reyes Católicos","osm":"Calle Reyes Católicos"},"geometry":{"type":"Point","coordinates":[-6.0000899,37.3887251]}},{"type":"Feature","properties":{"id_hdad":47,"hermandad":"Esperanza de Triana","calle":"Calle Puerta de Triana","osm":"Calle Puerta de Triana"},"geometry":{"type":"Point","coordinates":[-5.9995369,37.3892515]}},{"type":"Feature","properties":{"id_hdad":47,"hermandad":"Esperanza de Triana","calle":"Calle Zaragoza","osm":"Calle Zaragoza"},"geometry":{"type":"Point","coordinates":[-5.9961639,37.3879138]}},{"type":"Feature","properties":{"id_hdad":47,"hermandad":"Esperanza de Triana","calle":"Calle Madrid","osm":"Calle Madrid"},"geometry":{"type":"Point","coordinates":[-5.9968262,37.3885158]}},{"type":"Feature","properties":{"id_hdad":47,"hermandad":"Esperanza de Triana","calle":"Plaza Nueva","osm":"Plaza Nueva"},"geometry":{"type":"Point","coordinates":[-5.9960103,37.3889602]}},{"type":"Feature","properties":{"id_hdad":47,"hermandad":"Esperanza de Triana","calle":"Calle Tetuán","osm":"Calle Tetuán"},"geometry":{"type":"Point","coordinates":[-5.995176,37.3900449]}},{"type":"Feature","properties":{"id_hdad":47,"hermandad":"Esperanza de Triana","calle":"Calle Velázquez","osm":"Calle Velázquez"},"geometry":{"type":"Point","coordinates":[-5.9959,37.39062]}},{"type":"Feature","properties":{"id_hdad":47,"hermandad":"Esperanza de Triana","calle":"Calle O'Donnell","osm":"Calle O'Donnell"},"geometry":{"type":"Point","coordinates":[-5.9962268,37.3919486]}},{"type":"Feature","properties":{"id_hdad":47,"hermandad":"Esperanza de Triana","calle":"Plaza del Duque de la Victoria","osm":"Plaza del Duque de la Victoria"},"geometry":{"type":"Point","coordinates":[-5.9960464,37.3931151]}},{"type":"Feature","properties":{"id_hdad":47,"hermandad":"Esperanza de Triana","calle":"La Campana","osm":"Calle Campana"},"geometry":{"type":"Point","coordinates":[-5.9953759,37.3927251]}},{"type":"Feature","properties":{"id_hdad":47,"hermandad":"Esperanza de Triana","calle":"Calle Sierpes","osm":"Calle Sierpes"},"geometry":{"type":"Point","coordinates":[-5.9947885,37.3908748]}},{"type":"Feature","properties":{"id_hdad":47,"hermandad":"Esperanza de Triana","calle":"Plaza de San Francisco","osm":"Plaza de San Francisco"},"geometry":{"type":"Point","coordinates":[-5.9939375,37.3886765]}},{"type":"Feature","properties":{"id_hdad":47,"hermandad":"Esperanza de Triana","calle":"Avenida de la Constitución","osm":"Avenida de la Constitución"},"geometry":{"type":"Point","coordinates":[-5.9936639,37.3834745]}},{"type":"Feature","properties":{"id_hdad":47,"hermandad":"Esperanza de Triana","calle":"Calle Fray Ceferino González","osm":"Calle Fray Ceferino González"},"geometry":{"type":"Point","coordinates":[-5.9931263,37.3851399]}},{"type":"Feature","properties":{"id_hdad":47,"hermandad":"Esperanza de Triana","calle":"Calle Almirantazgo","osm":"Calle Almirantazgo"},"geometry":{"type":"Point","coordinates":[-5.9947647,37.3851507]}},{"type":"Feature","properties":{"id_hdad":47,"hermandad":"Esperanza de Triana","calle":"Calle Arco del Postigo","osm":"Calle Arco del Postigo"},"geometry":{"type":"Point","coordinates":[-5.99555,37.385]}},{"type":"Feature","properties":{"id_hdad":47,"hermandad":"Esperanza de Triana","calle":"Calle Dos de Mayo","osm":"Calle Dos de Mayo"},"geometry":{"type":"Point","coordinates":[-5.9951972,37.385176]}},{"type":"Feature","properties":{"id_hdad":47,"hermandad":"Esperanza de Triana","calle":"Calle Arfe","osm":"Calle Arfe"},"geometry":{"type":"Point","coordinates":[-5.9953472,37.3853603]}},{"type":"Feature","properties":{"id_hdad":47,"hermandad":"Esperanza de Triana","calle":"Calle Adriano","osm":"Calle Adriano"},"geometry":{"type":"Point","coordinates":[-5.9984,37.3868]}},{"type":"Feature","properties":{"id_hdad":47,"hermandad":"Esperanza de Triana","calle":"Calle Pastor y Landero","osm":"Calle Pastor y Landero"},"geometry":{"type":"Point","coordinates":[-6.0002454,37.3882667]}},{"type":"Feature","properties":{"id_hdad":47,"hermandad":"Esperanza de Triana","calle":"Calle Reyes Católicos","osm":"Calle Reyes Católicos"},"geometry":{"type":"Point","coordinates":[-6.0000899,37.3887251]}},{"type":"Feature","properties":{"id_hdad":47,"hermandad":"Esperanza de Triana","calle":"Puente de Isabel II","osm":"Puente de Isabel II"},"geometry":{"type":"Point","coordinates":[-6.0023919,37.3863288]}},{"type":"Feature","properties":{"id_hdad":47,"hermandad":"Esperanza de Triana","calle":"Plaza del Altozano","osm":"Plaza del Altozano"},"geometry":{"type":"Point","coordinates":[-6.0030664,37.3853948]}},{"type":"Feature","properties":{"id_hdad":47,"hermandad":"Esperanza de Triana","calle":"Calle San Jacinto","osm":"Calle San Jacinto"},"geometry":{"type":"Point","coordinates":[-6.0050771,37.3837205]}},{"type":"Feature","properties":{"id_hdad":47,"hermandad":"Esperanza de Triana","calle":"Calle Pagés del Corro","osm":"Calle Pagés del Corro"},"geometry":{"type":"Point","coordinates":[-6.002469,37.3820965]}},{"type":"Feature","properties":{"id_hdad":47,"hermandad":"Esperanza de Triana","calle":"Calle Luca de Tena","osm":"Calle Luca de Tena"},"geometry":{"type":"Point","coordinates":[-6.002,37.382]}},{"type":"Feature","properties":{"id_hdad":47,"hermandad":"Esperanza de Triana","calle":"Calle Pelay Correa","osm":"Calle Pelay Correa"},"geometry":{"type":"Point","coordinates":[-6.0009057,37.3824978]}},{"type":"Feature","properties":{"id_hdad":47,"hermandad":"Esperanza de Triana","calle":"Calle Pureza","osm":"Calle Pureza"},"geometry":{"type":"Point","coordinates":[-6.0032777,37.3850702]}},{"type":"Feature","properties":{"id_hdad":48,"nombre":"Los Gitanos","dia":"madruga"},"geometry":{"type":"LineString","coordinates":[[-5.9841545,37.3942804],[-5.98503,37.39346],[-5.9857369,37.394198],[-5.9865256,37.3949303],[-5.9872834,37.3948307],[-5.988238,37.3948513],[-5.9896128,37.394734],[-5.9903663,37.3942306],[-5.9908832,37.3936156],[-5.9914995,37.3927001],[-5.9929812,37.3928036],[-5.9937493,37.3932616],[-5.9945728,37.3937054],[-5.9952985,37.3939039],[-5.9960464,37.3931151],[-5.9953759,37.3927251],[-5.9947885,37.3908748],[-5.9939375,37.3886765],[-5.9936639,37.3834745],[-5.9924671,37.3864962],[-5.9940816,37.3866707],[-5.9932735,37.3895303],[-5.9911938,37.3885932],[-5.9924834,37.3870654],[-5.9927104,37.388333],[-5.991085,37.3897911],[-5.990668,37.3899828],[-5.9903819,37.3904418],[-5.99075,37.3908772],[-5.9901652,37.391109],[-5.9895944,37.3919974],[-5.9890313,37.3927037],[-5.9882675,37.3929088],[-5.9874545,37.393084],[-5.9859509,37.3934436],[-5.984483,37.3938976],[-5.9841545,37.3942804]]}},{"type":"Feature","properties":{"id_hdad":48,"hermandad":"Los Gitanos","calle":"Calle Valle","osm":"Calle Valle"},"geometry":{"type":"Point","coordinates":[-5.9841545,37.3942804]}},{"type":"Feature","properties":{"id_hdad":48,"hermandad":"Los Gitanos","calle":"Calle Puerta del Osario","osm":"Calle Puerta del Osario"},"geometry":{"type":"Point","coordinates":[-5.98503,37.39346]}},{"type":"Feature","properties":{"id_hdad":48,"hermandad":"Los Gitanos","calle":"Calle Matahacas","osm":"Calle Matahacas"},"geometry":{"type":"Point","coordinates":[-5.9857369,37.394198]}},{"type":"Feature","properties":{"id_hdad":48,"hermandad":"Los Gitanos","calle":"Plaza de San Román","osm":"Plaza de San Román"},"geometry":{"type":"Point","coordinates":[-5.9865256,37.3949303]}},{"type":"Feature","properties":{"id_hdad":48,"hermandad":"Los Gitanos","calle":"Calle Peñuelas","osm":"Calle Peñuelas"},"geometry":{"type":"Point","coordinates":[-5.9872834,37.3948307]}},{"type":"Feature","properties":{"id_hdad":48,"hermandad":"Los Gitanos","calle":"Calle Doña María Coronel","osm":"Calle Doña María Coronel"},"geometry":{"type":"Point","coordinates":[-5.988238,37.3948513]}},{"type":"Feature","properties":{"id_hdad":48,"hermandad":"Los Gitanos","calle":"Calle Dueñas","osm":"Calle Dueñas"},"geometry":{"type":"Point","coordinates":[-5.9896128,37.394734]}},{"type":"Feature","properties":{"id_hdad":48,"hermandad":"Los Gitanos","calle":"Calle Santa Ángela de la Cruz","osm":"Calle Santa Ángela de la Cruz"},"geometry":{"type":"Point","coordinates":[-5.9903663,37.3942306]}},{"type":"Feature","properties":{"id_hdad":48,"hermandad":"Los Gitanos","calle":"Calle Alcázares","osm":"Calle Alcázares"},"geometry":{"type":"Point","coordinates":[-5.9908832,37.3936156]}},{"type":"Feature","properties":{"id_hdad":48,"hermandad":"Los Gitanos","calle":"Plaza de la Encarnación","osm":"Plaza de la Encarnación"},"geometry":{"type":"Point","coordinates":[-5.9914995,37.3927001]}},{"type":"Feature","properties":{"id_hdad":48,"hermandad":"Los Gitanos","calle":"Calle Laraña","osm":"Calle Laraña"},"geometry":{"type":"Point","coordinates":[-5.9929812,37.3928036]}},{"type":"Feature","properties":{"id_hdad":48,"hermandad":"Los Gitanos","calle":"Calle Orfila","osm":"Calle Orfila"},"geometry":{"type":"Point","coordinates":[-5.9937493,37.3932616]}},{"type":"Feature","properties":{"id_hdad":48,"hermandad":"Los Gitanos","calle":"Calle Javier Lasso de la Vega","osm":"Calle Javier Lasso de la Vega"},"geometry":{"type":"Point","coordinates":[-5.9945728,37.3937054]}},{"type":"Feature","properties":{"id_hdad":48,"hermandad":"Los Gitanos","calle":"Calle Trajano","osm":"Calle Trajano"},"geometry":{"type":"Point","coordinates":[-5.9952985,37.3939039]}},{"type":"Feature","properties":{"id_hdad":48,"hermandad":"Los Gitanos","calle":"Plaza del Duque de la Victoria","osm":"Plaza del Duque de la Victoria"},"geometry":{"type":"Point","coordinates":[-5.9960464,37.3931151]}},{"type":"Feature","properties":{"id_hdad":48,"hermandad":"Los Gitanos","calle":"La Campana","osm":"Calle Campana"},"geometry":{"type":"Point","coordinates":[-5.9953759,37.3927251]}},{"type":"Feature","properties":{"id_hdad":48,"hermandad":"Los Gitanos","calle":"Calle Sierpes","osm":"Calle Sierpes"},"geometry":{"type":"Point","coordinates":[-5.9947885,37.3908748]}},{"type":"Feature","properties":{"id_hdad":48,"hermandad":"Los Gitanos","calle":"Plaza de San Francisco","osm":"Plaza de San Francisco"},"geometry":{"type":"Point","coordinates":[-5.9939375,37.3886765]}},{"type":"Feature","properties":{"id_hdad":48,"hermandad":"Los Gitanos","calle":"Avenida de la Constitución","osm":"Avenida de la Constitución"},"geometry":{"type":"Point","coordinates":[-5.9936639,37.3834745]}},{"type":"Feature","properties":{"id_hdad":48,"hermandad":"Los Gitanos","calle":"Calle Cardenal Carlos Amigo","osm":"Calle Cardenal Carlos Amigo"},"geometry":{"type":"Point","coordinates":[-5.9924671,37.3864962]}},{"type":"Feature","properties":{"id_hdad":48,"hermandad":"Los Gitanos","calle":"Calle Alemanes","osm":"Calle Alemanes"},"geometry":{"type":"Point","coordinates":[-5.9940816,37.3866707]}},{"type":"Feature","properties":{"id_hdad":48,"hermandad":"Los Gitanos","calle":"Calle Álvarez Quintero","osm":"Calle Álvarez Quintero"},"geometry":{"type":"Point","coordinates":[-5.9932735,37.3895303]}},{"type":"Feature","properties":{"id_hdad":48,"hermandad":"Los Gitanos","calle":"Calle Argote de Molina","osm":"Calle Argote de Molina"},"geometry":{"type":"Point","coordinates":[-5.9911938,37.3885932]}},{"type":"Feature","properties":{"id_hdad":48,"hermandad":"Los Gitanos","calle":"Calle Placentines","osm":"Calle Placentines"},"geometry":{"type":"Point","coordinates":[-5.9924834,37.3870654]}},{"type":"Feature","properties":{"id_hdad":48,"hermandad":"Los Gitanos","calle":"Calle Francos","osm":"Calle Francos"},"geometry":{"type":"Point","coordinates":[-5.9927104,37.388333]}},{"type":"Feature","properties":{"id_hdad":48,"hermandad":"Los Gitanos","calle":"Cuesta del Rosario","osm":"Calle Cuesta del Rosario"},"geometry":{"type":"Point","coordinates":[-5.991085,37.3897911]}},{"type":"Feature","properties":{"id_hdad":48,"hermandad":"Los Gitanos","calle":"Calle Jesús de las Tres Caídas","osm":"Calle Jesús de las Tres Caídas"},"geometry":{"type":"Point","coordinates":[-5.990668,37.3899828]}},{"type":"Feature","properties":{"id_hdad":48,"hermandad":"Los Gitanos","calle":"Calle Odreros","osm":"Calle Odreros"},"geometry":{"type":"Point","coordinates":[-5.9903819,37.3904418]}},{"type":"Feature","properties":{"id_hdad":48,"hermandad":"Los Gitanos","calle":"Calle Boteros","osm":"Calle Boteros"},"geometry":{"type":"Point","coordinates":[-5.99075,37.3908772]}},{"type":"Feature","properties":{"id_hdad":48,"hermandad":"Los Gitanos","calle":"Calle Sales y Ferré","osm":"Calle Sales y Ferré"},"geometry":{"type":"Point","coordinates":[-5.9901652,37.391109]}},{"type":"Feature","properties":{"id_hdad":48,"hermandad":"Los Gitanos","calle":"Plaza del Cristo de Burgos","osm":"Plaza del Cristo de Burgos"},"geometry":{"type":"Point","coordinates":[-5.9895944,37.3919974]}},{"type":"Feature","properties":{"id_hdad":48,"hermandad":"Los Gitanos","calle":"Calle Almirante Apodaca","osm":"Calle Almirante Apodaca"},"geometry":{"type":"Point","coordinates":[-5.9890313,37.3927037]}},{"type":"Feature","properties":{"id_hdad":48,"hermandad":"Los Gitanos","calle":"Calle Juan de Mesa","osm":"Calle Juan de Mesa"},"geometry":{"type":"Point","coordinates":[-5.9882675,37.3929088]}},{"type":"Feature","properties":{"id_hdad":48,"hermandad":"Los Gitanos","calle":"Plaza de Ponce de León","osm":"Plaza Ponce de León"},"geometry":{"type":"Point","coordinates":[-5.9874545,37.393084]}},{"type":"Feature","properties":{"id_hdad":48,"hermandad":"Los Gitanos","calle":"Calle Escuelas Pías","osm":"Calle Escuelas Pías"},"geometry":{"type":"Point","coordinates":[-5.9859509,37.3934436]}},{"type":"Feature","properties":{"id_hdad":48,"hermandad":"Los Gitanos","calle":"Calle Pinto","osm":"Calle Pinto"},"geometry":{"type":"Point","coordinates":[-5.984483,37.3938976]}},{"type":"Feature","properties":{"id_hdad":48,"hermandad":"Los Gitanos","calle":"Calle Valle","osm":"Calle Valle"},"geometry":{"type":"Point","coordinates":[-5.9841545,37.3942804]}},{"type":"Feature","properties":{"id_hdad":49,"nombre":"La Carretería","dia":"viernes-santo"},"geometry":{"type":"LineString","coordinates":[[-5.9976441,37.3851411],[-5.9965601,37.3859909],[-5.9976736,37.3856197],[-5.9953472,37.3853603],[-5.9961081,37.3862154],[-5.9972329,37.3872018],[-5.9961075,37.3871925],[-5.9951776,37.3879472],[-5.995501,37.3879628],[-5.9960103,37.3889602],[-5.995176,37.3900449],[-5.9959,37.39062],[-5.9962268,37.3919486],[-5.9960464,37.3931151],[-5.9953759,37.3927251],[-5.9947885,37.3908748],[-5.9939375,37.3886765],[-5.9936639,37.3834745],[-5.9930211,37.38433],[-5.9940317,37.3838262],[-5.9947508,37.3835139],[-5.9959376,37.3842039],[-5.9951972,37.385176],[-5.9969331,37.3849621],[-5.9976441,37.3851411]]}},{"type":"Feature","properties":{"id_hdad":49,"hermandad":"La Carretería","calle":"Calle Real de la Carretería","osm":"Calle Real de la Carretería"},"geometry":{"type":"Point","coordinates":[-5.9976441,37.3851411]}},{"type":"Feature","properties":{"id_hdad":49,"hermandad":"La Carretería","calle":"Calle Toneleros","osm":"Calle Toneleros"},"geometry":{"type":"Point","coordinates":[-5.9965601,37.3859909]}},{"type":"Feature","properties":{"id_hdad":49,"hermandad":"La Carretería","calle":"Calle Antonia Díaz","osm":"Calle Antonia Díaz"},"geometry":{"type":"Point","coordinates":[-5.9976736,37.3856197]}},{"type":"Feature","properties":{"id_hdad":49,"hermandad":"La Carretería","calle":"Calle Arfe","osm":"Calle Arfe"},"geometry":{"type":"Point","coordinates":[-5.9953472,37.3853603]}},{"type":"Feature","properties":{"id_hdad":49,"hermandad":"La Carretería","calle":"Calle Puerta del Arenal","osm":"Calle Puerta del Arenal"},"geometry":{"type":"Point","coordinates":[-5.9961081,37.3862154]}},{"type":"Feature","properties":{"id_hdad":49,"hermandad":"La Carretería","calle":"Calle Castelar","osm":"Calle Castelar"},"geometry":{"type":"Point","coordinates":[-5.9972329,37.3872018]}},{"type":"Feature","properties":{"id_hdad":49,"hermandad":"La Carretería","calle":"Calle Gamazo","osm":"Calle Gamazo"},"geometry":{"type":"Point","coordinates":[-5.9961075,37.3871925]}},{"type":"Feature","properties":{"id_hdad":49,"hermandad":"La Carretería","calle":"Calle Joaquín Guichot","osm":"Calle Joaquín Guichot"},"geometry":{"type":"Point","coordinates":[-5.9951776,37.3879472]}},{"type":"Feature","properties":{"id_hdad":49,"hermandad":"La Carretería","calle":"Calle Barcelona","osm":"Calle Barcelona"},"geometry":{"type":"Point","coordinates":[-5.995501,37.3879628]}},{"type":"Feature","properties":{"id_hdad":49,"hermandad":"La Carretería","calle":"Plaza Nueva","osm":"Plaza Nueva"},"geometry":{"type":"Point","coordinates":[-5.9960103,37.3889602]}},{"type":"Feature","properties":{"id_hdad":49,"hermandad":"La Carretería","calle":"Calle Tetuán","osm":"Calle Tetuán"},"geometry":{"type":"Point","coordinates":[-5.995176,37.3900449]}},{"type":"Feature","properties":{"id_hdad":49,"hermandad":"La Carretería","calle":"Calle Velázquez","osm":"Calle Velázquez"},"geometry":{"type":"Point","coordinates":[-5.9959,37.39062]}},{"type":"Feature","properties":{"id_hdad":49,"hermandad":"La Carretería","calle":"Calle O'Donnell","osm":"Calle O'Donnell"},"geometry":{"type":"Point","coordinates":[-5.9962268,37.3919486]}},{"type":"Feature","properties":{"id_hdad":49,"hermandad":"La Carretería","calle":"Plaza del Duque de la Victoria","osm":"Plaza del Duque de la Victoria"},"geometry":{"type":"Point","coordinates":[-5.9960464,37.3931151]}},{"type":"Feature","properties":{"id_hdad":49,"hermandad":"La Carretería","calle":"La Campana","osm":"Calle Campana"},"geometry":{"type":"Point","coordinates":[-5.9953759,37.3927251]}},{"type":"Feature","properties":{"id_hdad":49,"hermandad":"La Carretería","calle":"Calle Sierpes","osm":"Calle Sierpes"},"geometry":{"type":"Point","coordinates":[-5.9947885,37.3908748]}},{"type":"Feature","properties":{"id_hdad":49,"hermandad":"La Carretería","calle":"Plaza de San Francisco","osm":"Plaza de San Francisco"},"geometry":{"type":"Point","coordinates":[-5.9939375,37.3886765]}},{"type":"Feature","properties":{"id_hdad":49,"hermandad":"La Carretería","calle":"Avenida de la Constitución","osm":"Avenida de la Constitución"},"geometry":{"type":"Point","coordinates":[-5.9936639,37.3834745]}},{"type":"Feature","properties":{"id_hdad":49,"hermandad":"La Carretería","calle":"Calle Santo Tomás","osm":"Calle Santo Tomás"},"geometry":{"type":"Point","coordinates":[-5.9930211,37.38433]}},{"type":"Feature","properties":{"id_hdad":49,"hermandad":"La Carretería","calle":"Calle Adolfo Rodríguez Jurado","osm":"Calle Adolfo Rodríguez Jurado"},"geometry":{"type":"Point","coordinates":[-5.9940317,37.3838262]}},{"type":"Feature","properties":{"id_hdad":49,"hermandad":"La Carretería","calle":"Calle Santander","osm":"Calle Santander"},"geometry":{"type":"Point","coordinates":[-5.9947508,37.3835139]}},{"type":"Feature","properties":{"id_hdad":49,"hermandad":"La Carretería","calle":"Calle Temprado","osm":"Calle Temprado"},"geometry":{"type":"Point","coordinates":[-5.9959376,37.3842039]}},{"type":"Feature","properties":{"id_hdad":49,"hermandad":"La Carretería","calle":"Calle Dos de Mayo","osm":"Calle Dos de Mayo"},"geometry":{"type":"Point","coordinates":[-5.9951972,37.385176]}},{"type":"Feature","properties":{"id_hdad":49,"hermandad":"La Carretería","calle":"Calle Rodo","osm":"Calle Rodo"},"geometry":{"type":"Point","coordinates":[-5.9969331,37.3849621]}},{"type":"Feature","properties":{"id_hdad":49,"hermandad":"La Carretería","calle":"Calle Real de la Carretería","osm":"Calle Real de la Carretería"},"geometry":{"type":"Point","coordinates":[-5.9976441,37.3851411]}},{"type":"Feature","properties":{"id_hdad":50,"nombre":"Soledad de San Buenaventura","dia":"viernes-santo"},"geometry":{"type":"LineString","coordinates":[[-5.9968221,37.3894447],[-5.9961639,37.3879138],[-5.9968262,37.3885158],[-5.9960103,37.3889602],[-5.995176,37.3900449],[-5.9959,37.39062],[-5.9962268,37.3919486],[-5.9960464,37.3931151],[-5.9953759,37.3927251],[-5.9947885,37.3908748],[-5.9939375,37.3886765],[-5.9936639,37.3834745],[-5.9931263,37.3851399],[-5.9947647,37.3851507],[-5.99555,37.385],[-5.9951972,37.385176],[-5.9953472,37.3853603],[-5.9961081,37.3862154],[-5.9972329,37.3872018],[-5.9979515,37.3878615],[-5.9976929,37.3878993],[-5.9961639,37.3879138],[-5.9968221,37.3894447]]}},{"type":"Feature","properties":{"id_hdad":50,"hermandad":"Soledad de San Buenaventura","calle":"Calle Carlos Cañal","osm":"Calle Carlos Cañal"},"geometry":{"type":"Point","coordinates":[-5.9968221,37.3894447]}},{"type":"Feature","properties":{"id_hdad":50,"hermandad":"Soledad de San Buenaventura","calle":"Calle Zaragoza","osm":"Calle Zaragoza"},"geometry":{"type":"Point","coordinates":[-5.9961639,37.3879138]}},{"type":"Feature","properties":{"id_hdad":50,"hermandad":"Soledad de San Buenaventura","calle":"Calle Madrid","osm":"Calle Madrid"},"geometry":{"type":"Point","coordinates":[-5.9968262,37.3885158]}},{"type":"Feature","properties":{"id_hdad":50,"hermandad":"Soledad de San Buenaventura","calle":"Plaza Nueva","osm":"Plaza Nueva"},"geometry":{"type":"Point","coordinates":[-5.9960103,37.3889602]}},{"type":"Feature","properties":{"id_hdad":50,"hermandad":"Soledad de San Buenaventura","calle":"Calle Tetuán","osm":"Calle Tetuán"},"geometry":{"type":"Point","coordinates":[-5.995176,37.3900449]}},{"type":"Feature","properties":{"id_hdad":50,"hermandad":"Soledad de San Buenaventura","calle":"Calle Velázquez","osm":"Calle Velázquez"},"geometry":{"type":"Point","coordinates":[-5.9959,37.39062]}},{"type":"Feature","properties":{"id_hdad":50,"hermandad":"Soledad de San Buenaventura","calle":"Calle O'Donnell","osm":"Calle O'Donnell"},"geometry":{"type":"Point","coordinates":[-5.9962268,37.3919486]}},{"type":"Feature","properties":{"id_hdad":50,"hermandad":"Soledad de San Buenaventura","calle":"Plaza del Duque de la Victoria","osm":"Plaza del Duque de la Victoria"},"geometry":{"type":"Point","coordinates":[-5.9960464,37.3931151]}},{"type":"Feature","properties":{"id_hdad":50,"hermandad":"Soledad de San Buenaventura","calle":"La Campana","osm":"Calle Campana"},"geometry":{"type":"Point","coordinates":[-5.9953759,37.3927251]}},{"type":"Feature","properties":{"id_hdad":50,"hermandad":"Soledad de San Buenaventura","calle":"Calle Sierpes","osm":"Calle Sierpes"},"geometry":{"type":"Point","coordinates":[-5.9947885,37.3908748]}},{"type":"Feature","properties":{"id_hdad":50,"hermandad":"Soledad de San Buenaventura","calle":"Plaza de San Francisco","osm":"Plaza de San Francisco"},"geometry":{"type":"Point","coordinates":[-5.9939375,37.3886765]}},{"type":"Feature","properties":{"id_hdad":50,"hermandad":"Soledad de San Buenaventura","calle":"Avenida de la Constitución","osm":"Avenida de la Constitución"},"geometry":{"type":"Point","coordinates":[-5.9936639,37.3834745]}},{"type":"Feature","properties":{"id_hdad":50,"hermandad":"Soledad de San Buenaventura","calle":"Calle Fray Ceferino González","osm":"Calle Fray Ceferino González"},"geometry":{"type":"Point","coordinates":[-5.9931263,37.3851399]}},{"type":"Feature","properties":{"id_hdad":50,"hermandad":"Soledad de San Buenaventura","calle":"Calle Almirantazgo","osm":"Calle Almirantazgo"},"geometry":{"type":"Point","coordinates":[-5.9947647,37.3851507]}},{"type":"Feature","properties":{"id_hdad":50,"hermandad":"Soledad de San Buenaventura","calle":"Calle Arco del Postigo","osm":"Calle Arco del Postigo"},"geometry":{"type":"Point","coordinates":[-5.99555,37.385]}},{"type":"Feature","properties":{"id_hdad":50,"hermandad":"Soledad de San Buenaventura","calle":"Calle Dos de Mayo","osm":"Calle Dos de Mayo"},"geometry":{"type":"Point","coordinates":[-5.9951972,37.385176]}},{"type":"Feature","properties":{"id_hdad":50,"hermandad":"Soledad de San Buenaventura","calle":"Calle Arfe","osm":"Calle Arfe"},"geometry":{"type":"Point","coordinates":[-5.9953472,37.3853603]}},{"type":"Feature","properties":{"id_hdad":50,"hermandad":"Soledad de San Buenaventura","calle":"Calle Puerta del Arenal","osm":"Calle Puerta del Arenal"},"geometry":{"type":"Point","coordinates":[-5.9961081,37.3862154]}},{"type":"Feature","properties":{"id_hdad":50,"hermandad":"Soledad de San Buenaventura","calle":"Calle Castelar","osm":"Calle Castelar"},"geometry":{"type":"Point","coordinates":[-5.9972329,37.3872018]}},{"type":"Feature","properties":{"id_hdad":50,"hermandad":"Soledad de San Buenaventura","calle":"Plaza de Molviedro","osm":"Plaza de Molviedro"},"geometry":{"type":"Point","coordinates":[-5.9979515,37.3878615]}},{"type":"Feature","properties":{"id_hdad":50,"hermandad":"Soledad de San Buenaventura","calle":"Calle Doña Guiomar","osm":"Calle Doña Guiomar"},"geometry":{"type":"Point","coordinates":[-5.9976929,37.3878993]}},{"type":"Feature","properties":{"id_hdad":50,"hermandad":"Soledad de San Buenaventura","calle":"Calle Zaragoza","osm":"Calle Zaragoza"},"geometry":{"type":"Point","coordinates":[-5.9961639,37.3879138]}},{"type":"Feature","properties":{"id_hdad":50,"hermandad":"Soledad de San Buenaventura","calle":"Calle Carlos Cañal","osm":"Calle Carlos Cañal"},"geometry":{"type":"Point","coordinates":[-5.9968221,37.3894447]}},{"type":"Feature","properties":{"id_hdad":51,"nombre":"El Cachorro","dia":"viernes-santo"},"geometry":{"type":"LineString","coordinates":[[-6.0091981,37.3889704],[-6.0043339,37.3858415],[-6.0039197,37.3853775],[-6.0030664,37.3853948],[-6.0023919,37.3863288],[-6.0000899,37.3887251],[-5.9995369,37.3892515],[-5.9974,37.3894],[-5.9968379,37.390749],[-5.9962268,37.3919486],[-5.9960464,37.3931151],[-5.9953759,37.3927251],[-5.9947885,37.3908748],[-5.9939375,37.3886765],[-5.9936639,37.3834745],[-5.9931263,37.3851399],[-5.9947647,37.3851507],[-5.99555,37.385],[-5.9951972,37.385176],[-5.9953472,37.3853603],[-5.9984,37.3868],[-6.0002454,37.3882667],[-6.0000899,37.3887251],[-6.0023919,37.3863288],[-6.0030664,37.3853948],[-6.0039197,37.3853775],[-6.0043339,37.3858415],[-6.0091981,37.3889704]]}},{"type":"Feature","properties":{"id_hdad":51,"hermandad":"El Cachorro","calle":"Calle Castilla","osm":"Calle Castilla"},"geometry":{"type":"Point","coordinates":[-6.0091981,37.3889704]}},{"type":"Feature","properties":{"id_hdad":51,"hermandad":"El Cachorro","calle":"Calle Callao","osm":"Calle Callao"},"geometry":{"type":"Point","coordinates":[-6.0043339,37.3858415]}},{"type":"Feature","properties":{"id_hdad":51,"hermandad":"El Cachorro","calle":"Calle San Jorge","osm":"Calle San Jorge"},"geometry":{"type":"Point","coordinates":[-6.0039197,37.3853775]}},{"type":"Feature","properties":{"id_hdad":51,"hermandad":"El Cachorro","calle":"Plaza del Altozano","osm":"Plaza del Altozano"},"geometry":{"type":"Point","coordinates":[-6.0030664,37.3853948]}},{"type":"Feature","properties":{"id_hdad":51,"hermandad":"El Cachorro","calle":"Puente de Isabel II","osm":"Puente de Isabel II"},"geometry":{"type":"Point","coordinates":[-6.0023919,37.3863288]}},{"type":"Feature","properties":{"id_hdad":51,"hermandad":"El Cachorro","calle":"Calle Reyes Católicos","osm":"Calle Reyes Católicos"},"geometry":{"type":"Point","coordinates":[-6.0000899,37.3887251]}},{"type":"Feature","properties":{"id_hdad":51,"hermandad":"El Cachorro","calle":"Calle Puerta de Triana","osm":"Calle Puerta de Triana"},"geometry":{"type":"Point","coordinates":[-5.9995369,37.3892515]}},{"type":"Feature","properties":{"id_hdad":51,"hermandad":"El Cachorro","calle":"Calle San Pablo","osm":"Calle San Pablo"},"geometry":{"type":"Point","coordinates":[-5.9974,37.3894]}},{"type":"Feature","properties":{"id_hdad":51,"hermandad":"El Cachorro","calle":"Plaza de la Magdalena","osm":"Plaza de la Magdalena"},"geometry":{"type":"Point","coordinates":[-5.9968379,37.390749]}},{"type":"Feature","properties":{"id_hdad":51,"hermandad":"El Cachorro","calle":"Calle O'Donnell","osm":"Calle O'Donnell"},"geometry":{"type":"Point","coordinates":[-5.9962268,37.3919486]}},{"type":"Feature","properties":{"id_hdad":51,"hermandad":"El Cachorro","calle":"Plaza del Duque de la Victoria","osm":"Plaza del Duque de la Victoria"},"geometry":{"type":"Point","coordinates":[-5.9960464,37.3931151]}},{"type":"Feature","properties":{"id_hdad":51,"hermandad":"El Cachorro","calle":"La Campana","osm":"Calle Campana"},"geometry":{"type":"Point","coordinates":[-5.9953759,37.3927251]}},{"type":"Feature","properties":{"id_hdad":51,"hermandad":"El Cachorro","calle":"Calle Sierpes","osm":"Calle Sierpes"},"geometry":{"type":"Point","coordinates":[-5.9947885,37.3908748]}},{"type":"Feature","properties":{"id_hdad":51,"hermandad":"El Cachorro","calle":"Plaza de San Francisco","osm":"Plaza de San Francisco"},"geometry":{"type":"Point","coordinates":[-5.9939375,37.3886765]}},{"type":"Feature","properties":{"id_hdad":51,"hermandad":"El Cachorro","calle":"Avenida de la Constitución","osm":"Avenida de la Constitución"},"geometry":{"type":"Point","coordinates":[-5.9936639,37.3834745]}},{"type":"Feature","properties":{"id_hdad":51,"hermandad":"El Cachorro","calle":"Calle Fray Ceferino González","osm":"Calle Fray Ceferino González"},"geometry":{"type":"Point","coordinates":[-5.9931263,37.3851399]}},{"type":"Feature","properties":{"id_hdad":51,"hermandad":"El Cachorro","calle":"Calle Almirantazgo","osm":"Calle Almirantazgo"},"geometry":{"type":"Point","coordinates":[-5.9947647,37.3851507]}},{"type":"Feature","properties":{"id_hdad":51,"hermandad":"El Cachorro","calle":"Calle Arco del Postigo","osm":"Calle Arco del Postigo"},"geometry":{"type":"Point","coordinates":[-5.99555,37.385]}},{"type":"Feature","properties":{"id_hdad":51,"hermandad":"El Cachorro","calle":"Calle Dos de Mayo","osm":"Calle Dos de Mayo"},"geometry":{"type":"Point","coordinates":[-5.9951972,37.385176]}},{"type":"Feature","properties":{"id_hdad":51,"hermandad":"El Cachorro","calle":"Calle Arfe","osm":"Calle Arfe"},"geometry":{"type":"Point","coordinates":[-5.9953472,37.3853603]}},{"type":"Feature","properties":{"id_hdad":51,"hermandad":"El Cachorro","calle":"Calle Adriano","osm":"Calle Adriano"},"geometry":{"type":"Point","coordinates":[-5.9984,37.3868]}},{"type":"Feature","properties":{"id_hdad":51,"hermandad":"El Cachorro","calle":"Calle Pastor y Landero","osm":"Calle Pastor y Landero"},"geometry":{"type":"Point","coordinates":[-6.0002454,37.3882667]}},{"type":"Feature","properties":{"id_hdad":51,"hermandad":"El Cachorro","calle":"Calle Reyes Católicos","osm":"Calle Reyes Católicos"},"geometry":{"type":"Point","coordinates":[-6.0000899,37.3887251]}},{"type":"Feature","properties":{"id_hdad":51,"hermandad":"El Cachorro","calle":"Puente de Isabel II","osm":"Puente de Isabel II"},"geometry":{"type":"Point","coordinates":[-6.0023919,37.3863288]}},{"type":"Feature","properties":{"id_hdad":51,"hermandad":"El Cachorro","calle":"Plaza del Altozano","osm":"Plaza del Altozano"},"geometry":{"type":"Point","coordinates":[-6.0030664,37.3853948]}},{"type":"Feature","properties":{"id_hdad":51,"hermandad":"El Cachorro","calle":"Calle San Jorge","osm":"Calle San Jorge"},"geometry":{"type":"Point","coordinates":[-6.0039197,37.3853775]}},{"type":"Feature","properties":{"id_hdad":51,"hermandad":"El Cachorro","calle":"Calle Callao","osm":"Calle Callao"},"geometry":{"type":"Point","coordinates":[-6.0043339,37.3858415]}},{"type":"Feature","properties":{"id_hdad":51,"hermandad":"El Cachorro","calle":"Calle Castilla","osm":"Calle Castilla"},"geometry":{"type":"Point","coordinates":[-6.0091981,37.3889704]}},{"type":"Feature","properties":{"id_hdad":52,"nombre":"La O","dia":"viernes-santo"},"geometry":{"type":"LineString","coordinates":[[-6.0091981,37.3889704],[-6.0043339,37.3858415],[-6.0039197,37.3853775],[-6.0030664,37.3853948],[-6.0023919,37.3863288],[-6.0000899,37.3887251],[-5.9995369,37.3892515],[-5.9974,37.3894],[-5.9968379,37.390749],[-5.9956153,37.3909244],[-5.9959,37.39062],[-5.9962268,37.3919486],[-5.9960464,37.3931151],[-5.9953759,37.3927251],[-5.9947885,37.3908748],[-5.9939375,37.3886765],[-5.9936639,37.3834745],[-5.9930211,37.38433],[-5.9940317,37.3838262],[-5.9947508,37.3835139],[-5.9959376,37.3842039],[-5.9951972,37.385176],[-5.9969331,37.3849621],[-5.9976441,37.3851411],[-5.9965601,37.3859909],[-5.9984,37.3868],[-6.0002454,37.3882667],[-6.0000899,37.3887251],[-6.0023919,37.3863288],[-6.0030664,37.3853948],[-6.0039197,37.3853775],[-6.0043339,37.3858415],[-6.0091981,37.3889704]]}},{"type":"Feature","properties":{"id_hdad":52,"hermandad":"La O","calle":"Calle Castilla","osm":"Calle Castilla"},"geometry":{"type":"Point","coordinates":[-6.0091981,37.3889704]}},{"type":"Feature","properties":{"id_hdad":52,"hermandad":"La O","calle":"Calle Callao","osm":"Calle Callao"},"geometry":{"type":"Point","coordinates":[-6.0043339,37.3858415]}},{"type":"Feature","properties":{"id_hdad":52,"hermandad":"La O","calle":"Calle San Jorge","osm":"Calle San Jorge"},"geometry":{"type":"Point","coordinates":[-6.0039197,37.3853775]}},{"type":"Feature","properties":{"id_hdad":52,"hermandad":"La O","calle":"Plaza del Altozano","osm":"Plaza del Altozano"},"geometry":{"type":"Point","coordinates":[-6.0030664,37.3853948]}},{"type":"Feature","properties":{"id_hdad":52,"hermandad":"La O","calle":"Puente de Isabel II","osm":"Puente de Isabel II"},"geometry":{"type":"Point","coordinates":[-6.0023919,37.3863288]}},{"type":"Feature","properties":{"id_hdad":52,"hermandad":"La O","calle":"Calle Reyes Católicos","osm":"Calle Reyes Católicos"},"geometry":{"type":"Point","coordinates":[-6.0000899,37.3887251]}},{"type":"Feature","properties":{"id_hdad":52,"hermandad":"La O","calle":"Calle Puerta de Triana","osm":"Calle Puerta de Triana"},"geometry":{"type":"Point","coordinates":[-5.9995369,37.3892515]}},{"type":"Feature","properties":{"id_hdad":52,"hermandad":"La O","calle":"Calle San Pablo","osm":"Calle San Pablo"},"geometry":{"type":"Point","coordinates":[-5.9974,37.3894]}},{"type":"Feature","properties":{"id_hdad":52,"hermandad":"La O","calle":"Plaza de la Magdalena","osm":"Plaza de la Magdalena"},"geometry":{"type":"Point","coordinates":[-5.9968379,37.390749]}},{"type":"Feature","properties":{"id_hdad":52,"hermandad":"La O","calle":"Calle Rioja","osm":"Calle Rioja"},"geometry":{"type":"Point","coordinates":[-5.9956153,37.3909244]}},{"type":"Feature","properties":{"id_hdad":52,"hermandad":"La O","calle":"Calle Velázquez","osm":"Calle Velázquez"},"geometry":{"type":"Point","coordinates":[-5.9959,37.39062]}},{"type":"Feature","properties":{"id_hdad":52,"hermandad":"La O","calle":"Calle O'Donnell","osm":"Calle O'Donnell"},"geometry":{"type":"Point","coordinates":[-5.9962268,37.3919486]}},{"type":"Feature","properties":{"id_hdad":52,"hermandad":"La O","calle":"Plaza del Duque de la Victoria","osm":"Plaza del Duque de la Victoria"},"geometry":{"type":"Point","coordinates":[-5.9960464,37.3931151]}},{"type":"Feature","properties":{"id_hdad":52,"hermandad":"La O","calle":"La Campana","osm":"Calle Campana"},"geometry":{"type":"Point","coordinates":[-5.9953759,37.3927251]}},{"type":"Feature","properties":{"id_hdad":52,"hermandad":"La O","calle":"Calle Sierpes","osm":"Calle Sierpes"},"geometry":{"type":"Point","coordinates":[-5.9947885,37.3908748]}},{"type":"Feature","properties":{"id_hdad":52,"hermandad":"La O","calle":"Plaza de San Francisco","osm":"Plaza de San Francisco"},"geometry":{"type":"Point","coordinates":[-5.9939375,37.3886765]}},{"type":"Feature","properties":{"id_hdad":52,"hermandad":"La O","calle":"Avenida de la Constitución","osm":"Avenida de la Constitución"},"geometry":{"type":"Point","coordinates":[-5.9936639,37.3834745]}},{"type":"Feature","properties":{"id_hdad":52,"hermandad":"La O","calle":"Calle Santo Tomás","osm":"Calle Santo Tomás"},"geometry":{"type":"Point","coordinates":[-5.9930211,37.38433]}},{"type":"Feature","properties":{"id_hdad":52,"hermandad":"La O","calle":"Calle Adolfo Rodríguez Jurado","osm":"Calle Adolfo Rodríguez Jurado"},"geometry":{"type":"Point","coordinates":[-5.9940317,37.3838262]}},{"type":"Feature","properties":{"id_hdad":52,"hermandad":"La O","calle":"Calle Santander","osm":"Calle Santander"},"geometry":{"type":"Point","coordinates":[-5.9947508,37.3835139]}},{"type":"Feature","properties":{"id_hdad":52,"hermandad":"La O","calle":"Calle Temprado","osm":"Calle Temprado"},"geometry":{"type":"Point","coordinates":[-5.9959376,37.3842039]}},{"type":"Feature","properties":{"id_hdad":52,"hermandad":"La O","calle":"Calle Dos de Mayo","osm":"Calle Dos de Mayo"},"geometry":{"type":"Point","coordinates":[-5.9951972,37.385176]}},{"type":"Feature","properties":{"id_hdad":52,"hermandad":"La O","calle":"Calle Rodo","osm":"Calle Rodo"},"geometry":{"type":"Point","coordinates":[-5.9969331,37.3849621]}},{"type":"Feature","properties":{"id_hdad":52,"hermandad":"La O","calle":"Calle Real de la Carretería","osm":"Calle Real de la Carretería"},"geometry":{"type":"Point","coordinates":[-5.9976441,37.3851411]}},{"type":"Feature","properties":{"id_hdad":52,"hermandad":"La O","calle":"Calle Toneleros","osm":"Calle Toneleros"},"geometry":{"type":"Point","coordinates":[-5.9965601,37.3859909]}},{"type":"Feature","properties":{"id_hdad":52,"hermandad":"La O","calle":"Calle Adriano","osm":"Calle Adriano"},"geometry":{"type":"Point","coordinates":[-5.9984,37.3868]}},{"type":"Feature","properties":{"id_hdad":52,"hermandad":"La O","calle":"Calle Pastor y Landero","osm":"Calle Pastor y Landero"},"geometry":{"type":"Point","coordinates":[-6.0002454,37.3882667]}},{"type":"Feature","properties":{"id_hdad":52,"hermandad":"La O","calle":"Calle Reyes Católicos","osm":"Calle Reyes Católicos"},"geometry":{"type":"Point","coordinates":[-6.0000899,37.3887251]}},{"type":"Feature","properties":{"id_hdad":52,"hermandad":"La O","calle":"Puente de Isabel II","osm":"Puente de Isabel II"},"geometry":{"type":"Point","coordinates":[-6.0023919,37.3863288]}},{"type":"Feature","properties":{"id_hdad":52,"hermandad":"La O","calle":"Plaza del Altozano","osm":"Plaza del Altozano"},"geometry":{"type":"Point","coordinates":[-6.0030664,37.3853948]}},{"type":"Feature","properties":{"id_hdad":52,"hermandad":"La O","calle":"Calle San Jorge","osm":"Calle San Jorge"},"geometry":{"type":"Point","coordinates":[-6.0039197,37.3853775]}},{"type":"Feature","properties":{"id_hdad":52,"hermandad":"La O","calle":"Calle Callao","osm":"Calle Callao"},"geometry":{"type":"Point","coordinates":[-6.0043339,37.3858415]}},{"type":"Feature","properties":{"id_hdad":52,"hermandad":"La O","calle":"Calle Castilla","osm":"Calle Castilla"},"geometry":{"type":"Point","coordinates":[-6.0091981,37.3889704]}},{"type":"Feature","properties":{"id_hdad":53,"nombre":"San Isidoro","dia":"viernes-santo"},"geometry":{"type":"LineString","coordinates":[[-5.9909741,37.3895117],[-5.991085,37.3897911],[-5.992781,37.389701],[-5.9931868,37.3900367],[-5.9934667,37.3916005],[-5.9937493,37.3932616],[-5.9945728,37.3937054],[-5.9948244,37.3933914],[-5.9960464,37.3931151],[-5.9953759,37.3927251],[-5.9947885,37.3908748],[-5.9939375,37.3886765],[-5.9936639,37.3834745],[-5.9924671,37.3864962],[-5.9924834,37.3870654],[-5.9927104,37.388333],[-5.991085,37.3897911],[-5.9909741,37.3895117]]}},{"type":"Feature","properties":{"id_hdad":53,"hermandad":"San Isidoro","calle":"Calle Luchana","osm":"Calle Luchana"},"geometry":{"type":"Point","coordinates":[-5.9909741,37.3895117]}},{"type":"Feature","properties":{"id_hdad":53,"hermandad":"San Isidoro","calle":"Cuesta del Rosario","osm":"Calle Cuesta del Rosario"},"geometry":{"type":"Point","coordinates":[-5.991085,37.3897911]}},{"type":"Feature","properties":{"id_hdad":53,"hermandad":"San Isidoro","calle":"Calle Villegas","osm":"Calle Villegas"},"geometry":{"type":"Point","coordinates":[-5.992781,37.389701]}},{"type":"Feature","properties":{"id_hdad":53,"hermandad":"San Isidoro","calle":"Plaza del Salvador","osm":"Plaza del Salvador"},"geometry":{"type":"Point","coordinates":[-5.9931868,37.3900367]}},{"type":"Feature","properties":{"id_hdad":53,"hermandad":"San Isidoro","calle":"Calle Cuna","osm":"Calle Cuna"},"geometry":{"type":"Point","coordinates":[-5.9934667,37.3916005]}},{"type":"Feature","properties":{"id_hdad":53,"hermandad":"San Isidoro","calle":"Calle Orfila","osm":"Calle Orfila"},"geometry":{"type":"Point","coordinates":[-5.9937493,37.3932616]}},{"type":"Feature","properties":{"id_hdad":53,"hermandad":"San Isidoro","calle":"Calle Javier Lasso de la Vega","osm":"Calle Javier Lasso de la Vega"},"geometry":{"type":"Point","coordinates":[-5.9945728,37.3937054]}},{"type":"Feature","properties":{"id_hdad":53,"hermandad":"San Isidoro","calle":"Calle Tarifa","osm":"Calle Tarifa"},"geometry":{"type":"Point","coordinates":[-5.9948244,37.3933914]}},{"type":"Feature","properties":{"id_hdad":53,"hermandad":"San Isidoro","calle":"Plaza del Duque de la Victoria","osm":"Plaza del Duque de la Victoria"},"geometry":{"type":"Point","coordinates":[-5.9960464,37.3931151]}},{"type":"Feature","properties":{"id_hdad":53,"hermandad":"San Isidoro","calle":"La Campana","osm":"Calle Campana"},"geometry":{"type":"Point","coordinates":[-5.9953759,37.3927251]}},{"type":"Feature","properties":{"id_hdad":53,"hermandad":"San Isidoro","calle":"Calle Sierpes","osm":"Calle Sierpes"},"geometry":{"type":"Point","coordinates":[-5.9947885,37.3908748]}},{"type":"Feature","properties":{"id_hdad":53,"hermandad":"San Isidoro","calle":"Plaza de San Francisco","osm":"Plaza de San Francisco"},"geometry":{"type":"Point","coordinates":[-5.9939375,37.3886765]}},{"type":"Feature","properties":{"id_hdad":53,"hermandad":"San Isidoro","calle":"Avenida de la Constitución","osm":"Avenida de la Constitución"},"geometry":{"type":"Point","coordinates":[-5.9936639,37.3834745]}},{"type":"Feature","properties":{"id_hdad":53,"hermandad":"San Isidoro","calle":"Calle Cardenal Carlos Amigo","osm":"Calle Cardenal Carlos Amigo"},"geometry":{"type":"Point","coordinates":[-5.9924671,37.3864962]}},{"type":"Feature","properties":{"id_hdad":53,"hermandad":"San Isidoro","calle":"Calle Placentines","osm":"Calle Placentines"},"geometry":{"type":"Point","coordinates":[-5.9924834,37.3870654]}},{"type":"Feature","properties":{"id_hdad":53,"hermandad":"San Isidoro","calle":"Calle Francos","osm":"Calle Francos"},"geometry":{"type":"Point","coordinates":[-5.9927104,37.388333]}},{"type":"Feature","properties":{"id_hdad":53,"hermandad":"San Isidoro","calle":"Cuesta del Rosario","osm":"Calle Cuesta del Rosario"},"geometry":{"type":"Point","coordinates":[-5.991085,37.3897911]}},{"type":"Feature","properties":{"id_hdad":53,"hermandad":"San Isidoro","calle":"Calle Luchana","osm":"Calle Luchana"},"geometry":{"type":"Point","coordinates":[-5.9909741,37.3895117]}},{"type":"Feature","properties":{"id_hdad":54,"nombre":"Montserrat","dia":"viernes-santo"},"geometry":{"type":"LineString","coordinates":[[-5.9988822,37.39042],[-5.9974,37.3894],[-5.9968379,37.390749],[-5.9956153,37.3909244],[-5.9959,37.39062],[-5.9962268,37.3919486],[-5.9960464,37.3931151],[-5.9953759,37.3927251],[-5.9947885,37.3908748],[-5.9939375,37.3886765],[-5.9936639,37.3834745],[-5.9931263,37.3851399],[-5.9947647,37.3851507],[-5.99555,37.385],[-5.9951972,37.385176],[-5.9953472,37.3853603],[-5.9961081,37.3862154],[-5.9972329,37.3872018],[-5.9979515,37.3878615],[-5.9976929,37.3878993],[-5.9961639,37.3879138],[-5.9974,37.3894],[-5.9988822,37.39042]]}},{"type":"Feature","properties":{"id_hdad":54,"hermandad":"Montserrat","calle":"Calle Cristo del Calvario","osm":"Calle Cristo del Calvario"},"geometry":{"type":"Point","coordinates":[-5.9988822,37.39042]}},{"type":"Feature","properties":{"id_hdad":54,"hermandad":"Montserrat","calle":"Calle San Pablo","osm":"Calle San Pablo"},"geometry":{"type":"Point","coordinates":[-5.9974,37.3894]}},{"type":"Feature","properties":{"id_hdad":54,"hermandad":"Montserrat","calle":"Plaza de la Magdalena","osm":"Plaza de la Magdalena"},"geometry":{"type":"Point","coordinates":[-5.9968379,37.390749]}},{"type":"Feature","properties":{"id_hdad":54,"hermandad":"Montserrat","calle":"Calle Rioja","osm":"Calle Rioja"},"geometry":{"type":"Point","coordinates":[-5.9956153,37.3909244]}},{"type":"Feature","properties":{"id_hdad":54,"hermandad":"Montserrat","calle":"Calle Velázquez","osm":"Calle Velázquez"},"geometry":{"type":"Point","coordinates":[-5.9959,37.39062]}},{"type":"Feature","properties":{"id_hdad":54,"hermandad":"Montserrat","calle":"Calle O'Donnell","osm":"Calle O'Donnell"},"geometry":{"type":"Point","coordinates":[-5.9962268,37.3919486]}},{"type":"Feature","properties":{"id_hdad":54,"hermandad":"Montserrat","calle":"Plaza del Duque de la Victoria","osm":"Plaza del Duque de la Victoria"},"geometry":{"type":"Point","coordinates":[-5.9960464,37.3931151]}},{"type":"Feature","properties":{"id_hdad":54,"hermandad":"Montserrat","calle":"La Campana","osm":"Calle Campana"},"geometry":{"type":"Point","coordinates":[-5.9953759,37.3927251]}},{"type":"Feature","properties":{"id_hdad":54,"hermandad":"Montserrat","calle":"Calle Sierpes","osm":"Calle Sierpes"},"geometry":{"type":"Point","coordinates":[-5.9947885,37.3908748]}},{"type":"Feature","properties":{"id_hdad":54,"hermandad":"Montserrat","calle":"Plaza de San Francisco","osm":"Plaza de San Francisco"},"geometry":{"type":"Point","coordinates":[-5.9939375,37.3886765]}},{"type":"Feature","properties":{"id_hdad":54,"hermandad":"Montserrat","calle":"Avenida de la Constitución","osm":"Avenida de la Constitución"},"geometry":{"type":"Point","coordinates":[-5.9936639,37.3834745]}},{"type":"Feature","properties":{"id_hdad":54,"hermandad":"Montserrat","calle":"Calle Fray Ceferino González","osm":"Calle Fray Ceferino González"},"geometry":{"type":"Point","coordinates":[-5.9931263,37.3851399]}},{"type":"Feature","properties":{"id_hdad":54,"hermandad":"Montserrat","calle":"Calle Almirantazgo","osm":"Calle Almirantazgo"},"geometry":{"type":"Point","coordinates":[-5.9947647,37.3851507]}},{"type":"Feature","properties":{"id_hdad":54,"hermandad":"Montserrat","calle":"Calle Arco del Postigo","osm":"Calle Arco del Postigo"},"geometry":{"type":"Point","coordinates":[-5.99555,37.385]}},{"type":"Feature","properties":{"id_hdad":54,"hermandad":"Montserrat","calle":"Calle Dos de Mayo","osm":"Calle Dos de Mayo"},"geometry":{"type":"Point","coordinates":[-5.9951972,37.385176]}},{"type":"Feature","properties":{"id_hdad":54,"hermandad":"Montserrat","calle":"Calle Arfe","osm":"Calle Arfe"},"geometry":{"type":"Point","coordinates":[-5.9953472,37.3853603]}},{"type":"Feature","properties":{"id_hdad":54,"hermandad":"Montserrat","calle":"Calle Puerta del Arenal","osm":"Calle Puerta del Arenal"},"geometry":{"type":"Point","coordinates":[-5.9961081,37.3862154]}},{"type":"Feature","properties":{"id_hdad":54,"hermandad":"Montserrat","calle":"Calle Castelar","osm":"Calle Castelar"},"geometry":{"type":"Point","coordinates":[-5.9972329,37.3872018]}},{"type":"Feature","properties":{"id_hdad":54,"hermandad":"Montserrat","calle":"Plaza de Molviedro","osm":"Plaza de Molviedro"},"geometry":{"type":"Point","coordinates":[-5.9979515,37.3878615]}},{"type":"Feature","properties":{"id_hdad":54,"hermandad":"Montserrat","calle":"Calle Doña Guiomar","osm":"Calle Doña Guiomar"},"geometry":{"type":"Point","coordinates":[-5.9976929,37.3878993]}},{"type":"Feature","properties":{"id_hdad":54,"hermandad":"Montserrat","calle":"Calle Zaragoza","osm":"Calle Zaragoza"},"geometry":{"type":"Point","coordinates":[-5.9961639,37.3879138]}},{"type":"Feature","properties":{"id_hdad":54,"hermandad":"Montserrat","calle":"Calle San Pablo","osm":"Calle San Pablo"},"geometry":{"type":"Point","coordinates":[-5.9974,37.3894]}},{"type":"Feature","properties":{"id_hdad":54,"hermandad":"Montserrat","calle":"Calle Cristo del Calvario","osm":"Calle Cristo del Calvario"},"geometry":{"type":"Point","coordinates":[-5.9988822,37.39042]}},{"type":"Feature","properties":{"id_hdad":55,"nombre":"La Mortaja","dia":"viernes-santo"},"geometry":{"type":"LineString","coordinates":[[-5.9881136,37.3941815],[-5.988238,37.3948513],[-5.9896128,37.394734],[-5.9904911,37.3949595],[-5.99157,37.39655],[-5.9913199,37.3956879],[-5.9881471,37.3963447],[-5.9922441,37.3959471],[-5.9924262,37.3961959],[-5.9927646,37.3961458],[-5.9934936,37.3952807],[-5.9940296,37.39453],[-5.994448,37.3945001],[-5.9947526,37.3939161],[-5.995328,37.3943919],[-5.9952985,37.3939039],[-5.9960464,37.3931151],[-5.9953759,37.3927251],[-5.9947885,37.3908748],[-5.9939375,37.3886765],[-5.9936639,37.3834745],[-5.9924671,37.3864962],[-5.9940816,37.3866707],[-5.9932735,37.3895303],[-5.9911938,37.3885932],[-5.9924834,37.3870654],[-5.9927104,37.388333],[-5.991085,37.3897911],[-5.990668,37.3899828],[-5.9903819,37.3904418],[-5.99075,37.3908772],[-5.9901652,37.391109],[-5.9895944,37.3919974],[-5.988238,37.3948513],[-5.9881136,37.3941815]]}},{"type":"Feature","properties":{"id_hdad":55,"hermandad":"La Mortaja","calle":"Calle Bustos Tavera","osm":"Calle Bustos Tavera"},"geometry":{"type":"Point","coordinates":[-5.9881136,37.3941815]}},{"type":"Feature","properties":{"id_hdad":55,"hermandad":"La Mortaja","calle":"Calle Doña María Coronel","osm":"Calle Doña María Coronel"},"geometry":{"type":"Point","coordinates":[-5.988238,37.3948513]}},{"type":"Feature","properties":{"id_hdad":55,"hermandad":"La Mortaja","calle":"Calle Dueñas","osm":"Calle Dueñas"},"geometry":{"type":"Point","coordinates":[-5.9896128,37.394734]}},{"type":"Feature","properties":{"id_hdad":55,"hermandad":"La Mortaja","calle":"Calle San Juan de la Palma","osm":"Calle San Juan de la Palma"},"geometry":{"type":"Point","coordinates":[-5.9904911,37.3949595]}},{"type":"Feature","properties":{"id_hdad":55,"hermandad":"La Mortaja","calle":"Calle Madre María Purísima de la Cruz","osm":"Calle Madre María Purísima de la Cruz"},"geometry":{"type":"Point","coordinates":[-5.99157,37.39655]}},{"type":"Feature","properties":{"id_hdad":55,"hermandad":"La Mortaja","calle":"Calle Feria","osm":"Calle Feria"},"geometry":{"type":"Point","coordinates":[-5.9913199,37.3956879]}},{"type":"Feature","properties":{"id_hdad":55,"hermandad":"La Mortaja","calle":"Calle Castellar","osm":"Calle Castellar"},"geometry":{"type":"Point","coordinates":[-5.9881471,37.3963447]}},{"type":"Feature","properties":{"id_hdad":55,"hermandad":"La Mortaja","calle":"Calle Alberto Lista","osm":"Calle Alberto Lista"},"geometry":{"type":"Point","coordinates":[-5.9922441,37.3959471]}},{"type":"Feature","properties":{"id_hdad":55,"hermandad":"La Mortaja","calle":"Calle Saavedras","osm":"Calle Saavedras"},"geometry":{"type":"Point","coordinates":[-5.9924262,37.3961959]}},{"type":"Feature","properties":{"id_hdad":55,"hermandad":"La Mortaja","calle":"Plaza de San Martín","osm":"Plaza de San Martín"},"geometry":{"type":"Point","coordinates":[-5.9927646,37.3961458]}},{"type":"Feature","properties":{"id_hdad":55,"hermandad":"La Mortaja","calle":"Calle Cervantes","osm":"Calle Cervantes"},"geometry":{"type":"Point","coordinates":[-5.9934936,37.3952807]}},{"type":"Feature","properties":{"id_hdad":55,"hermandad":"La Mortaja","calle":"Calle San Andrés","osm":"Calle San Andrés"},"geometry":{"type":"Point","coordinates":[-5.9940296,37.39453]}},{"type":"Feature","properties":{"id_hdad":55,"hermandad":"La Mortaja","calle":"Calle García Tassara","osm":"Calle García Tassara"},"geometry":{"type":"Point","coordinates":[-5.994448,37.3945001]}},{"type":"Feature","properties":{"id_hdad":55,"hermandad":"La Mortaja","calle":"Calle Amor de Dios","osm":"Calle Amor de Dios"},"geometry":{"type":"Point","coordinates":[-5.9947526,37.3939161]}},{"type":"Feature","properties":{"id_hdad":55,"hermandad":"La Mortaja","calle":"Calle San Miguel","osm":"Calle San Miguel"},"geometry":{"type":"Point","coordinates":[-5.995328,37.3943919]}},{"type":"Feature","properties":{"id_hdad":55,"hermandad":"La Mortaja","calle":"Calle Trajano","osm":"Calle Trajano"},"geometry":{"type":"Point","coordinates":[-5.9952985,37.3939039]}},{"type":"Feature","properties":{"id_hdad":55,"hermandad":"La Mortaja","calle":"Plaza del Duque de la Victoria","osm":"Plaza del Duque de la Victoria"},"geometry":{"type":"Point","coordinates":[-5.9960464,37.3931151]}},{"type":"Feature","properties":{"id_hdad":55,"hermandad":"La Mortaja","calle":"La Campana","osm":"Calle Campana"},"geometry":{"type":"Point","coordinates":[-5.9953759,37.3927251]}},{"type":"Feature","properties":{"id_hdad":55,"hermandad":"La Mortaja","calle":"Calle Sierpes","osm":"Calle Sierpes"},"geometry":{"type":"Point","coordinates":[-5.9947885,37.3908748]}},{"type":"Feature","properties":{"id_hdad":55,"hermandad":"La Mortaja","calle":"Plaza de San Francisco","osm":"Plaza de San Francisco"},"geometry":{"type":"Point","coordinates":[-5.9939375,37.3886765]}},{"type":"Feature","properties":{"id_hdad":55,"hermandad":"La Mortaja","calle":"Avenida de la Constitución","osm":"Avenida de la Constitución"},"geometry":{"type":"Point","coordinates":[-5.9936639,37.3834745]}},{"type":"Feature","properties":{"id_hdad":55,"hermandad":"La Mortaja","calle":"Calle Cardenal Carlos Amigo","osm":"Calle Cardenal Carlos Amigo"},"geometry":{"type":"Point","coordinates":[-5.9924671,37.3864962]}},{"type":"Feature","properties":{"id_hdad":55,"hermandad":"La Mortaja","calle":"Calle Alemanes","osm":"Calle Alemanes"},"geometry":{"type":"Point","coordinates":[-5.9940816,37.3866707]}},{"type":"Feature","properties":{"id_hdad":55,"hermandad":"La Mortaja","calle":"Calle Álvarez Quintero","osm":"Calle Álvarez Quintero"},"geometry":{"type":"Point","coordinates":[-5.9932735,37.3895303]}},{"type":"Feature","properties":{"id_hdad":55,"hermandad":"La Mortaja","calle":"Calle Argote de Molina","osm":"Calle Argote de Molina"},"geometry":{"type":"Point","coordinates":[-5.9911938,37.3885932]}},{"type":"Feature","properties":{"id_hdad":55,"hermandad":"La Mortaja","calle":"Calle Placentines","osm":"Calle Placentines"},"geometry":{"type":"Point","coordinates":[-5.9924834,37.3870654]}},{"type":"Feature","properties":{"id_hdad":55,"hermandad":"La Mortaja","calle":"Calle Francos","osm":"Calle Francos"},"geometry":{"type":"Point","coordinates":[-5.9927104,37.388333]}},{"type":"Feature","properties":{"id_hdad":55,"hermandad":"La Mortaja","calle":"Cuesta del Rosario","osm":"Calle Cuesta del Rosario"},"geometry":{"type":"Point","coordinates":[-5.991085,37.3897911]}},{"type":"Feature","properties":{"id_hdad":55,"hermandad":"La Mortaja","calle":"Calle Jesús de las Tres Caídas","osm":"Calle Jesús de las Tres Caídas"},"geometry":{"type":"Point","coordinates":[-5.990668,37.3899828]}},{"type":"Feature","properties":{"id_hdad":55,"hermandad":"La Mortaja","calle":"Calle Odreros","osm":"Calle Odreros"},"geometry":{"type":"Point","coordinates":[-5.9903819,37.3904418]}},{"type":"Feature","properties":{"id_hdad":55,"hermandad":"La Mortaja","calle":"Calle Boteros","osm":"Calle Boteros"},"geometry":{"type":"Point","coordinates":[-5.99075,37.3908772]}},{"type":"Feature","properties":{"id_hdad":55,"hermandad":"La Mortaja","calle":"Calle Sales y Ferré","osm":"Calle Sales y Ferré"},"geometry":{"type":"Point","coordinates":[-5.9901652,37.391109]}},{"type":"Feature","properties":{"id_hdad":55,"hermandad":"La Mortaja","calle":"Plaza del Cristo de Burgos","osm":"Plaza del Cristo de Burgos"},"geometry":{"type":"Point","coordinates":[-5.9895944,37.3919974]}},{"type":"Feature","properties":{"id_hdad":55,"hermandad":"La Mortaja","calle":"Calle Doña María Coronel","osm":"Calle Doña María Coronel"},"geometry":{"type":"Point","coordinates":[-5.988238,37.3948513]}},{"type":"Feature","properties":{"id_hdad":55,"hermandad":"La Mortaja","calle":"Calle Bustos Tavera","osm":"Calle Bustos Tavera"},"geometry":{"type":"Point","coordinates":[-5.9881136,37.3941815]}},{"type":"Feature","properties":{"id_hdad":56,"nombre":"El Sol","dia":"sabado-santo"},"geometry":{"type":"LineString","coordinates":[[-5.9741237,37.3754745],[-5.9654765,37.3737708],[-5.9813265,37.3791377],[-5.9842341,37.3799597],[-5.9884405,37.3812823],[-5.9882289,37.38344],[-5.9870272,37.3856852],[-5.9873182,37.3863439],[-5.988888,37.3880126],[-5.98986,37.38929],[-5.9898886,37.3890253],[-5.99003,37.3895097],[-5.9901165,37.3898365],[-5.9899739,37.3900219],[-5.990668,37.3899828],[-5.991085,37.3897911],[-5.992781,37.389701],[-5.9931868,37.3900367],[-5.9937797,37.3901395],[-5.9947086,37.3899991],[-5.995176,37.3900449],[-5.9959,37.39062],[-5.9962268,37.3919486],[-5.9960464,37.3931151],[-5.9953759,37.3927251],[-5.9947885,37.3908748],[-5.9939375,37.3886765],[-5.9936639,37.3834745],[-5.99235,37.38436],[-5.9926032,37.383726],[-5.992595,37.3837342],[-5.99281,37.38237],[-5.9909424,37.38181],[-5.9884405,37.3812823],[-5.9842341,37.3799597],[-5.9813265,37.3791377],[-5.9741237,37.3754745]]}},{"type":"Feature","properties":{"id_hdad":56,"hermandad":"El Sol","calle":"Calle Virgen del Sol","osm":"Calle Virgen del Sol"},"geometry":{"type":"Point","coordinates":[-5.9741237,37.3754745]}},{"type":"Feature","properties":{"id_hdad":56,"hermandad":"El Sol","calle":"Avenida de Ramón y Cajal","osm":"Avenida Ramón y Cajal"},"geometry":{"type":"Point","coordinates":[-5.9654765,37.3737708]}},{"type":"Feature","properties":{"id_hdad":56,"hermandad":"El Sol","calle":"Calle Enramadilla","osm":"Calle Enramadilla"},"geometry":{"type":"Point","coordinates":[-5.9813265,37.3791377]}},{"type":"Feature","properties":{"id_hdad":56,"hermandad":"El Sol","calle":"Avenida de Carlos V","osm":"Avenida de Carlos V"},"geometry":{"type":"Point","coordinates":[-5.9842341,37.3799597]}},{"type":"Feature","properties":{"id_hdad":56,"hermandad":"El Sol","calle":"Plaza de Don Juan de Austria","osm":"Plaza Don Juan de Austria"},"geometry":{"type":"Point","coordinates":[-5.9884405,37.3812823]}},{"type":"Feature","properties":{"id_hdad":56,"hermandad":"El Sol","calle":"Calle Paseo de Catalina de Ribera","osm":"Paseo de Catalina de Ribera"},"geometry":{"type":"Point","coordinates":[-5.9882289,37.38344]}},{"type":"Feature","properties":{"id_hdad":56,"hermandad":"El Sol","calle":"Calle Cano y Cueto","osm":"Calle Cano y Cueto"},"geometry":{"type":"Point","coordinates":[-5.9870272,37.3856852]}},{"type":"Feature","properties":{"id_hdad":56,"hermandad":"El Sol","calle":"Calle Santa María la Blanca","osm":"Calle Santa María la Blanca"},"geometry":{"type":"Point","coordinates":[-5.9873182,37.3863439]}},{"type":"Feature","properties":{"id_hdad":56,"hermandad":"El Sol","calle":"Calle San José","osm":"Calle San José"},"geometry":{"type":"Point","coordinates":[-5.988888,37.3880126]}},{"type":"Feature","properties":{"id_hdad":56,"hermandad":"El Sol","calle":"Plaza Nuestro Padre Jesús de la Salud","osm":"Plaza Nuestro Padre Jesús de la Salud"},"geometry":{"type":"Point","coordinates":[-5.98986,37.38929]}},{"type":"Feature","properties":{"id_hdad":56,"hermandad":"El Sol","calle":"Calle Muñoz y Pabón","osm":"Calle Muñoz y Pabón"},"geometry":{"type":"Point","coordinates":[-5.9898886,37.3890253]}},{"type":"Feature","properties":{"id_hdad":56,"hermandad":"El Sol","calle":"Calle Cabeza del Rey Don Pedro","osm":"Calle Cabeza del Rey Don Pedro"},"geometry":{"type":"Point","coordinates":[-5.99003,37.3895097]}},{"type":"Feature","properties":{"id_hdad":56,"hermandad":"El Sol","calle":"Calle Candilejo","osm":"Calle Candilejo"},"geometry":{"type":"Point","coordinates":[-5.9901165,37.3898365]}},{"type":"Feature","properties":{"id_hdad":56,"hermandad":"El Sol","calle":"Calle Alfalfa","osm":"Calle Alfalfa"},"geometry":{"type":"Point","coordinates":[-5.9899739,37.3900219]}},{"type":"Feature","properties":{"id_hdad":56,"hermandad":"El Sol","calle":"Calle Jesús de las Tres Caídas","osm":"Calle Jesús de las Tres Caídas"},"geometry":{"type":"Point","coordinates":[-5.990668,37.3899828]}},{"type":"Feature","properties":{"id_hdad":56,"hermandad":"El Sol","calle":"Cuesta del Rosario","osm":"Calle Cuesta del Rosario"},"geometry":{"type":"Point","coordinates":[-5.991085,37.3897911]}},{"type":"Feature","properties":{"id_hdad":56,"hermandad":"El Sol","calle":"Calle Villegas","osm":"Calle Villegas"},"geometry":{"type":"Point","coordinates":[-5.992781,37.389701]}},{"type":"Feature","properties":{"id_hdad":56,"hermandad":"El Sol","calle":"Plaza del Salvador","osm":"Plaza del Salvador"},"geometry":{"type":"Point","coordinates":[-5.9931868,37.3900367]}},{"type":"Feature","properties":{"id_hdad":56,"hermandad":"El Sol","calle":"Calle Sagasta","osm":"Calle Sagasta"},"geometry":{"type":"Point","coordinates":[-5.9937797,37.3901395]}},{"type":"Feature","properties":{"id_hdad":56,"hermandad":"El Sol","calle":"Calle Jovellanos","osm":"Calle Jovellanos"},"geometry":{"type":"Point","coordinates":[-5.9947086,37.3899991]}},{"type":"Feature","properties":{"id_hdad":56,"hermandad":"El Sol","calle":"Calle Tetuán","osm":"Calle Tetuán"},"geometry":{"type":"Point","coordinates":[-5.995176,37.3900449]}},{"type":"Feature","properties":{"id_hdad":56,"hermandad":"El Sol","calle":"Calle Velázquez","osm":"Calle Velázquez"},"geometry":{"type":"Point","coordinates":[-5.9959,37.39062]}},{"type":"Feature","properties":{"id_hdad":56,"hermandad":"El Sol","calle":"Calle O'Donnell","osm":"Calle O'Donnell"},"geometry":{"type":"Point","coordinates":[-5.9962268,37.3919486]}},{"type":"Feature","properties":{"id_hdad":56,"hermandad":"El Sol","calle":"Plaza del Duque de la Victoria","osm":"Plaza del Duque de la Victoria"},"geometry":{"type":"Point","coordinates":[-5.9960464,37.3931151]}},{"type":"Feature","properties":{"id_hdad":56,"hermandad":"El Sol","calle":"La Campana","osm":"Calle Campana"},"geometry":{"type":"Point","coordinates":[-5.9953759,37.3927251]}},{"type":"Feature","properties":{"id_hdad":56,"hermandad":"El Sol","calle":"Calle Sierpes","osm":"Calle Sierpes"},"geometry":{"type":"Point","coordinates":[-5.9947885,37.3908748]}},{"type":"Feature","properties":{"id_hdad":56,"hermandad":"El Sol","calle":"Plaza de San Francisco","osm":"Plaza de San Francisco"},"geometry":{"type":"Point","coordinates":[-5.9939375,37.3886765]}},{"type":"Feature","properties":{"id_hdad":56,"hermandad":"El Sol","calle":"Avenida de la Constitución","osm":"Avenida de la Constitución"},"geometry":{"type":"Point","coordinates":[-5.9936639,37.3834745]}},{"type":"Feature","properties":{"id_hdad":56,"hermandad":"El Sol","calle":"Calle Miguel Mañara","osm":"Calle Miguel Mañara"},"geometry":{"type":"Point","coordinates":[-5.99235,37.38436]}},{"type":"Feature","properties":{"id_hdad":56,"hermandad":"El Sol","calle":"Plaza de La Contratación","osm":"Plaza de la Contratación"},"geometry":{"type":"Point","coordinates":[-5.9926032,37.383726]}},{"type":"Feature","properties":{"id_hdad":56,"hermandad":"El Sol","calle":"Calle San Gregorio","osm":"Plaza de San Gregorio"},"geometry":{"type":"Point","coordinates":[-5.992595,37.3837342]}},{"type":"Feature","properties":{"id_hdad":56,"hermandad":"El Sol","calle":"Plaza Puerta de Jerez","osm":"Plaza Puerta de Jerez"},"geometry":{"type":"Point","coordinates":[-5.99281,37.38237]}},{"type":"Feature","properties":{"id_hdad":56,"hermandad":"El Sol","calle":"Calle San Fernando","osm":"Calle San Fernando"},"geometry":{"type":"Point","coordinates":[-5.9909424,37.38181]}},{"type":"Feature","properties":{"id_hdad":56,"hermandad":"El Sol","calle":"Plaza de Don Juan de Austria","osm":"Plaza Don Juan de Austria"},"geometry":{"type":"Point","coordinates":[-5.9884405,37.3812823]}},{"type":"Feature","properties":{"id_hdad":56,"hermandad":"El Sol","calle":"Avenida de Carlos V","osm":"Avenida de Carlos V"},"geometry":{"type":"Point","coordinates":[-5.9842341,37.3799597]}},{"type":"Feature","properties":{"id_hdad":56,"hermandad":"El Sol","calle":"Calle Enramadilla","osm":"Calle Enramadilla"},"geometry":{"type":"Point","coordinates":[-5.9813265,37.3791377]}},{"type":"Feature","properties":{"id_hdad":56,"hermandad":"El Sol","calle":"Calle Virgen del Sol","osm":"Calle Virgen del Sol"},"geometry":{"type":"Point","coordinates":[-5.9741237,37.3754745]}},{"type":"Feature","properties":{"id_hdad":57,"nombre":"Los Servitas","dia":"sabado-santo"},"geometry":{"type":"LineString","coordinates":[[-5.987468,37.3961784],[-5.9878402,37.3961666],[-5.9881136,37.3941815],[-5.988238,37.3948513],[-5.9896128,37.394734],[-5.9903663,37.3942306],[-5.9908832,37.3936156],[-5.9914995,37.3927001],[-5.9929812,37.3928036],[-5.9937493,37.3932616],[-5.9945728,37.3937054],[-5.9952985,37.3939039],[-5.9960464,37.3931151],[-5.9953759,37.3927251],[-5.9947885,37.3908748],[-5.9939375,37.3886765],[-5.9936639,37.3834745],[-5.9924671,37.3864962],[-5.9940816,37.3866707],[-5.9932735,37.3895303],[-5.9911938,37.3885932],[-5.9924834,37.3870654],[-5.9927104,37.388333],[-5.991085,37.3897911],[-5.990668,37.3899828],[-5.9903819,37.3904418],[-5.99075,37.3908772],[-5.9901652,37.391109],[-5.9895944,37.3919974],[-5.988238,37.3948513],[-5.9881136,37.3941815],[-5.9878402,37.3961666],[-5.9875144,37.3965187],[-5.98762,37.39632],[-5.987468,37.3961784]]}},{"type":"Feature","properties":{"id_hdad":57,"hermandad":"Los Servitas","calle":"Calle Siete Dolores de Nuestra Señora","osm":"Calle Siete Dolores de Nuestra Señora"},"geometry":{"type":"Point","coordinates":[-5.987468,37.3961784]}},{"type":"Feature","properties":{"id_hdad":57,"hermandad":"Los Servitas","calle":"Plaza de San Marcos","osm":"Plaza de San Marcos"},"geometry":{"type":"Point","coordinates":[-5.9878402,37.3961666]}},{"type":"Feature","properties":{"id_hdad":57,"hermandad":"Los Servitas","calle":"Calle Bustos Tavera","osm":"Calle Bustos Tavera"},"geometry":{"type":"Point","coordinates":[-5.9881136,37.3941815]}},{"type":"Feature","properties":{"id_hdad":57,"hermandad":"Los Servitas","calle":"Calle Doña María Coronel","osm":"Calle Doña María Coronel"},"geometry":{"type":"Point","coordinates":[-5.988238,37.3948513]}},{"type":"Feature","properties":{"id_hdad":57,"hermandad":"Los Servitas","calle":"Calle Dueñas","osm":"Calle Dueñas"},"geometry":{"type":"Point","coordinates":[-5.9896128,37.394734]}},{"type":"Feature","properties":{"id_hdad":57,"hermandad":"Los Servitas","calle":"Calle Santa Ángela de la Cruz","osm":"Calle Santa Ángela de la Cruz"},"geometry":{"type":"Point","coordinates":[-5.9903663,37.3942306]}},{"type":"Feature","properties":{"id_hdad":57,"hermandad":"Los Servitas","calle":"Calle Alcázares","osm":"Calle Alcázares"},"geometry":{"type":"Point","coordinates":[-5.9908832,37.3936156]}},{"type":"Feature","properties":{"id_hdad":57,"hermandad":"Los Servitas","calle":"Plaza de la Encarnación","osm":"Plaza de la Encarnación"},"geometry":{"type":"Point","coordinates":[-5.9914995,37.3927001]}},{"type":"Feature","properties":{"id_hdad":57,"hermandad":"Los Servitas","calle":"Calle Laraña","osm":"Calle Laraña"},"geometry":{"type":"Point","coordinates":[-5.9929812,37.3928036]}},{"type":"Feature","properties":{"id_hdad":57,"hermandad":"Los Servitas","calle":"Calle Orfila","osm":"Calle Orfila"},"geometry":{"type":"Point","coordinates":[-5.9937493,37.3932616]}},{"type":"Feature","properties":{"id_hdad":57,"hermandad":"Los Servitas","calle":"Calle Javier Lasso de la Vega","osm":"Calle Javier Lasso de la Vega"},"geometry":{"type":"Point","coordinates":[-5.9945728,37.3937054]}},{"type":"Feature","properties":{"id_hdad":57,"hermandad":"Los Servitas","calle":"Calle Trajano","osm":"Calle Trajano"},"geometry":{"type":"Point","coordinates":[-5.9952985,37.3939039]}},{"type":"Feature","properties":{"id_hdad":57,"hermandad":"Los Servitas","calle":"Plaza del Duque de la Victoria","osm":"Plaza del Duque de la Victoria"},"geometry":{"type":"Point","coordinates":[-5.9960464,37.3931151]}},{"type":"Feature","properties":{"id_hdad":57,"hermandad":"Los Servitas","calle":"La Campana","osm":"Calle Campana"},"geometry":{"type":"Point","coordinates":[-5.9953759,37.3927251]}},{"type":"Feature","properties":{"id_hdad":57,"hermandad":"Los Servitas","calle":"Calle Sierpes","osm":"Calle Sierpes"},"geometry":{"type":"Point","coordinates":[-5.9947885,37.3908748]}},{"type":"Feature","properties":{"id_hdad":57,"hermandad":"Los Servitas","calle":"Plaza de San Francisco","osm":"Plaza de San Francisco"},"geometry":{"type":"Point","coordinates":[-5.9939375,37.3886765]}},{"type":"Feature","properties":{"id_hdad":57,"hermandad":"Los Servitas","calle":"Avenida de la Constitución","osm":"Avenida de la Constitución"},"geometry":{"type":"Point","coordinates":[-5.9936639,37.3834745]}},{"type":"Feature","properties":{"id_hdad":57,"hermandad":"Los Servitas","calle":"Calle Cardenal Carlos Amigo","osm":"Calle Cardenal Carlos Amigo"},"geometry":{"type":"Point","coordinates":[-5.9924671,37.3864962]}},{"type":"Feature","properties":{"id_hdad":57,"hermandad":"Los Servitas","calle":"Calle Alemanes","osm":"Calle Alemanes"},"geometry":{"type":"Point","coordinates":[-5.9940816,37.3866707]}},{"type":"Feature","properties":{"id_hdad":57,"hermandad":"Los Servitas","calle":"Calle Álvarez Quintero","osm":"Calle Álvarez Quintero"},"geometry":{"type":"Point","coordinates":[-5.9932735,37.3895303]}},{"type":"Feature","properties":{"id_hdad":57,"hermandad":"Los Servitas","calle":"Calle Argote de Molina","osm":"Calle Argote de Molina"},"geometry":{"type":"Point","coordinates":[-5.9911938,37.3885932]}},{"type":"Feature","properties":{"id_hdad":57,"hermandad":"Los Servitas","calle":"Calle Placentines","osm":"Calle Placentines"},"geometry":{"type":"Point","coordinates":[-5.9924834,37.3870654]}},{"type":"Feature","properties":{"id_hdad":57,"hermandad":"Los Servitas","calle":"Calle Francos","osm":"Calle Francos"},"geometry":{"type":"Point","coordinates":[-5.9927104,37.388333]}},{"type":"Feature","properties":{"id_hdad":57,"hermandad":"Los Servitas","calle":"Cuesta del Rosario","osm":"Calle Cuesta del Rosario"},"geometry":{"type":"Point","coordinates":[-5.991085,37.3897911]}},{"type":"Feature","properties":{"id_hdad":57,"hermandad":"Los Servitas","calle":"Calle Jesús de las Tres Caídas","osm":"Calle Jesús de las Tres Caídas"},"geometry":{"type":"Point","coordinates":[-5.990668,37.3899828]}},{"type":"Feature","properties":{"id_hdad":57,"hermandad":"Los Servitas","calle":"Calle Odreros","osm":"Calle Odreros"},"geometry":{"type":"Point","coordinates":[-5.9903819,37.3904418]}},{"type":"Feature","properties":{"id_hdad":57,"hermandad":"Los Servitas","calle":"Calle Boteros","osm":"Calle Boteros"},"geometry":{"type":"Point","coordinates":[-5.99075,37.3908772]}},{"type":"Feature","properties":{"id_hdad":57,"hermandad":"Los Servitas","calle":"Calle Sales y Ferré","osm":"Calle Sales y Ferré"},"geometry":{"type":"Point","coordinates":[-5.9901652,37.391109]}},{"type":"Feature","properties":{"id_hdad":57,"hermandad":"Los Servitas","calle":"Plaza del Cristo de Burgos","osm":"Plaza del Cristo de Burgos"},"geometry":{"type":"Point","coordinates":[-5.9895944,37.3919974]}},{"type":"Feature","properties":{"id_hdad":57,"hermandad":"Los Servitas","calle":"Calle Doña María Coronel","osm":"Calle Doña María Coronel"},"geometry":{"type":"Point","coordinates":[-5.988238,37.3948513]}},{"type":"Feature","properties":{"id_hdad":57,"hermandad":"Los Servitas","calle":"Calle Bustos Tavera","osm":"Calle Bustos Tavera"},"geometry":{"type":"Point","coordinates":[-5.9881136,37.3941815]}},{"type":"Feature","properties":{"id_hdad":57,"hermandad":"Los Servitas","calle":"Plaza de San Marcos","osm":"Plaza de San Marcos"},"geometry":{"type":"Point","coordinates":[-5.9878402,37.3961666]}},{"type":"Feature","properties":{"id_hdad":57,"hermandad":"Los Servitas","calle":"Calle Vergara","osm":"Calle Vergara"},"geometry":{"type":"Point","coordinates":[-5.9875144,37.3965187]}},{"type":"Feature","properties":{"id_hdad":57,"hermandad":"Los Servitas","calle":"Plaza de Santa Isabel","osm":"Plaza de Santa Isabel"},"geometry":{"type":"Point","coordinates":[-5.98762,37.39632]}},{"type":"Feature","properties":{"id_hdad":57,"hermandad":"Los Servitas","calle":"Calle Siete Dolores de Nuestra Señora","osm":"Calle Siete Dolores de Nuestra Señora"},"geometry":{"type":"Point","coordinates":[-5.987468,37.3961784]}},{"type":"Feature","properties":{"id_hdad":58,"nombre":"La Trinidad","dia":"sabado-santo"},"geometry":{"type":"LineString","coordinates":[[-5.9837122,37.3938292],[-5.9836419,37.3946234],[-5.9841545,37.3942804],[-5.9855565,37.3931279],[-5.9874545,37.393084],[-5.9882675,37.3929088],[-5.9890313,37.3927037],[-5.9896917,37.3925047],[-5.9908796,37.3926098],[-5.9914995,37.3927001],[-5.9929812,37.3928036],[-5.9937493,37.3932616],[-5.9945728,37.3937054],[-5.9952985,37.3939039],[-5.9960464,37.3931151],[-5.9953759,37.3927251],[-5.9947885,37.3908748],[-5.9939375,37.3886765],[-5.9936639,37.3834745],[-5.9924671,37.3864962],[-5.9940816,37.3866707],[-5.9932735,37.3895303],[-5.9911938,37.3885932],[-5.9924834,37.3870654],[-5.9927104,37.388333],[-5.991085,37.3897911],[-5.990668,37.3899828],[-5.9903819,37.3904418],[-5.99075,37.3908772],[-5.988716,37.3905804],[-5.9884604,37.3908097],[-5.9884981,37.3912397],[-5.9880501,37.3920877],[-5.9882675,37.3929088],[-5.9874545,37.393084],[-5.9855565,37.3931279],[-5.9841545,37.3942804],[-5.9847039,37.3945287],[-5.9844901,37.3951817],[-5.9856437,37.3951595],[-5.9820199,37.3969081],[-5.9837122,37.3938292]]}},{"type":"Feature","properties":{"id_hdad":58,"hermandad":"La Trinidad","calle":"Calle María Auxiliadora","osm":"Calle María Auxiliadora"},"geometry":{"type":"Point","coordinates":[-5.9837122,37.3938292]}},{"type":"Feature","properties":{"id_hdad":58,"hermandad":"La Trinidad","calle":"Calle Mateos","osm":"Calle Mateos"},"geometry":{"type":"Point","coordinates":[-5.9836419,37.3946234]}},{"type":"Feature","properties":{"id_hdad":58,"hermandad":"La Trinidad","calle":"Calle Valle","osm":"Calle Valle"},"geometry":{"type":"Point","coordinates":[-5.9841545,37.3942804]}},{"type":"Feature","properties":{"id_hdad":58,"hermandad":"La Trinidad","calle":"Calle Jáuregui","osm":"Calle Jáuregui"},"geometry":{"type":"Point","coordinates":[-5.9855565,37.3931279]}},{"type":"Feature","properties":{"id_hdad":58,"hermandad":"La Trinidad","calle":"Plaza de Ponce de León","osm":"Plaza Ponce de León"},"geometry":{"type":"Point","coordinates":[-5.9874545,37.393084]}},{"type":"Feature","properties":{"id_hdad":58,"hermandad":"La Trinidad","calle":"Calle Juan de Mesa","osm":"Calle Juan de Mesa"},"geometry":{"type":"Point","coordinates":[-5.9882675,37.3929088]}},{"type":"Feature","properties":{"id_hdad":58,"hermandad":"La Trinidad","calle":"Calle Almirante Apodaca","osm":"Calle Almirante Apodaca"},"geometry":{"type":"Point","coordinates":[-5.9890313,37.3927037]}},{"type":"Feature","properties":{"id_hdad":58,"hermandad":"La Trinidad","calle":"Plaza de San Pedro","osm":"Plaza de San Pedro"},"geometry":{"type":"Point","coordinates":[-5.9896917,37.3925047]}},{"type":"Feature","properties":{"id_hdad":58,"hermandad":"La Trinidad","calle":"Calle Imagen","osm":"Calle Imagen"},"geometry":{"type":"Point","coordinates":[-5.9908796,37.3926098]}},{"type":"Feature","properties":{"id_hdad":58,"hermandad":"La Trinidad","calle":"Plaza de la Encarnación","osm":"Plaza de la Encarnación"},"geometry":{"type":"Point","coordinates":[-5.9914995,37.3927001]}},{"type":"Feature","properties":{"id_hdad":58,"hermandad":"La Trinidad","calle":"Calle Laraña","osm":"Calle Laraña"},"geometry":{"type":"Point","coordinates":[-5.9929812,37.3928036]}},{"type":"Feature","properties":{"id_hdad":58,"hermandad":"La Trinidad","calle":"Calle Orfila","osm":"Calle Orfila"},"geometry":{"type":"Point","coordinates":[-5.9937493,37.3932616]}},{"type":"Feature","properties":{"id_hdad":58,"hermandad":"La Trinidad","calle":"Calle Javier Lasso de la Vega","osm":"Calle Javier Lasso de la Vega"},"geometry":{"type":"Point","coordinates":[-5.9945728,37.3937054]}},{"type":"Feature","properties":{"id_hdad":58,"hermandad":"La Trinidad","calle":"Calle Trajano","osm":"Calle Trajano"},"geometry":{"type":"Point","coordinates":[-5.9952985,37.3939039]}},{"type":"Feature","properties":{"id_hdad":58,"hermandad":"La Trinidad","calle":"Plaza del Duque de la Victoria","osm":"Plaza del Duque de la Victoria"},"geometry":{"type":"Point","coordinates":[-5.9960464,37.3931151]}},{"type":"Feature","properties":{"id_hdad":58,"hermandad":"La Trinidad","calle":"La Campana","osm":"Calle Campana"},"geometry":{"type":"Point","coordinates":[-5.9953759,37.3927251]}},{"type":"Feature","properties":{"id_hdad":58,"hermandad":"La Trinidad","calle":"Calle Sierpes","osm":"Calle Sierpes"},"geometry":{"type":"Point","coordinates":[-5.9947885,37.3908748]}},{"type":"Feature","properties":{"id_hdad":58,"hermandad":"La Trinidad","calle":"Plaza de San Francisco","osm":"Plaza de San Francisco"},"geometry":{"type":"Point","coordinates":[-5.9939375,37.3886765]}},{"type":"Feature","properties":{"id_hdad":58,"hermandad":"La Trinidad","calle":"Avenida de la Constitución","osm":"Avenida de la Constitución"},"geometry":{"type":"Point","coordinates":[-5.9936639,37.3834745]}},{"type":"Feature","properties":{"id_hdad":58,"hermandad":"La Trinidad","calle":"Calle Cardenal Carlos Amigo","osm":"Calle Cardenal Carlos Amigo"},"geometry":{"type":"Point","coordinates":[-5.9924671,37.3864962]}},{"type":"Feature","properties":{"id_hdad":58,"hermandad":"La Trinidad","calle":"Calle Alemanes","osm":"Calle Alemanes"},"geometry":{"type":"Point","coordinates":[-5.9940816,37.3866707]}},{"type":"Feature","properties":{"id_hdad":58,"hermandad":"La Trinidad","calle":"Calle Álvarez Quintero","osm":"Calle Álvarez Quintero"},"geometry":{"type":"Point","coordinates":[-5.9932735,37.3895303]}},{"type":"Feature","properties":{"id_hdad":58,"hermandad":"La Trinidad","calle":"Calle Argote de Molina","osm":"Calle Argote de Molina"},"geometry":{"type":"Point","coordinates":[-5.9911938,37.3885932]}},{"type":"Feature","properties":{"id_hdad":58,"hermandad":"La Trinidad","calle":"Calle Placentines","osm":"Calle Placentines"},"geometry":{"type":"Point","coordinates":[-5.9924834,37.3870654]}},{"type":"Feature","properties":{"id_hdad":58,"hermandad":"La Trinidad","calle":"Calle Francos","osm":"Calle Francos"},"geometry":{"type":"Point","coordinates":[-5.9927104,37.388333]}},{"type":"Feature","properties":{"id_hdad":58,"hermandad":"La Trinidad","calle":"Cuesta del Rosario","osm":"Calle Cuesta del Rosario"},"geometry":{"type":"Point","coordinates":[-5.991085,37.3897911]}},{"type":"Feature","properties":{"id_hdad":58,"hermandad":"La Trinidad","calle":"Calle Jesús de las Tres Caídas","osm":"Calle Jesús de las Tres Caídas"},"geometry":{"type":"Point","coordinates":[-5.990668,37.3899828]}},{"type":"Feature","properties":{"id_hdad":58,"hermandad":"La Trinidad","calle":"Calle Odreros","osm":"Calle Odreros"},"geometry":{"type":"Point","coordinates":[-5.9903819,37.3904418]}},{"type":"Feature","properties":{"id_hdad":58,"hermandad":"La Trinidad","calle":"Calle Boteros","osm":"Calle Boteros"},"geometry":{"type":"Point","coordinates":[-5.99075,37.3908772]}},{"type":"Feature","properties":{"id_hdad":58,"hermandad":"La Trinidad","calle":"Plaza de San Ildefonso","osm":"Plaza de San Ildefonso"},"geometry":{"type":"Point","coordinates":[-5.988716,37.3905804]}},{"type":"Feature","properties":{"id_hdad":58,"hermandad":"La Trinidad","calle":"Calle Zamudio","osm":"Calle Zamudio"},"geometry":{"type":"Point","coordinates":[-5.9884604,37.3908097]}},{"type":"Feature","properties":{"id_hdad":58,"hermandad":"La Trinidad","calle":"Plaza de San Leandro","osm":"Plaza de San Leandro"},"geometry":{"type":"Point","coordinates":[-5.9884981,37.3912397]}},{"type":"Feature","properties":{"id_hdad":58,"hermandad":"La Trinidad","calle":"Calle Francisco Carrión Mejías","osm":"Calle Francisco Carrión Mejías"},"geometry":{"type":"Point","coordinates":[-5.9880501,37.3920877]}},{"type":"Feature","properties":{"id_hdad":58,"hermandad":"La Trinidad","calle":"Calle Juan de Mesa","osm":"Calle Juan de Mesa"},"geometry":{"type":"Point","coordinates":[-5.9882675,37.3929088]}},{"type":"Feature","properties":{"id_hdad":58,"hermandad":"La Trinidad","calle":"Plaza de Ponce de León","osm":"Plaza Ponce de León"},"geometry":{"type":"Point","coordinates":[-5.9874545,37.393084]}},{"type":"Feature","properties":{"id_hdad":58,"hermandad":"La Trinidad","calle":"Calle Jáuregui","osm":"Calle Jáuregui"},"geometry":{"type":"Point","coordinates":[-5.9855565,37.3931279]}},{"type":"Feature","properties":{"id_hdad":58,"hermandad":"La Trinidad","calle":"Calle Valle","osm":"Calle Valle"},"geometry":{"type":"Point","coordinates":[-5.9841545,37.3942804]}},{"type":"Feature","properties":{"id_hdad":58,"hermandad":"La Trinidad","calle":"Calle Verónica","osm":"Calle Verónica"},"geometry":{"type":"Point","coordinates":[-5.9847039,37.3945287]}},{"type":"Feature","properties":{"id_hdad":58,"hermandad":"La Trinidad","calle":"Calle Cristo de las Cinco Llagas","osm":"Calle Cristo de las Cinco Llagas"},"geometry":{"type":"Point","coordinates":[-5.9844901,37.3951817]}},{"type":"Feature","properties":{"id_hdad":58,"hermandad":"La Trinidad","calle":"Calle Sol","osm":"Calle Sol"},"geometry":{"type":"Point","coordinates":[-5.9856437,37.3951595]}},{"type":"Feature","properties":{"id_hdad":58,"hermandad":"La Trinidad","calle":"Calle Madre Isabel de la Trinidad","osm":"Calle Madre Isabel de la Trinidad"},"geometry":{"type":"Point","coordinates":[-5.9820199,37.3969081]}},{"type":"Feature","properties":{"id_hdad":58,"hermandad":"La Trinidad","calle":"Calle María Auxiliadora","osm":"Calle María Auxiliadora"},"geometry":{"type":"Point","coordinates":[-5.9837122,37.3938292]}},{"type":"Feature","properties":{"id_hdad":59,"nombre":"Santo Entierro","dia":"sabado-santo"},"geometry":{"type":"LineString","coordinates":[[-5.9965356,37.3927513],[-5.9960464,37.3931151],[-5.9953759,37.3927251],[-5.9947885,37.3908748],[-5.9939375,37.3886765],[-5.9936639,37.3834745],[-5.9924671,37.3864962],[-5.9940816,37.3866707],[-5.9936149,37.38779],[-5.9939375,37.3886765],[-5.9960103,37.3889602],[-5.995176,37.3900449],[-5.9959,37.39062],[-5.9962268,37.3919486],[-5.9953759,37.3927251],[-5.9965356,37.3927513]]}},{"type":"Feature","properties":{"id_hdad":59,"hermandad":"Santo Entierro","calle":"Calle Alfonso XII","osm":"Calle Alfonso XII"},"geometry":{"type":"Point","coordinates":[-5.9965356,37.3927513]}},{"type":"Feature","properties":{"id_hdad":59,"hermandad":"Santo Entierro","calle":"Plaza del Duque de la Victoria","osm":"Plaza del Duque de la Victoria"},"geometry":{"type":"Point","coordinates":[-5.9960464,37.3931151]}},{"type":"Feature","properties":{"id_hdad":59,"hermandad":"Santo Entierro","calle":"La Campana","osm":"Calle Campana"},"geometry":{"type":"Point","coordinates":[-5.9953759,37.3927251]}},{"type":"Feature","properties":{"id_hdad":59,"hermandad":"Santo Entierro","calle":"Calle Sierpes","osm":"Calle Sierpes"},"geometry":{"type":"Point","coordinates":[-5.9947885,37.3908748]}},{"type":"Feature","properties":{"id_hdad":59,"hermandad":"Santo Entierro","calle":"Plaza de San Francisco","osm":"Plaza de San Francisco"},"geometry":{"type":"Point","coordinates":[-5.9939375,37.3886765]}},{"type":"Feature","properties":{"id_hdad":59,"hermandad":"Santo Entierro","calle":"Avenida de la Constitución","osm":"Avenida de la Constitución"},"geometry":{"type":"Point","coordinates":[-5.9936639,37.3834745]}},{"type":"Feature","properties":{"id_hdad":59,"hermandad":"Santo Entierro","calle":"Calle Cardenal Carlos Amigo","osm":"Calle Cardenal Carlos Amigo"},"geometry":{"type":"Point","coordinates":[-5.9924671,37.3864962]}},{"type":"Feature","properties":{"id_hdad":59,"hermandad":"Santo Entierro","calle":"Calle Alemanes","osm":"Calle Alemanes"},"geometry":{"type":"Point","coordinates":[-5.9940816,37.3866707]}},{"type":"Feature","properties":{"id_hdad":59,"hermandad":"Santo Entierro","calle":"Calle Hernando Colón","osm":"Calle Hernando Colón"},"geometry":{"type":"Point","coordinates":[-5.9936149,37.38779]}},{"type":"Feature","properties":{"id_hdad":59,"hermandad":"Santo Entierro","calle":"Plaza de San Francisco","osm":"Plaza de San Francisco"},"geometry":{"type":"Point","coordinates":[-5.9939375,37.3886765]}},{"type":"Feature","properties":{"id_hdad":59,"hermandad":"Santo Entierro","calle":"Plaza Nueva","osm":"Plaza Nueva"},"geometry":{"type":"Point","coordinates":[-5.9960103,37.3889602]}},{"type":"Feature","properties":{"id_hdad":59,"hermandad":"Santo Entierro","calle":"Calle Tetuán","osm":"Calle Tetuán"},"geometry":{"type":"Point","coordinates":[-5.995176,37.3900449]}},{"type":"Feature","properties":{"id_hdad":59,"hermandad":"Santo Entierro","calle":"Calle Velázquez","osm":"Calle Velázquez"},"geometry":{"type":"Point","coordinates":[-5.9959,37.39062]}},{"type":"Feature","properties":{"id_hdad":59,"hermandad":"Santo Entierro","calle":"Calle O'Donnell","osm":"Calle O'Donnell"},"geometry":{"type":"Point","coordinates":[-5.9962268,37.3919486]}},{"type":"Feature","properties":{"id_hdad":59,"hermandad":"Santo Entierro","calle":"La Campana","osm":"Calle Campana"},"geometry":{"type":"Point","coordinates":[-5.9953759,37.3927251]}},{"type":"Feature","properties":{"id_hdad":59,"hermandad":"Santo Entierro","calle":"Calle Alfonso XII","osm":"Calle Alfonso XII"},"geometry":{"type":"Point","coordinates":[-5.9965356,37.3927513]}},{"type":"Feature","properties":{"id_hdad":60,"nombre":"Soledad de San Lorenzo","dia":"sabado-santo"},"geometry":{"type":"LineString","coordinates":[[-5.9966561,37.3970955],[-5.99572,37.3977],[-5.9947324,37.3986896],[-5.995328,37.3943919],[-5.9952985,37.3939039],[-5.9960464,37.3931151],[-5.9953759,37.3927251],[-5.9947885,37.3908748],[-5.9939375,37.3886765],[-5.9936639,37.3834745],[-5.9924671,37.3864962],[-5.9940816,37.3866707],[-5.9932735,37.3895303],[-5.9911938,37.3885932],[-5.9924834,37.3870654],[-5.9927104,37.388333],[-5.9929995,37.3886113],[-5.9932735,37.3895303],[-5.9931868,37.3900367],[-5.9934667,37.3916005],[-5.9937493,37.3932616],[-5.9945728,37.3937054],[-5.9956419,37.3939039],[-5.9947324,37.3986896],[-5.9963843,37.3942981],[-5.9967933,37.3945045],[-5.9966468,37.3948202],[-5.9969224,37.3965357],[-5.9966561,37.3970955]]}},{"type":"Feature","properties":{"id_hdad":60,"hermandad":"Soledad de San Lorenzo","calle":"Plaza de San Lorenzo","osm":"Plaza de San Lorenzo"},"geometry":{"type":"Point","coordinates":[-5.9966561,37.3970955]}},{"type":"Feature","properties":{"id_hdad":60,"hermandad":"Soledad de San Lorenzo","calle":"Calle Conde de Barajas","osm":"Calle Conde de Barajas"},"geometry":{"type":"Point","coordinates":[-5.99572,37.3977]}},{"type":"Feature","properties":{"id_hdad":60,"hermandad":"Soledad de San Lorenzo","calle":"Plaza de Jesús del Gran Poder","osm":"Calle Jesús del Gran Poder"},"geometry":{"type":"Point","coordinates":[-5.9947324,37.3986896]}},{"type":"Feature","properties":{"id_hdad":60,"hermandad":"Soledad de San Lorenzo","calle":"Calle San Miguel","osm":"Calle San Miguel"},"geometry":{"type":"Point","coordinates":[-5.995328,37.3943919]}},{"type":"Feature","properties":{"id_hdad":60,"hermandad":"Soledad de San Lorenzo","calle":"Calle Trajano","osm":"Calle Trajano"},"geometry":{"type":"Point","coordinates":[-5.9952985,37.3939039]}},{"type":"Feature","properties":{"id_hdad":60,"hermandad":"Soledad de San Lorenzo","calle":"Plaza del Duque de la Victoria","osm":"Plaza del Duque de la Victoria"},"geometry":{"type":"Point","coordinates":[-5.9960464,37.3931151]}},{"type":"Feature","properties":{"id_hdad":60,"hermandad":"Soledad de San Lorenzo","calle":"La Campana","osm":"Calle Campana"},"geometry":{"type":"Point","coordinates":[-5.9953759,37.3927251]}},{"type":"Feature","properties":{"id_hdad":60,"hermandad":"Soledad de San Lorenzo","calle":"Calle Sierpes","osm":"Calle Sierpes"},"geometry":{"type":"Point","coordinates":[-5.9947885,37.3908748]}},{"type":"Feature","properties":{"id_hdad":60,"hermandad":"Soledad de San Lorenzo","calle":"Plaza de San Francisco","osm":"Plaza de San Francisco"},"geometry":{"type":"Point","coordinates":[-5.9939375,37.3886765]}},{"type":"Feature","properties":{"id_hdad":60,"hermandad":"Soledad de San Lorenzo","calle":"Avenida de la Constitución","osm":"Avenida de la Constitución"},"geometry":{"type":"Point","coordinates":[-5.9936639,37.3834745]}},{"type":"Feature","properties":{"id_hdad":60,"hermandad":"Soledad de San Lorenzo","calle":"Calle Cardenal Carlos Amigo","osm":"Calle Cardenal Carlos Amigo"},"geometry":{"type":"Point","coordinates":[-5.9924671,37.3864962]}},{"type":"Feature","properties":{"id_hdad":60,"hermandad":"Soledad de San Lorenzo","calle":"Calle Alemanes","osm":"Calle Alemanes"},"geometry":{"type":"Point","coordinates":[-5.9940816,37.3866707]}},{"type":"Feature","properties":{"id_hdad":60,"hermandad":"Soledad de San Lorenzo","calle":"Calle Álvarez Quintero","osm":"Calle Álvarez Quintero"},"geometry":{"type":"Point","coordinates":[-5.9932735,37.3895303]}},{"type":"Feature","properties":{"id_hdad":60,"hermandad":"Soledad de San Lorenzo","calle":"Calle Argote de Molina","osm":"Calle Argote de Molina"},"geometry":{"type":"Point","coordinates":[-5.9911938,37.3885932]}},{"type":"Feature","properties":{"id_hdad":60,"hermandad":"Soledad de San Lorenzo","calle":"Calle Placentines","osm":"Calle Placentines"},"geometry":{"type":"Point","coordinates":[-5.9924834,37.3870654]}},{"type":"Feature","properties":{"id_hdad":60,"hermandad":"Soledad de San Lorenzo","calle":"Calle Francos","osm":"Calle Francos"},"geometry":{"type":"Point","coordinates":[-5.9927104,37.388333]}},{"type":"Feature","properties":{"id_hdad":60,"hermandad":"Soledad de San Lorenzo","calle":"Calle Chapineros","osm":"Calle Chapineros"},"geometry":{"type":"Point","coordinates":[-5.9929995,37.3886113]}},{"type":"Feature","properties":{"id_hdad":60,"hermandad":"Soledad de San Lorenzo","calle":"Calle Álvarez Quintero","osm":"Calle Álvarez Quintero"},"geometry":{"type":"Point","coordinates":[-5.9932735,37.3895303]}},{"type":"Feature","properties":{"id_hdad":60,"hermandad":"Soledad de San Lorenzo","calle":"Plaza del Salvador","osm":"Plaza del Salvador"},"geometry":{"type":"Point","coordinates":[-5.9931868,37.3900367]}},{"type":"Feature","properties":{"id_hdad":60,"hermandad":"Soledad de San Lorenzo","calle":"Calle Cuna","osm":"Calle Cuna"},"geometry":{"type":"Point","coordinates":[-5.9934667,37.3916005]}},{"type":"Feature","properties":{"id_hdad":60,"hermandad":"Soledad de San Lorenzo","calle":"Calle Orfila","osm":"Calle Orfila"},"geometry":{"type":"Point","coordinates":[-5.9937493,37.3932616]}},{"type":"Feature","properties":{"id_hdad":60,"hermandad":"Soledad de San Lorenzo","calle":"Calle Javier Lasso de la Vega","osm":"Calle Javier Lasso de la Vega"},"geometry":{"type":"Point","coordinates":[-5.9945728,37.3937054]}},{"type":"Feature","properties":{"id_hdad":60,"hermandad":"Soledad de San Lorenzo","calle":"Calle Aponte","osm":"Calle Aponte"},"geometry":{"type":"Point","coordinates":[-5.9956419,37.3939039]}},{"type":"Feature","properties":{"id_hdad":60,"hermandad":"Soledad de San Lorenzo","calle":"Plaza de Jesús del Gran Poder","osm":"Calle Jesús del Gran Poder"},"geometry":{"type":"Point","coordinates":[-5.9947324,37.3986896]}},{"type":"Feature","properties":{"id_hdad":60,"hermandad":"Soledad de San Lorenzo","calle":"Calle Las Cortes","osm":"Calle Las Cortes"},"geometry":{"type":"Point","coordinates":[-5.9963843,37.3942981]}},{"type":"Feature","properties":{"id_hdad":60,"hermandad":"Soledad de San Lorenzo","calle":"Plaza de La Concordia","osm":"Plaza de la Concordia"},"geometry":{"type":"Point","coordinates":[-5.9967933,37.3945045]}},{"type":"Feature","properties":{"id_hdad":60,"hermandad":"Soledad de San Lorenzo","calle":"Plaza de la Gavidia","osm":"Plaza de la Gavidia"},"geometry":{"type":"Point","coordinates":[-5.9966468,37.3948202]}},{"type":"Feature","properties":{"id_hdad":60,"hermandad":"Soledad de San Lorenzo","calle":"Calle Cardenal Spínola","osm":"Calle Cardenal Spinola"},"geometry":{"type":"Point","coordinates":[-5.9969224,37.3965357]}},{"type":"Feature","properties":{"id_hdad":60,"hermandad":"Soledad de San Lorenzo","calle":"Plaza de San Lorenzo","osm":"Plaza de San Lorenzo"},"geometry":{"type":"Point","coordinates":[-5.9966561,37.3970955]}},{"type":"Feature","properties":{"id_hdad":61,"nombre":"La Resurrección","dia":"domingo-resurreccion"},"geometry":{"type":"LineString","coordinates":[[-5.989152,37.4024802],[-5.9889054,37.3994206],[-5.9894571,37.3992853],[-5.98959,37.39882],[-5.9894155,37.3979654],[-5.989342,37.3970722],[-5.9902323,37.3967203],[-5.99108,37.39682],[-5.9913199,37.3956879],[-5.9931091,37.3970862],[-5.9947526,37.3939161],[-5.9933401,37.4003754],[-5.9952985,37.3939039],[-5.9960464,37.3931151],[-5.9953759,37.3927251],[-5.9947885,37.3908748],[-5.9939375,37.3886765],[-5.9936639,37.3834745],[-5.9924671,37.3864962],[-5.9940816,37.3866707],[-5.9932735,37.3895303],[-5.9911938,37.3885932],[-5.9924834,37.3870654],[-5.9927104,37.388333],[-5.991085,37.3897911],[-5.990668,37.3899828],[-5.9903819,37.3904418],[-5.99075,37.3908772],[-5.9901652,37.391109],[-5.9895944,37.3919974],[-5.988238,37.3948513],[-5.9881136,37.3941815],[-5.9878402,37.3961666],[-5.989152,37.4024802]]}},{"type":"Feature","properties":{"id_hdad":61,"hermandad":"La Resurrección","calle":"Calle San Luis","osm":"Calle San Luis"},"geometry":{"type":"Point","coordinates":[-5.989152,37.4024802]}},{"type":"Feature","properties":{"id_hdad":61,"hermandad":"La Resurrección","calle":"Calle Arrayán","osm":"Calle Arrayán"},"geometry":{"type":"Point","coordinates":[-5.9889054,37.3994206]}},{"type":"Feature","properties":{"id_hdad":61,"hermandad":"La Resurrección","calle":"Calle Virgen del Carmen Dolorosa","osm":"Calle Virgen del Carmen Dolorosa"},"geometry":{"type":"Point","coordinates":[-5.9894571,37.3992853]}},{"type":"Feature","properties":{"id_hdad":61,"hermandad":"La Resurrección","calle":"Plaza del Cronista","osm":"Plaza del Cronista"},"geometry":{"type":"Point","coordinates":[-5.98959,37.39882]}},{"type":"Feature","properties":{"id_hdad":61,"hermandad":"La Resurrección","calle":"Calle San Blas","osm":"Calle San Blas"},"geometry":{"type":"Point","coordinates":[-5.9894155,37.3979654]}},{"type":"Feature","properties":{"id_hdad":61,"hermandad":"La Resurrección","calle":"Calle Infantes","osm":"Calle Infantes"},"geometry":{"type":"Point","coordinates":[-5.989342,37.3970722]}},{"type":"Feature","properties":{"id_hdad":61,"hermandad":"La Resurrección","calle":"Calle Almirante Espinosa","osm":"Calle Almirante Espinosa"},"geometry":{"type":"Point","coordinates":[-5.9902323,37.3967203]}},{"type":"Feature","properties":{"id_hdad":61,"hermandad":"La Resurrección","calle":"Plaza de Monte Sión","osm":"Plaza de Monte Sión"},"geometry":{"type":"Point","coordinates":[-5.99108,37.39682]}},{"type":"Feature","properties":{"id_hdad":61,"hermandad":"La Resurrección","calle":"Calle Feria","osm":"Calle Feria"},"geometry":{"type":"Point","coordinates":[-5.9913199,37.3956879]}},{"type":"Feature","properties":{"id_hdad":61,"hermandad":"La Resurrección","calle":"Calle Conde de Torrejón","osm":"Calle Conde de Torrejón"},"geometry":{"type":"Point","coordinates":[-5.9931091,37.3970862]}},{"type":"Feature","properties":{"id_hdad":61,"hermandad":"La Resurrección","calle":"Calle Amor de Dios","osm":"Calle Amor de Dios"},"geometry":{"type":"Point","coordinates":[-5.9947526,37.3939161]}},{"type":"Feature","properties":{"id_hdad":61,"hermandad":"La Resurrección","calle":"Alameda de Hércules","osm":"Alameda de Hércules"},"geometry":{"type":"Point","coordinates":[-5.9933401,37.4003754]}},{"type":"Feature","properties":{"id_hdad":61,"hermandad":"La Resurrección","calle":"Calle Trajano","osm":"Calle Trajano"},"geometry":{"type":"Point","coordinates":[-5.9952985,37.3939039]}},{"type":"Feature","properties":{"id_hdad":61,"hermandad":"La Resurrección","calle":"Plaza del Duque de la Victoria","osm":"Plaza del Duque de la Victoria"},"geometry":{"type":"Point","coordinates":[-5.9960464,37.3931151]}},{"type":"Feature","properties":{"id_hdad":61,"hermandad":"La Resurrección","calle":"La Campana","osm":"Calle Campana"},"geometry":{"type":"Point","coordinates":[-5.9953759,37.3927251]}},{"type":"Feature","properties":{"id_hdad":61,"hermandad":"La Resurrección","calle":"Calle Sierpes","osm":"Calle Sierpes"},"geometry":{"type":"Point","coordinates":[-5.9947885,37.3908748]}},{"type":"Feature","properties":{"id_hdad":61,"hermandad":"La Resurrección","calle":"Plaza de San Francisco","osm":"Plaza de San Francisco"},"geometry":{"type":"Point","coordinates":[-5.9939375,37.3886765]}},{"type":"Feature","properties":{"id_hdad":61,"hermandad":"La Resurrección","calle":"Avenida de la Constitución","osm":"Avenida de la Constitución"},"geometry":{"type":"Point","coordinates":[-5.9936639,37.3834745]}},{"type":"Feature","properties":{"id_hdad":61,"hermandad":"La Resurrección","calle":"Calle Cardenal Carlos Amigo","osm":"Calle Cardenal Carlos Amigo"},"geometry":{"type":"Point","coordinates":[-5.9924671,37.3864962]}},{"type":"Feature","properties":{"id_hdad":61,"hermandad":"La Resurrección","calle":"Calle Alemanes","osm":"Calle Alemanes"},"geometry":{"type":"Point","coordinates":[-5.9940816,37.3866707]}},{"type":"Feature","properties":{"id_hdad":61,"hermandad":"La Resurrección","calle":"Calle Álvarez Quintero","osm":"Calle Álvarez Quintero"},"geometry":{"type":"Point","coordinates":[-5.9932735,37.3895303]}},{"type":"Feature","properties":{"id_hdad":61,"hermandad":"La Resurrección","calle":"Calle Argote de Molina","osm":"Calle Argote de Molina"},"geometry":{"type":"Point","coordinates":[-5.9911938,37.3885932]}},{"type":"Feature","properties":{"id_hdad":61,"hermandad":"La Resurrección","calle":"Calle Placentines","osm":"Calle Placentines"},"geometry":{"type":"Point","coordinates":[-5.9924834,37.3870654]}},{"type":"Feature","properties":{"id_hdad":61,"hermandad":"La Resurrección","calle":"Calle Francos","osm":"Calle Francos"},"geometry":{"type":"Point","coordinates":[-5.9927104,37.388333]}},{"type":"Feature","properties":{"id_hdad":61,"hermandad":"La Resurrección","calle":"Cuesta del Rosario","osm":"Calle Cuesta del Rosario"},"geometry":{"type":"Point","coordinates":[-5.991085,37.3897911]}},{"type":"Feature","properties":{"id_hdad":61,"hermandad":"La Resurrección","calle":"Calle Jesús de las Tres Caídas","osm":"Calle Jesús de las Tres Caídas"},"geometry":{"type":"Point","coordinates":[-5.990668,37.3899828]}},{"type":"Feature","properties":{"id_hdad":61,"hermandad":"La Resurrección","calle":"Calle Odreros","osm":"Calle Odreros"},"geometry":{"type":"Point","coordinates":[-5.9903819,37.3904418]}},{"type":"Feature","properties":{"id_hdad":61,"hermandad":"La Resurrección","calle":"Calle Boteros","osm":"Calle Boteros"},"geometry":{"type":"Point","coordinates":[-5.99075,37.3908772]}},{"type":"Feature","properties":{"id_hdad":61,"hermandad":"La Resurrección","calle":"Calle Sales y Ferré","osm":"Calle Sales y Ferré"},"geometry":{"type":"Point","coordinates":[-5.9901652,37.391109]}},{"type":"Feature","properties":{"id_hdad":61,"hermandad":"La Resurrección","calle":"Plaza del Cristo de Burgos","osm":"Plaza del Cristo de Burgos"},"geometry":{"type":"Point","coordinates":[-5.9895944,37.3919974]}},{"type":"Feature","properties":{"id_hdad":61,"hermandad":"La Resurrección","calle":"Calle Doña María Coronel","osm":"Calle Doña María Coronel"},"geometry":{"type":"Point","coordinates":[-5.988238,37.3948513]}},{"type":"Feature","properties":{"id_hdad":61,"hermandad":"La Resurrección","calle":"Calle Bustos Tavera","osm":"Calle Bustos Tavera"},"geometry":{"type":"Point","coordinates":[-5.9881136,37.3941815]}},{"type":"Feature","properties":{"id_hdad":61,"hermandad":"La Resurrección","calle":"Plaza de San Marcos","osm":"Plaza de San Marcos"},"geometry":{"type":"Point","coordinates":[-5.9878402,37.3961666]}},{"type":"Feature","properties":{"id_hdad":61,"hermandad":"La Resurrección","calle":"Calle San Luis","osm":"Calle San Luis"},"geometry":{"type":"Point","coordinates":[-5.989152,37.4024802]}}]}